time,actuator_1_input,actuator_2_input,actuator_3_input,base_pos_x,base_pos_y,base_pos_z,cs1_pos_x,cs1_pos_y,cs1_pos_z,cs2_pos_x,cs2_pos_y,cs2_pos_z,cs3_pos_x,cs3_pos_y,cs3_pos_z,cs4_pos_x,cs4_pos_y,cs4_pos_z,cs5_pos_x,cs5_pos_y,cs5_pos_z,cs6_pos_x,cs6_pos_y,cs6_pos_z,cs7_pos_x,cs7_pos_y,cs7_pos_z,cs8_pos_x,cs8_pos_y,cs8_pos_z,cs9_pos_x,cs9_pos_y,cs9_pos_z,cs10_pos_x,cs10_pos_y,cs10_pos_z,cs11_pos_x,cs11_pos_y,cs11_pos_z,cs12_pos_x,cs12_pos_y,cs12_pos_z,cs13_pos_x,cs13_pos_y,cs13_pos_z,cs14_pos_x,cs14_pos_y,cs14_pos_z,cs15_pos_x,cs15_pos_y,cs15_pos_z,cs16_pos_x,cs16_pos_y,cs16_pos_z,cs17_pos_x,cs17_pos_y,cs17_pos_z,cs18_pos_x,cs18_pos_y,cs18_pos_z,cs19_pos_x,cs19_pos_y,cs19_pos_z,cs20_pos_x,cs20_pos_y,cs20_pos_z,cs21_pos_x,cs21_pos_y,cs21_pos_z,cs22_pos_x,cs22_pos_y,cs22_pos_z,cs23_pos_x,cs23_pos_y,cs23_pos_z,cs24_pos_x,cs24_pos_y,cs24_pos_z,cs25_pos_x,cs25_pos_y,cs25_pos_z,cs26_pos_x,cs26_pos_y,cs26_pos_z,cs27_pos_x,cs27_pos_y,cs27_pos_z,cs28_pos_x,cs28_pos_y,cs28_pos_z,cs29_pos_x,cs29_pos_y,cs29_pos_z,cs30_pos_x,cs30_pos_y,cs30_pos_z,cs31_pos_x,cs31_pos_y,cs31_pos_z,cs32_pos_x,cs32_pos_y,cs32_pos_z,cs33_pos_x,cs33_pos_y,cs33_pos_z,cs34_pos_x,cs34_pos_y,cs34_pos_z,cs35_pos_x,cs35_pos_y,cs35_pos_z,cs36_pos_x,cs36_pos_y,cs36_pos_z,cs37_pos_x,cs37_pos_y,cs37_pos_z,cs38_pos_x,cs38_pos_y,cs38_pos_z,tip_pos_x,tip_pos_y,tip_pos_z
1770565167.7180102,0.0,0.0,0.0,0.0,0.0,0.0,1.9028569650474214e-07,0.0,-0.010019427447420957,3.787650387922092e-07,0.0,-0.020038854894876057,5.654380268623951e-07,0.0,-0.030058282342364975,7.503046607152937e-07,0.0,-0.04007770978988739,9.333649403508992e-07,0.0,-0.05009713723744297,1.1146188657692053e-06,0.0,-0.06011656468503138,1.2940664369702066e-06,0.0,-0.07013599213265233,1.4717076539538967e-06,0.0,-0.08015541958030545,1.6475425167202702e-06,0.0,-0.09017484702799043,1.8215710252693214e-06,0.0,-0.10019427447570696,1.993793179601044e-06,0.0,-0.11021370192345468,2.1642089797154337e-06,0.0,-0.1202331293712333,2.332818425612484e-06,0.0,-0.1302525568190425,2.4996215172921897e-06,0.0,-0.14027198426688192,2.664618254754545e-06,0.0,-0.15029141171475124,2.8278086379995448e-06,0.0,-0.16031083916265015,2.989192667027184e-06,0.0,-0.17033026661057832,3.148770341837457e-06,0.0,-0.1803496940585354,3.306541662430359e-06,0.0,-0.19036912150652113,3.4625066288058847e-06,0.0,-0.20038854895453515,3.6166652409640287e-06,0.0,-0.21040797640257708,3.7690174989047866e-06,0.0,-0.22042740385064666,3.9195634026281534e-06,0.0,-0.23044683129874355,4.068302952134124e-06,0.0,-0.2404662587468674,4.215236147422693e-06,0.0,-0.25048568619501793,4.360362988493856e-06,0.0,-0.2605051136431948,4.503683475347609e-06,0.0,-0.2705245410913976,4.645197607983946e-06,0.0,-0.28054396853962615,4.784905386402863e-06,0.0,-0.29056339598787995,4.922806810604356e-06,0.0,-0.30058282343615883,5.05890188058842e-06,0.0,-0.3106022508844624,5.1931905963550515e-06,0.0,-0.32062167833279037,5.325672957904245e-06,0.0,-0.3306411057811424,5.456348965235996e-06,0.0,-0.34066053322951817,5.585218618350301e-06,0.0,-0.3506799606779173,5.712281917247156e-06,0.0,-0.36069938812633945,5.837538861926556e-06,0.0,-0.3707188155747844,5.960989452388497e-06,0.0,-0.3807382430232518,6.082633688632976e-06,0.0,-0.3907576704717413
1770565167.8194323,0.0,0.0,0.0,0.0,0.0,0.0,1.9028569650474214e-07,0.0,-0.010019427447420957,3.787650387922092e-07,0.0,-0.020038854894876057,5.654380268623951e-07,0.0,-0.030058282342364975,7.503046607152937e-07,0.0,-0.04007770978988739,9.333649403508992e-07,0.0,-0.05009713723744297,1.1146188657692053e-06,0.0,-0.06011656468503138,1.2940664369702066e-06,0.0,-0.07013599213265233,1.4717076539538967e-06,0.0,-0.08015541958030545,1.6475425167202702e-06,0.0,-0.09017484702799043,1.8215710252693214e-06,0.0,-0.10019427447570696,1.993793179601044e-06,0.0,-0.11021370192345468,2.1642089797154337e-06,0.0,-0.1202331293712333,2.332818425612484e-06,0.0,-0.1302525568190425,2.4996215172921897e-06,0.0,-0.14027198426688192,2.664618254754545e-06,0.0,-0.15029141171475124,2.8278086379995448e-06,0.0,-0.16031083916265015,2.989192667027184e-06,0.0,-0.17033026661057832,3.148770341837457e-06,0.0,-0.1803496940585354,3.306541662430359e-06,0.0,-0.19036912150652113,3.4625066288058847e-06,0.0,-0.20038854895453515,3.6166652409640287e-06,0.0,-0.21040797640257708,3.7690174989047866e-06,0.0,-0.22042740385064666,3.9195634026281534e-06,0.0,-0.23044683129874355,4.068302952134124e-06,0.0,-0.2404662587468674,4.215236147422693e-06,0.0,-0.25048568619501793,4.360362988493856e-06,0.0,-0.2605051136431948,4.503683475347609e-06,0.0,-0.2705245410913976,4.645197607983946e-06,0.0,-0.28054396853962615,4.784905386402863e-06,0.0,-0.29056339598787995,4.922806810604356e-06,0.0,-0.30058282343615883,5.05890188058842e-06,0.0,-0.3106022508844624,5.1931905963550515e-06,0.0,-0.32062167833279037,5.325672957904245e-06,0.0,-0.3306411057811424,5.456348965235996e-06,0.0,-0.34066053322951817,5.585218618350301e-06,0.0,-0.3506799606779173,5.712281917247156e-06,0.0,-0.36069938812633945,5.837538861926556e-06,0.0,-0.3707188155747844,5.960989452388497e-06,0.0,-0.3807382430232518,6.082633688632976e-06,0.0,-0.3907576704717413
1770565167.9190197,0.0,0.0,0.0,0.0,0.0,0.0,1.9028569650474214e-07,0.0,-0.010019427447420957,3.787650387922092e-07,0.0,-0.020038854894876057,5.654380268623951e-07,0.0,-0.030058282342364975,7.503046607152937e-07,0.0,-0.04007770978988739,9.333649403508992e-07,0.0,-0.05009713723744297,1.1146188657692053e-06,0.0,-0.06011656468503138,1.2940664369702066e-06,0.0,-0.07013599213265233,1.4717076539538967e-06,0.0,-0.08015541958030545,1.6475425167202702e-06,0.0,-0.09017484702799043,1.8215710252693214e-06,0.0,-0.10019427447570696,1.993793179601044e-06,0.0,-0.11021370192345468,2.1642089797154337e-06,0.0,-0.1202331293712333,2.332818425612484e-06,0.0,-0.1302525568190425,2.4996215172921897e-06,0.0,-0.14027198426688192,2.664618254754545e-06,0.0,-0.15029141171475124,2.8278086379995448e-06,0.0,-0.16031083916265015,2.989192667027184e-06,0.0,-0.17033026661057832,3.148770341837457e-06,0.0,-0.1803496940585354,3.306541662430359e-06,0.0,-0.19036912150652113,3.4625066288058847e-06,0.0,-0.20038854895453515,3.6166652409640287e-06,0.0,-0.21040797640257708,3.7690174989047866e-06,0.0,-0.22042740385064666,3.9195634026281534e-06,0.0,-0.23044683129874355,4.068302952134124e-06,0.0,-0.2404662587468674,4.215236147422693e-06,0.0,-0.25048568619501793,4.360362988493856e-06,0.0,-0.2605051136431948,4.503683475347609e-06,0.0,-0.2705245410913976,4.645197607983946e-06,0.0,-0.28054396853962615,4.784905386402863e-06,0.0,-0.29056339598787995,4.922806810604356e-06,0.0,-0.30058282343615883,5.05890188058842e-06,0.0,-0.3106022508844624,5.1931905963550515e-06,0.0,-0.32062167833279037,5.325672957904245e-06,0.0,-0.3306411057811424,5.456348965235996e-06,0.0,-0.34066053322951817,5.585218618350301e-06,0.0,-0.3506799606779173,5.712281917247156e-06,0.0,-0.36069938812633945,5.837538861926556e-06,0.0,-0.3707188155747844,5.960989452388497e-06,0.0,-0.3807382430232518,6.082633688632976e-06,0.0,-0.3907576704717413
1770565168.0888147,0.0,0.0,0.0,0.0,0.0,0.0,1.9028569650474214e-07,0.0,-0.010019427447420957,3.787650387922092e-07,0.0,-0.020038854894876057,5.654380268623951e-07,0.0,-0.030058282342364975,7.503046607152937e-07,0.0,-0.04007770978988739,9.333649403508992e-07,0.0,-0.05009713723744297,1.1146188657692053e-06,0.0,-0.06011656468503138,1.2940664369702066e-06,0.0,-0.07013599213265233,1.4717076539538967e-06,0.0,-0.08015541958030545,1.6475425167202702e-06,0.0,-0.09017484702799043,1.8215710252693214e-06,0.0,-0.10019427447570696,1.993793179601044e-06,0.0,-0.11021370192345468,2.1642089797154337e-06,0.0,-0.1202331293712333,2.332818425612484e-06,0.0,-0.1302525568190425,2.4996215172921897e-06,0.0,-0.14027198426688192,2.664618254754545e-06,0.0,-0.15029141171475124,2.8278086379995448e-06,0.0,-0.16031083916265015,2.989192667027184e-06,0.0,-0.17033026661057832,3.148770341837457e-06,0.0,-0.1803496940585354,3.306541662430359e-06,0.0,-0.19036912150652113,3.4625066288058847e-06,0.0,-0.20038854895453515,3.6166652409640287e-06,0.0,-0.21040797640257708,3.7690174989047866e-06,0.0,-0.22042740385064666,3.9195634026281534e-06,0.0,-0.23044683129874355,4.068302952134124e-06,0.0,-0.2404662587468674,4.215236147422693e-06,0.0,-0.25048568619501793,4.360362988493856e-06,0.0,-0.2605051136431948,4.503683475347609e-06,0.0,-0.2705245410913976,4.645197607983946e-06,0.0,-0.28054396853962615,4.784905386402863e-06,0.0,-0.29056339598787995,4.922806810604356e-06,0.0,-0.30058282343615883,5.05890188058842e-06,0.0,-0.3106022508844624,5.1931905963550515e-06,0.0,-0.32062167833279037,5.325672957904245e-06,0.0,-0.3306411057811424,5.456348965235996e-06,0.0,-0.34066053322951817,5.585218618350301e-06,0.0,-0.3506799606779173,5.712281917247156e-06,0.0,-0.36069938812633945,5.837538861926556e-06,0.0,-0.3707188155747844,5.960989452388497e-06,0.0,-0.3807382430232518,6.082633688632976e-06,0.0,-0.3907576704717413
1770565168.1225178,0.0,0.0,0.0,0.0,0.0,0.0,1.9028569650474214e-07,0.0,-0.010019427447420957,3.787650387922092e-07,0.0,-0.020038854894876057,5.654380268623951e-07,0.0,-0.030058282342364975,7.503046607152937e-07,0.0,-0.04007770978988739,9.333649403508992e-07,0.0,-0.05009713723744297,1.1146188657692053e-06,0.0,-0.06011656468503138,1.2940664369702066e-06,0.0,-0.07013599213265233,1.4717076539538967e-06,0.0,-0.08015541958030545,1.6475425167202702e-06,0.0,-0.09017484702799043,1.8215710252693214e-06,0.0,-0.10019427447570696,1.993793179601044e-06,0.0,-0.11021370192345468,2.1642089797154337e-06,0.0,-0.1202331293712333,2.332818425612484e-06,0.0,-0.1302525568190425,2.4996215172921897e-06,0.0,-0.14027198426688192,2.664618254754545e-06,0.0,-0.15029141171475124,2.8278086379995448e-06,0.0,-0.16031083916265015,2.989192667027184e-06,0.0,-0.17033026661057832,3.148770341837457e-06,0.0,-0.1803496940585354,3.306541662430359e-06,0.0,-0.19036912150652113,3.4625066288058847e-06,0.0,-0.20038854895453515,3.6166652409640287e-06,0.0,-0.21040797640257708,3.7690174989047866e-06,0.0,-0.22042740385064666,3.9195634026281534e-06,0.0,-0.23044683129874355,4.068302952134124e-06,0.0,-0.2404662587468674,4.215236147422693e-06,0.0,-0.25048568619501793,4.360362988493856e-06,0.0,-0.2605051136431948,4.503683475347609e-06,0.0,-0.2705245410913976,4.645197607983946e-06,0.0,-0.28054396853962615,4.784905386402863e-06,0.0,-0.29056339598787995,4.922806810604356e-06,0.0,-0.30058282343615883,5.05890188058842e-06,0.0,-0.3106022508844624,5.1931905963550515e-06,0.0,-0.32062167833279037,5.325672957904245e-06,0.0,-0.3306411057811424,5.456348965235996e-06,0.0,-0.34066053322951817,5.585218618350301e-06,0.0,-0.3506799606779173,5.712281917247156e-06,0.0,-0.36069938812633945,5.837538861926556e-06,0.0,-0.3707188155747844,5.960989452388497e-06,0.0,-0.3807382430232518,6.082633688632976e-06,0.0,-0.3907576704717413
1770565168.222412,0.0,0.0,0.0,0.0,0.0,0.0,1.9028569650474214e-07,0.0,-0.010019427447420957,3.787650387922092e-07,0.0,-0.020038854894876057,5.654380268623951e-07,0.0,-0.030058282342364975,7.503046607152937e-07,0.0,-0.04007770978988739,9.333649403508992e-07,0.0,-0.05009713723744297,1.1146188657692053e-06,0.0,-0.06011656468503138,1.2940664369702066e-06,0.0,-0.07013599213265233,1.4717076539538967e-06,0.0,-0.08015541958030545,1.6475425167202702e-06,0.0,-0.09017484702799043,1.8215710252693214e-06,0.0,-0.10019427447570696,1.993793179601044e-06,0.0,-0.11021370192345468,2.1642089797154337e-06,0.0,-0.1202331293712333,2.332818425612484e-06,0.0,-0.1302525568190425,2.4996215172921897e-06,0.0,-0.14027198426688192,2.664618254754545e-06,0.0,-0.15029141171475124,2.8278086379995448e-06,0.0,-0.16031083916265015,2.989192667027184e-06,0.0,-0.17033026661057832,3.148770341837457e-06,0.0,-0.1803496940585354,3.306541662430359e-06,0.0,-0.19036912150652113,3.4625066288058847e-06,0.0,-0.20038854895453515,3.6166652409640287e-06,0.0,-0.21040797640257708,3.7690174989047866e-06,0.0,-0.22042740385064666,3.9195634026281534e-06,0.0,-0.23044683129874355,4.068302952134124e-06,0.0,-0.2404662587468674,4.215236147422693e-06,0.0,-0.25048568619501793,4.360362988493856e-06,0.0,-0.2605051136431948,4.503683475347609e-06,0.0,-0.2705245410913976,4.645197607983946e-06,0.0,-0.28054396853962615,4.784905386402863e-06,0.0,-0.29056339598787995,4.922806810604356e-06,0.0,-0.30058282343615883,5.05890188058842e-06,0.0,-0.3106022508844624,5.1931905963550515e-06,0.0,-0.32062167833279037,5.325672957904245e-06,0.0,-0.3306411057811424,5.456348965235996e-06,0.0,-0.34066053322951817,5.585218618350301e-06,0.0,-0.3506799606779173,5.712281917247156e-06,0.0,-0.36069938812633945,5.837538861926556e-06,0.0,-0.3707188155747844,5.960989452388497e-06,0.0,-0.3807382430232518,6.082633688632976e-06,0.0,-0.3907576704717413
1770565168.3165865,0.0,0.0,0.0,0.0,0.0,0.0,1.9028569650474214e-07,0.0,-0.010019427447420957,3.787650387922092e-07,0.0,-0.020038854894876057,5.654380268623951e-07,0.0,-0.030058282342364975,7.503046607152937e-07,0.0,-0.04007770978988739,9.333649403508992e-07,0.0,-0.05009713723744297,1.1146188657692053e-06,0.0,-0.06011656468503138,1.2940664369702066e-06,0.0,-0.07013599213265233,1.4717076539538967e-06,0.0,-0.08015541958030545,1.6475425167202702e-06,0.0,-0.09017484702799043,1.8215710252693214e-06,0.0,-0.10019427447570696,1.993793179601044e-06,0.0,-0.11021370192345468,2.1642089797154337e-06,0.0,-0.1202331293712333,2.332818425612484e-06,0.0,-0.1302525568190425,2.4996215172921897e-06,0.0,-0.14027198426688192,2.664618254754545e-06,0.0,-0.15029141171475124,2.8278086379995448e-06,0.0,-0.16031083916265015,2.989192667027184e-06,0.0,-0.17033026661057832,3.148770341837457e-06,0.0,-0.1803496940585354,3.306541662430359e-06,0.0,-0.19036912150652113,3.4625066288058847e-06,0.0,-0.20038854895453515,3.6166652409640287e-06,0.0,-0.21040797640257708,3.7690174989047866e-06,0.0,-0.22042740385064666,3.9195634026281534e-06,0.0,-0.23044683129874355,4.068302952134124e-06,0.0,-0.2404662587468674,4.215236147422693e-06,0.0,-0.25048568619501793,4.360362988493856e-06,0.0,-0.2605051136431948,4.503683475347609e-06,0.0,-0.2705245410913976,4.645197607983946e-06,0.0,-0.28054396853962615,4.784905386402863e-06,0.0,-0.29056339598787995,4.922806810604356e-06,0.0,-0.30058282343615883,5.05890188058842e-06,0.0,-0.3106022508844624,5.1931905963550515e-06,0.0,-0.32062167833279037,5.325672957904245e-06,0.0,-0.3306411057811424,5.456348965235996e-06,0.0,-0.34066053322951817,5.585218618350301e-06,0.0,-0.3506799606779173,5.712281917247156e-06,0.0,-0.36069938812633945,5.837538861926556e-06,0.0,-0.3707188155747844,5.960989452388497e-06,0.0,-0.3807382430232518,6.082633688632976e-06,0.0,-0.3907576704717413
1770565168.4221716,0.0,0.0,0.0,0.0,0.0,0.0,1.9028569650474214e-07,0.0,-0.010019427447420957,3.787650387922092e-07,0.0,-0.020038854894876057,5.654380268623951e-07,0.0,-0.030058282342364975,7.503046607152937e-07,0.0,-0.04007770978988739,9.333649403508992e-07,0.0,-0.05009713723744297,1.1146188657692053e-06,0.0,-0.06011656468503138,1.2940664369702066e-06,0.0,-0.07013599213265233,1.4717076539538967e-06,0.0,-0.08015541958030545,1.6475425167202702e-06,0.0,-0.09017484702799043,1.8215710252693214e-06,0.0,-0.10019427447570696,1.993793179601044e-06,0.0,-0.11021370192345468,2.1642089797154337e-06,0.0,-0.1202331293712333,2.332818425612484e-06,0.0,-0.1302525568190425,2.4996215172921897e-06,0.0,-0.14027198426688192,2.664618254754545e-06,0.0,-0.15029141171475124,2.8278086379995448e-06,0.0,-0.16031083916265015,2.989192667027184e-06,0.0,-0.17033026661057832,3.148770341837457e-06,0.0,-0.1803496940585354,3.306541662430359e-06,0.0,-0.19036912150652113,3.4625066288058847e-06,0.0,-0.20038854895453515,3.6166652409640287e-06,0.0,-0.21040797640257708,3.7690174989047866e-06,0.0,-0.22042740385064666,3.9195634026281534e-06,0.0,-0.23044683129874355,4.068302952134124e-06,0.0,-0.2404662587468674,4.215236147422693e-06,0.0,-0.25048568619501793,4.360362988493856e-06,0.0,-0.2605051136431948,4.503683475347609e-06,0.0,-0.2705245410913976,4.645197607983946e-06,0.0,-0.28054396853962615,4.784905386402863e-06,0.0,-0.29056339598787995,4.922806810604356e-06,0.0,-0.30058282343615883,5.05890188058842e-06,0.0,-0.3106022508844624,5.1931905963550515e-06,0.0,-0.32062167833279037,5.325672957904245e-06,0.0,-0.3306411057811424,5.456348965235996e-06,0.0,-0.34066053322951817,5.585218618350301e-06,0.0,-0.3506799606779173,5.712281917247156e-06,0.0,-0.36069938812633945,5.837538861926556e-06,0.0,-0.3707188155747844,5.960989452388497e-06,0.0,-0.3807382430232518,6.082633688632976e-06,0.0,-0.3907576704717413
1770565168.5363545,0.0,0.0,0.0,0.0,0.0,0.0,1.9028569650474214e-07,0.0,-0.010019427447420957,3.787650387922092e-07,0.0,-0.020038854894876057,5.654380268623951e-07,0.0,-0.030058282342364975,7.503046607152937e-07,0.0,-0.04007770978988739,9.333649403508992e-07,0.0,-0.05009713723744297,1.1146188657692053e-06,0.0,-0.06011656468503138,1.2940664369702066e-06,0.0,-0.07013599213265233,1.4717076539538967e-06,0.0,-0.08015541958030545,1.6475425167202702e-06,0.0,-0.09017484702799043,1.8215710252693214e-06,0.0,-0.10019427447570696,1.993793179601044e-06,0.0,-0.11021370192345468,2.1642089797154337e-06,0.0,-0.1202331293712333,2.332818425612484e-06,0.0,-0.1302525568190425,2.4996215172921897e-06,0.0,-0.14027198426688192,2.664618254754545e-06,0.0,-0.15029141171475124,2.8278086379995448e-06,0.0,-0.16031083916265015,2.989192667027184e-06,0.0,-0.17033026661057832,3.148770341837457e-06,0.0,-0.1803496940585354,3.306541662430359e-06,0.0,-0.19036912150652113,3.4625066288058847e-06,0.0,-0.20038854895453515,3.6166652409640287e-06,0.0,-0.21040797640257708,3.7690174989047866e-06,0.0,-0.22042740385064666,3.9195634026281534e-06,0.0,-0.23044683129874355,4.068302952134124e-06,0.0,-0.2404662587468674,4.215236147422693e-06,0.0,-0.25048568619501793,4.360362988493856e-06,0.0,-0.2605051136431948,4.503683475347609e-06,0.0,-0.2705245410913976,4.645197607983946e-06,0.0,-0.28054396853962615,4.784905386402863e-06,0.0,-0.29056339598787995,4.922806810604356e-06,0.0,-0.30058282343615883,5.05890188058842e-06,0.0,-0.3106022508844624,5.1931905963550515e-06,0.0,-0.32062167833279037,5.325672957904245e-06,0.0,-0.3306411057811424,5.456348965235996e-06,0.0,-0.34066053322951817,5.585218618350301e-06,0.0,-0.3506799606779173,5.712281917247156e-06,0.0,-0.36069938812633945,5.837538861926556e-06,0.0,-0.3707188155747844,5.960989452388497e-06,0.0,-0.3807382430232518,6.082633688632976e-06,0.0,-0.3907576704717413
1770565168.62182,0.0,0.0,0.0,0.0,0.0,0.0,1.9028569650474214e-07,0.0,-0.010019427447420957,3.787650387922092e-07,0.0,-0.020038854894876057,5.654380268623951e-07,0.0,-0.030058282342364975,7.503046607152937e-07,0.0,-0.04007770978988739,9.333649403508992e-07,0.0,-0.05009713723744297,1.1146188657692053e-06,0.0,-0.06011656468503138,1.2940664369702066e-06,0.0,-0.07013599213265233,1.4717076539538967e-06,0.0,-0.08015541958030545,1.6475425167202702e-06,0.0,-0.09017484702799043,1.8215710252693214e-06,0.0,-0.10019427447570696,1.993793179601044e-06,0.0,-0.11021370192345468,2.1642089797154337e-06,0.0,-0.1202331293712333,2.332818425612484e-06,0.0,-0.1302525568190425,2.4996215172921897e-06,0.0,-0.14027198426688192,2.664618254754545e-06,0.0,-0.15029141171475124,2.8278086379995448e-06,0.0,-0.16031083916265015,2.989192667027184e-06,0.0,-0.17033026661057832,3.148770341837457e-06,0.0,-0.1803496940585354,3.306541662430359e-06,0.0,-0.19036912150652113,3.4625066288058847e-06,0.0,-0.20038854895453515,3.6166652409640287e-06,0.0,-0.21040797640257708,3.7690174989047866e-06,0.0,-0.22042740385064666,3.9195634026281534e-06,0.0,-0.23044683129874355,4.068302952134124e-06,0.0,-0.2404662587468674,4.215236147422693e-06,0.0,-0.25048568619501793,4.360362988493856e-06,0.0,-0.2605051136431948,4.503683475347609e-06,0.0,-0.2705245410913976,4.645197607983946e-06,0.0,-0.28054396853962615,4.784905386402863e-06,0.0,-0.29056339598787995,4.922806810604356e-06,0.0,-0.30058282343615883,5.05890188058842e-06,0.0,-0.3106022508844624,5.1931905963550515e-06,0.0,-0.32062167833279037,5.325672957904245e-06,0.0,-0.3306411057811424,5.456348965235996e-06,0.0,-0.34066053322951817,5.585218618350301e-06,0.0,-0.3506799606779173,5.712281917247156e-06,0.0,-0.36069938812633945,5.837538861926556e-06,0.0,-0.3707188155747844,5.960989452388497e-06,0.0,-0.3807382430232518,6.082633688632976e-06,0.0,-0.3907576704717413
1770565168.7227216,0.0,0.0,0.0,0.0,0.0,0.0,1.9028569650474214e-07,0.0,-0.010019427447420957,3.787650387922092e-07,0.0,-0.020038854894876057,5.654380268623951e-07,0.0,-0.030058282342364975,7.503046607152937e-07,0.0,-0.04007770978988739,9.333649403508992e-07,0.0,-0.05009713723744297,1.1146188657692053e-06,0.0,-0.06011656468503138,1.2940664369702066e-06,0.0,-0.07013599213265233,1.4717076539538967e-06,0.0,-0.08015541958030545,1.6475425167202702e-06,0.0,-0.09017484702799043,1.8215710252693214e-06,0.0,-0.10019427447570696,1.993793179601044e-06,0.0,-0.11021370192345468,2.1642089797154337e-06,0.0,-0.1202331293712333,2.332818425612484e-06,0.0,-0.1302525568190425,2.4996215172921897e-06,0.0,-0.14027198426688192,2.664618254754545e-06,0.0,-0.15029141171475124,2.8278086379995448e-06,0.0,-0.16031083916265015,2.989192667027184e-06,0.0,-0.17033026661057832,3.148770341837457e-06,0.0,-0.1803496940585354,3.306541662430359e-06,0.0,-0.19036912150652113,3.4625066288058847e-06,0.0,-0.20038854895453515,3.6166652409640287e-06,0.0,-0.21040797640257708,3.7690174989047866e-06,0.0,-0.22042740385064666,3.9195634026281534e-06,0.0,-0.23044683129874355,4.068302952134124e-06,0.0,-0.2404662587468674,4.215236147422693e-06,0.0,-0.25048568619501793,4.360362988493856e-06,0.0,-0.2605051136431948,4.503683475347609e-06,0.0,-0.2705245410913976,4.645197607983946e-06,0.0,-0.28054396853962615,4.784905386402863e-06,0.0,-0.29056339598787995,4.922806810604356e-06,0.0,-0.30058282343615883,5.05890188058842e-06,0.0,-0.3106022508844624,5.1931905963550515e-06,0.0,-0.32062167833279037,5.325672957904245e-06,0.0,-0.3306411057811424,5.456348965235996e-06,0.0,-0.34066053322951817,5.585218618350301e-06,0.0,-0.3506799606779173,5.712281917247156e-06,0.0,-0.36069938812633945,5.837538861926556e-06,0.0,-0.3707188155747844,5.960989452388497e-06,0.0,-0.3807382430232518,6.082633688632976e-06,0.0,-0.3907576704717413
1770565168.8165445,0.0,0.0,0.0,0.0,0.0,0.0,1.9028569650474214e-07,0.0,-0.010019427447420957,3.787650387922092e-07,0.0,-0.020038854894876057,5.654380268623951e-07,0.0,-0.030058282342364975,7.503046607152937e-07,0.0,-0.04007770978988739,9.333649403508992e-07,0.0,-0.05009713723744297,1.1146188657692053e-06,0.0,-0.06011656468503138,1.2940664369702066e-06,0.0,-0.07013599213265233,1.4717076539538967e-06,0.0,-0.08015541958030545,1.6475425167202702e-06,0.0,-0.09017484702799043,1.8215710252693214e-06,0.0,-0.10019427447570696,1.993793179601044e-06,0.0,-0.11021370192345468,2.1642089797154337e-06,0.0,-0.1202331293712333,2.332818425612484e-06,0.0,-0.1302525568190425,2.4996215172921897e-06,0.0,-0.14027198426688192,2.664618254754545e-06,0.0,-0.15029141171475124,2.8278086379995448e-06,0.0,-0.16031083916265015,2.989192667027184e-06,0.0,-0.17033026661057832,3.148770341837457e-06,0.0,-0.1803496940585354,3.306541662430359e-06,0.0,-0.19036912150652113,3.4625066288058847e-06,0.0,-0.20038854895453515,3.6166652409640287e-06,0.0,-0.21040797640257708,3.7690174989047866e-06,0.0,-0.22042740385064666,3.9195634026281534e-06,0.0,-0.23044683129874355,4.068302952134124e-06,0.0,-0.2404662587468674,4.215236147422693e-06,0.0,-0.25048568619501793,4.360362988493856e-06,0.0,-0.2605051136431948,4.503683475347609e-06,0.0,-0.2705245410913976,4.645197607983946e-06,0.0,-0.28054396853962615,4.784905386402863e-06,0.0,-0.29056339598787995,4.922806810604356e-06,0.0,-0.30058282343615883,5.05890188058842e-06,0.0,-0.3106022508844624,5.1931905963550515e-06,0.0,-0.32062167833279037,5.325672957904245e-06,0.0,-0.3306411057811424,5.456348965235996e-06,0.0,-0.34066053322951817,5.585218618350301e-06,0.0,-0.3506799606779173,5.712281917247156e-06,0.0,-0.36069938812633945,5.837538861926556e-06,0.0,-0.3707188155747844,5.960989452388497e-06,0.0,-0.3807382430232518,6.082633688632976e-06,0.0,-0.3907576704717413
1770565168.9134023,0.0,0.0,0.0,0.0,0.0,0.0,1.9028569650474214e-07,0.0,-0.010019427447420957,3.787650387922092e-07,0.0,-0.020038854894876057,5.654380268623951e-07,0.0,-0.030058282342364975,7.503046607152937e-07,0.0,-0.04007770978988739,9.333649403508992e-07,0.0,-0.05009713723744297,1.1146188657692053e-06,0.0,-0.06011656468503138,1.2940664369702066e-06,0.0,-0.07013599213265233,1.4717076539538967e-06,0.0,-0.08015541958030545,1.6475425167202702e-06,0.0,-0.09017484702799043,1.8215710252693214e-06,0.0,-0.10019427447570696,1.993793179601044e-06,0.0,-0.11021370192345468,2.1642089797154337e-06,0.0,-0.1202331293712333,2.332818425612484e-06,0.0,-0.1302525568190425,2.4996215172921897e-06,0.0,-0.14027198426688192,2.664618254754545e-06,0.0,-0.15029141171475124,2.8278086379995448e-06,0.0,-0.16031083916265015,2.989192667027184e-06,0.0,-0.17033026661057832,3.148770341837457e-06,0.0,-0.1803496940585354,3.306541662430359e-06,0.0,-0.19036912150652113,3.4625066288058847e-06,0.0,-0.20038854895453515,3.6166652409640287e-06,0.0,-0.21040797640257708,3.7690174989047866e-06,0.0,-0.22042740385064666,3.9195634026281534e-06,0.0,-0.23044683129874355,4.068302952134124e-06,0.0,-0.2404662587468674,4.215236147422693e-06,0.0,-0.25048568619501793,4.360362988493856e-06,0.0,-0.2605051136431948,4.503683475347609e-06,0.0,-0.2705245410913976,4.645197607983946e-06,0.0,-0.28054396853962615,4.784905386402863e-06,0.0,-0.29056339598787995,4.922806810604356e-06,0.0,-0.30058282343615883,5.05890188058842e-06,0.0,-0.3106022508844624,5.1931905963550515e-06,0.0,-0.32062167833279037,5.325672957904245e-06,0.0,-0.3306411057811424,5.456348965235996e-06,0.0,-0.34066053322951817,5.585218618350301e-06,0.0,-0.3506799606779173,5.712281917247156e-06,0.0,-0.36069938812633945,5.837538861926556e-06,0.0,-0.3707188155747844,5.960989452388497e-06,0.0,-0.3807382430232518,6.082633688632976e-06,0.0,-0.3907576704717413
1770565169.0267835,0.0,0.0,0.0,0.0,0.0,0.0,1.9028569650474214e-07,0.0,-0.010019427447420957,3.787650387922092e-07,0.0,-0.020038854894876057,5.654380268623951e-07,0.0,-0.030058282342364975,7.503046607152937e-07,0.0,-0.04007770978988739,9.333649403508992e-07,0.0,-0.05009713723744297,1.1146188657692053e-06,0.0,-0.06011656468503138,1.2940664369702066e-06,0.0,-0.07013599213265233,1.4717076539538967e-06,0.0,-0.08015541958030545,1.6475425167202702e-06,0.0,-0.09017484702799043,1.8215710252693214e-06,0.0,-0.10019427447570696,1.993793179601044e-06,0.0,-0.11021370192345468,2.1642089797154337e-06,0.0,-0.1202331293712333,2.332818425612484e-06,0.0,-0.1302525568190425,2.4996215172921897e-06,0.0,-0.14027198426688192,2.664618254754545e-06,0.0,-0.15029141171475124,2.8278086379995448e-06,0.0,-0.16031083916265015,2.989192667027184e-06,0.0,-0.17033026661057832,3.148770341837457e-06,0.0,-0.1803496940585354,3.306541662430359e-06,0.0,-0.19036912150652113,3.4625066288058847e-06,0.0,-0.20038854895453515,3.6166652409640287e-06,0.0,-0.21040797640257708,3.7690174989047866e-06,0.0,-0.22042740385064666,3.9195634026281534e-06,0.0,-0.23044683129874355,4.068302952134124e-06,0.0,-0.2404662587468674,4.215236147422693e-06,0.0,-0.25048568619501793,4.360362988493856e-06,0.0,-0.2605051136431948,4.503683475347609e-06,0.0,-0.2705245410913976,4.645197607983946e-06,0.0,-0.28054396853962615,4.784905386402863e-06,0.0,-0.29056339598787995,4.922806810604356e-06,0.0,-0.30058282343615883,5.05890188058842e-06,0.0,-0.3106022508844624,5.1931905963550515e-06,0.0,-0.32062167833279037,5.325672957904245e-06,0.0,-0.3306411057811424,5.456348965235996e-06,0.0,-0.34066053322951817,5.585218618350301e-06,0.0,-0.3506799606779173,5.712281917247156e-06,0.0,-0.36069938812633945,5.837538861926556e-06,0.0,-0.3707188155747844,5.960989452388497e-06,0.0,-0.3807382430232518,6.082633688632976e-06,0.0,-0.3907576704717413
1770565169.1222825,0.0,0.0,0.0,0.0,0.0,0.0,1.9028569650474214e-07,0.0,-0.010019427447420957,3.787650387922092e-07,0.0,-0.020038854894876057,5.654380268623951e-07,0.0,-0.030058282342364975,7.503046607152937e-07,0.0,-0.04007770978988739,9.333649403508992e-07,0.0,-0.05009713723744297,1.1146188657692053e-06,0.0,-0.06011656468503138,1.2940664369702066e-06,0.0,-0.07013599213265233,1.4717076539538967e-06,0.0,-0.08015541958030545,1.6475425167202702e-06,0.0,-0.09017484702799043,1.8215710252693214e-06,0.0,-0.10019427447570696,1.993793179601044e-06,0.0,-0.11021370192345468,2.1642089797154337e-06,0.0,-0.1202331293712333,2.332818425612484e-06,0.0,-0.1302525568190425,2.4996215172921897e-06,0.0,-0.14027198426688192,2.664618254754545e-06,0.0,-0.15029141171475124,2.8278086379995448e-06,0.0,-0.16031083916265015,2.989192667027184e-06,0.0,-0.17033026661057832,3.148770341837457e-06,0.0,-0.1803496940585354,3.306541662430359e-06,0.0,-0.19036912150652113,3.4625066288058847e-06,0.0,-0.20038854895453515,3.6166652409640287e-06,0.0,-0.21040797640257708,3.7690174989047866e-06,0.0,-0.22042740385064666,3.9195634026281534e-06,0.0,-0.23044683129874355,4.068302952134124e-06,0.0,-0.2404662587468674,4.215236147422693e-06,0.0,-0.25048568619501793,4.360362988493856e-06,0.0,-0.2605051136431948,4.503683475347609e-06,0.0,-0.2705245410913976,4.645197607983946e-06,0.0,-0.28054396853962615,4.784905386402863e-06,0.0,-0.29056339598787995,4.922806810604356e-06,0.0,-0.30058282343615883,5.05890188058842e-06,0.0,-0.3106022508844624,5.1931905963550515e-06,0.0,-0.32062167833279037,5.325672957904245e-06,0.0,-0.3306411057811424,5.456348965235996e-06,0.0,-0.34066053322951817,5.585218618350301e-06,0.0,-0.3506799606779173,5.712281917247156e-06,0.0,-0.36069938812633945,5.837538861926556e-06,0.0,-0.3707188155747844,5.960989452388497e-06,0.0,-0.3807382430232518,6.082633688632976e-06,0.0,-0.3907576704717413
1770565169.222918,0.0,0.0,0.0,0.0,0.0,0.0,1.9028569650474214e-07,0.0,-0.010019427447420957,3.787650387922092e-07,0.0,-0.020038854894876057,5.654380268623951e-07,0.0,-0.030058282342364975,7.503046607152937e-07,0.0,-0.04007770978988739,9.333649403508992e-07,0.0,-0.05009713723744297,1.1146188657692053e-06,0.0,-0.06011656468503138,1.2940664369702066e-06,0.0,-0.07013599213265233,1.4717076539538967e-06,0.0,-0.08015541958030545,1.6475425167202702e-06,0.0,-0.09017484702799043,1.8215710252693214e-06,0.0,-0.10019427447570696,1.993793179601044e-06,0.0,-0.11021370192345468,2.1642089797154337e-06,0.0,-0.1202331293712333,2.332818425612484e-06,0.0,-0.1302525568190425,2.4996215172921897e-06,0.0,-0.14027198426688192,2.664618254754545e-06,0.0,-0.15029141171475124,2.8278086379995448e-06,0.0,-0.16031083916265015,2.989192667027184e-06,0.0,-0.17033026661057832,3.148770341837457e-06,0.0,-0.1803496940585354,3.306541662430359e-06,0.0,-0.19036912150652113,3.4625066288058847e-06,0.0,-0.20038854895453515,3.6166652409640287e-06,0.0,-0.21040797640257708,3.7690174989047866e-06,0.0,-0.22042740385064666,3.9195634026281534e-06,0.0,-0.23044683129874355,4.068302952134124e-06,0.0,-0.2404662587468674,4.215236147422693e-06,0.0,-0.25048568619501793,4.360362988493856e-06,0.0,-0.2605051136431948,4.503683475347609e-06,0.0,-0.2705245410913976,4.645197607983946e-06,0.0,-0.28054396853962615,4.784905386402863e-06,0.0,-0.29056339598787995,4.922806810604356e-06,0.0,-0.30058282343615883,5.05890188058842e-06,0.0,-0.3106022508844624,5.1931905963550515e-06,0.0,-0.32062167833279037,5.325672957904245e-06,0.0,-0.3306411057811424,5.456348965235996e-06,0.0,-0.34066053322951817,5.585218618350301e-06,0.0,-0.3506799606779173,5.712281917247156e-06,0.0,-0.36069938812633945,5.837538861926556e-06,0.0,-0.3707188155747844,5.960989452388497e-06,0.0,-0.3807382430232518,6.082633688632976e-06,0.0,-0.3907576704717413
1770565169.3146799,0.0,0.0,0.0,0.0,0.0,0.0,1.9028569650474214e-07,0.0,-0.010019427447420957,3.787650387922092e-07,0.0,-0.020038854894876057,5.654380268623951e-07,0.0,-0.030058282342364975,7.503046607152937e-07,0.0,-0.04007770978988739,9.333649403508992e-07,0.0,-0.05009713723744297,1.1146188657692053e-06,0.0,-0.06011656468503138,1.2940664369702066e-06,0.0,-0.07013599213265233,1.4717076539538967e-06,0.0,-0.08015541958030545,1.6475425167202702e-06,0.0,-0.09017484702799043,1.8215710252693214e-06,0.0,-0.10019427447570696,1.993793179601044e-06,0.0,-0.11021370192345468,2.1642089797154337e-06,0.0,-0.1202331293712333,2.332818425612484e-06,0.0,-0.1302525568190425,2.4996215172921897e-06,0.0,-0.14027198426688192,2.664618254754545e-06,0.0,-0.15029141171475124,2.8278086379995448e-06,0.0,-0.16031083916265015,2.989192667027184e-06,0.0,-0.17033026661057832,3.148770341837457e-06,0.0,-0.1803496940585354,3.306541662430359e-06,0.0,-0.19036912150652113,3.4625066288058847e-06,0.0,-0.20038854895453515,3.6166652409640287e-06,0.0,-0.21040797640257708,3.7690174989047866e-06,0.0,-0.22042740385064666,3.9195634026281534e-06,0.0,-0.23044683129874355,4.068302952134124e-06,0.0,-0.2404662587468674,4.215236147422693e-06,0.0,-0.25048568619501793,4.360362988493856e-06,0.0,-0.2605051136431948,4.503683475347609e-06,0.0,-0.2705245410913976,4.645197607983946e-06,0.0,-0.28054396853962615,4.784905386402863e-06,0.0,-0.29056339598787995,4.922806810604356e-06,0.0,-0.30058282343615883,5.05890188058842e-06,0.0,-0.3106022508844624,5.1931905963550515e-06,0.0,-0.32062167833279037,5.325672957904245e-06,0.0,-0.3306411057811424,5.456348965235996e-06,0.0,-0.34066053322951817,5.585218618350301e-06,0.0,-0.3506799606779173,5.712281917247156e-06,0.0,-0.36069938812633945,5.837538861926556e-06,0.0,-0.3707188155747844,5.960989452388497e-06,0.0,-0.3807382430232518,6.082633688632976e-06,0.0,-0.3907576704717413
1770565169.421179,0.0,0.0,0.0,0.0,0.0,0.0,1.9028569650474214e-07,0.0,-0.010019427447420957,3.787650387922092e-07,0.0,-0.020038854894876057,5.654380268623951e-07,0.0,-0.030058282342364975,7.503046607152937e-07,0.0,-0.04007770978988739,9.333649403508992e-07,0.0,-0.05009713723744297,1.1146188657692053e-06,0.0,-0.06011656468503138,1.2940664369702066e-06,0.0,-0.07013599213265233,1.4717076539538967e-06,0.0,-0.08015541958030545,1.6475425167202702e-06,0.0,-0.09017484702799043,1.8215710252693214e-06,0.0,-0.10019427447570696,1.993793179601044e-06,0.0,-0.11021370192345468,2.1642089797154337e-06,0.0,-0.1202331293712333,2.332818425612484e-06,0.0,-0.1302525568190425,2.4996215172921897e-06,0.0,-0.14027198426688192,2.664618254754545e-06,0.0,-0.15029141171475124,2.8278086379995448e-06,0.0,-0.16031083916265015,2.989192667027184e-06,0.0,-0.17033026661057832,3.148770341837457e-06,0.0,-0.1803496940585354,3.306541662430359e-06,0.0,-0.19036912150652113,3.4625066288058847e-06,0.0,-0.20038854895453515,3.6166652409640287e-06,0.0,-0.21040797640257708,3.7690174989047866e-06,0.0,-0.22042740385064666,3.9195634026281534e-06,0.0,-0.23044683129874355,4.068302952134124e-06,0.0,-0.2404662587468674,4.215236147422693e-06,0.0,-0.25048568619501793,4.360362988493856e-06,0.0,-0.2605051136431948,4.503683475347609e-06,0.0,-0.2705245410913976,4.645197607983946e-06,0.0,-0.28054396853962615,4.784905386402863e-06,0.0,-0.29056339598787995,4.922806810604356e-06,0.0,-0.30058282343615883,5.05890188058842e-06,0.0,-0.3106022508844624,5.1931905963550515e-06,0.0,-0.32062167833279037,5.325672957904245e-06,0.0,-0.3306411057811424,5.456348965235996e-06,0.0,-0.34066053322951817,5.585218618350301e-06,0.0,-0.3506799606779173,5.712281917247156e-06,0.0,-0.36069938812633945,5.837538861926556e-06,0.0,-0.3707188155747844,5.960989452388497e-06,0.0,-0.3807382430232518,6.082633688632976e-06,0.0,-0.3907576704717413
1770565169.81277,0.2858993411064148,0.31525692343711853,0.15557543828173445,0.0,0.0,0.0,1.9028569650474214e-07,0.0,-0.010019427447420957,3.787650387922092e-07,0.0,-0.020038854894876057,5.654380268623951e-07,0.0,-0.030058282342364975,7.503046607152937e-07,0.0,-0.04007770978988739,9.333649403508992e-07,0.0,-0.05009713723744297,1.1146188657692053e-06,0.0,-0.06011656468503138,1.2940664369702066e-06,0.0,-0.07013599213265233,1.4717076539538967e-06,0.0,-0.08015541958030545,1.6475425167202702e-06,0.0,-0.09017484702799043,1.8215710252693214e-06,0.0,-0.10019427447570696,1.993793179601044e-06,0.0,-0.11021370192345468,2.1642089797154337e-06,0.0,-0.1202331293712333,2.332818425612484e-06,0.0,-0.1302525568190425,2.4996215172921897e-06,0.0,-0.14027198426688192,2.664618254754545e-06,0.0,-0.15029141171475124,2.8278086379995448e-06,0.0,-0.16031083916265015,2.989192667027184e-06,0.0,-0.17033026661057832,3.148770341837457e-06,0.0,-0.1803496940585354,3.306541662430359e-06,0.0,-0.19036912150652113,3.4625066288058847e-06,0.0,-0.20038854895453515,3.6166652409640287e-06,0.0,-0.21040797640257708,3.7690174989047866e-06,0.0,-0.22042740385064666,3.9195634026281534e-06,0.0,-0.23044683129874355,4.068302952134124e-06,0.0,-0.2404662587468674,4.215236147422693e-06,0.0,-0.25048568619501793,4.360362988493856e-06,0.0,-0.2605051136431948,4.503683475347609e-06,0.0,-0.2705245410913976,4.645197607983946e-06,0.0,-0.28054396853962615,4.784905386402863e-06,0.0,-0.29056339598787995,4.922806810604356e-06,0.0,-0.30058282343615883,5.05890188058842e-06,0.0,-0.3106022508844624,5.1931905963550515e-06,0.0,-0.32062167833279037,5.325672957904245e-06,0.0,-0.3306411057811424,5.456348965235996e-06,0.0,-0.34066053322951817,5.585218618350301e-06,0.0,-0.3506799606779173,5.712281917247156e-06,0.0,-0.36069938812633945,5.837538861926556e-06,0.0,-0.3707188155747844,5.960989452388497e-06,0.0,-0.3807382430232518,6.082633688632976e-06,0.0,-0.3907576704717413
1770565169.8713562,0.41029590368270874,0.28692930936813354,0.0,0.0,0.0,0.0,1.9028569650474214e-07,0.0,-0.010019427447420957,3.787650387922092e-07,0.0,-0.020038854894876057,5.654380268623951e-07,0.0,-0.030058282342364975,7.503046607152937e-07,0.0,-0.04007770978988739,9.333649403508992e-07,0.0,-0.05009713723744297,1.1146188657692053e-06,0.0,-0.06011656468503138,1.2940664369702066e-06,0.0,-0.07013599213265233,1.4717076539538967e-06,0.0,-0.08015541958030545,1.6475425167202702e-06,0.0,-0.09017484702799043,1.8215710252693214e-06,0.0,-0.10019427447570696,1.993793179601044e-06,0.0,-0.11021370192345468,2.1642089797154337e-06,0.0,-0.1202331293712333,2.332818425612484e-06,0.0,-0.1302525568190425,2.4996215172921897e-06,0.0,-0.14027198426688192,2.664618254754545e-06,0.0,-0.15029141171475124,2.8278086379995448e-06,0.0,-0.16031083916265015,2.989192667027184e-06,0.0,-0.17033026661057832,3.148770341837457e-06,0.0,-0.1803496940585354,3.306541662430359e-06,0.0,-0.19036912150652113,3.4625066288058847e-06,0.0,-0.20038854895453515,3.6166652409640287e-06,0.0,-0.21040797640257708,3.7690174989047866e-06,0.0,-0.22042740385064666,3.9195634026281534e-06,0.0,-0.23044683129874355,4.068302952134124e-06,0.0,-0.2404662587468674,4.215236147422693e-06,0.0,-0.25048568619501793,4.360362988493856e-06,0.0,-0.2605051136431948,4.503683475347609e-06,0.0,-0.2705245410913976,4.645197607983946e-06,0.0,-0.28054396853962615,4.784905386402863e-06,0.0,-0.29056339598787995,4.922806810604356e-06,0.0,-0.30058282343615883,5.05890188058842e-06,0.0,-0.3106022508844624,5.1931905963550515e-06,0.0,-0.32062167833279037,5.325672957904245e-06,0.0,-0.3306411057811424,5.456348965235996e-06,0.0,-0.34066053322951817,5.585218618350301e-06,0.0,-0.3506799606779173,5.712281917247156e-06,0.0,-0.36069938812633945,5.837538861926556e-06,0.0,-0.3707188155747844,5.960989452388497e-06,0.0,-0.3807382430232518,6.082633688632976e-06,0.0,-0.3907576704717413
1770565169.8998668,0.6790945529937744,0.503021813929081,0.0,0.0,0.0,0.0,1.9028569650474214e-07,0.0,-0.010019427447420957,3.787650387922092e-07,0.0,-0.020038854894876057,5.654380268623951e-07,0.0,-0.030058282342364975,7.503046607152937e-07,0.0,-0.04007770978988739,9.333649403508992e-07,0.0,-0.05009713723744297,1.1146188657692053e-06,0.0,-0.06011656468503138,1.2940664369702066e-06,0.0,-0.07013599213265233,1.4717076539538967e-06,0.0,-0.08015541958030545,1.6475425167202702e-06,0.0,-0.09017484702799043,1.8215710252693214e-06,0.0,-0.10019427447570696,1.993793179601044e-06,0.0,-0.11021370192345468,2.1642089797154337e-06,0.0,-0.1202331293712333,2.332818425612484e-06,0.0,-0.1302525568190425,2.4996215172921897e-06,0.0,-0.14027198426688192,2.664618254754545e-06,0.0,-0.15029141171475124,2.8278086379995448e-06,0.0,-0.16031083916265015,2.989192667027184e-06,0.0,-0.17033026661057832,3.148770341837457e-06,0.0,-0.1803496940585354,3.306541662430359e-06,0.0,-0.19036912150652113,3.4625066288058847e-06,0.0,-0.20038854895453515,3.6166652409640287e-06,0.0,-0.21040797640257708,3.7690174989047866e-06,0.0,-0.22042740385064666,3.9195634026281534e-06,0.0,-0.23044683129874355,4.068302952134124e-06,0.0,-0.2404662587468674,4.215236147422693e-06,0.0,-0.25048568619501793,4.360362988493856e-06,0.0,-0.2605051136431948,4.503683475347609e-06,0.0,-0.2705245410913976,4.645197607983946e-06,0.0,-0.28054396853962615,4.784905386402863e-06,0.0,-0.29056339598787995,4.922806810604356e-06,0.0,-0.30058282343615883,5.05890188058842e-06,0.0,-0.3106022508844624,5.1931905963550515e-06,0.0,-0.32062167833279037,5.325672957904245e-06,0.0,-0.3306411057811424,5.456348965235996e-06,0.0,-0.34066053322951817,5.585218618350301e-06,0.0,-0.3506799606779173,5.712281917247156e-06,0.0,-0.36069938812633945,5.837538861926556e-06,0.0,-0.3707188155747844,5.960989452388497e-06,0.0,-0.3807382430232518,6.082633688632976e-06,0.0,-0.3907576704717413
1770565169.9988055,0.987708181142807,0.719966858625412,0.0,0.0,0.0,0.0,1.9028569650474214e-07,0.0,-0.010019427447420957,3.787650387922092e-07,0.0,-0.020038854894876057,5.654380268623951e-07,0.0,-0.030058282342364975,7.503046607152937e-07,0.0,-0.04007770978988739,9.333649403508992e-07,0.0,-0.05009713723744297,1.1146188657692053e-06,0.0,-0.06011656468503138,1.2940664369702066e-06,0.0,-0.07013599213265233,1.4717076539538967e-06,0.0,-0.08015541958030545,1.6475425167202702e-06,0.0,-0.09017484702799043,1.8215710252693214e-06,0.0,-0.10019427447570696,1.993793179601044e-06,0.0,-0.11021370192345468,2.1642089797154337e-06,0.0,-0.1202331293712333,2.332818425612484e-06,0.0,-0.1302525568190425,2.4996215172921897e-06,0.0,-0.14027198426688192,2.664618254754545e-06,0.0,-0.15029141171475124,2.8278086379995448e-06,0.0,-0.16031083916265015,2.989192667027184e-06,0.0,-0.17033026661057832,3.148770341837457e-06,0.0,-0.1803496940585354,3.306541662430359e-06,0.0,-0.19036912150652113,3.4625066288058847e-06,0.0,-0.20038854895453515,3.6166652409640287e-06,0.0,-0.21040797640257708,3.7690174989047866e-06,0.0,-0.22042740385064666,3.9195634026281534e-06,0.0,-0.23044683129874355,4.068302952134124e-06,0.0,-0.2404662587468674,4.215236147422693e-06,0.0,-0.25048568619501793,4.360362988493856e-06,0.0,-0.2605051136431948,4.503683475347609e-06,0.0,-0.2705245410913976,4.645197607983946e-06,0.0,-0.28054396853962615,4.784905386402863e-06,0.0,-0.29056339598787995,4.922806810604356e-06,0.0,-0.30058282343615883,5.05890188058842e-06,0.0,-0.3106022508844624,5.1931905963550515e-06,0.0,-0.32062167833279037,5.325672957904245e-06,0.0,-0.3306411057811424,5.456348965235996e-06,0.0,-0.34066053322951817,5.585218618350301e-06,0.0,-0.3506799606779173,5.712281917247156e-06,0.0,-0.36069938812633945,5.837538861926556e-06,0.0,-0.3707188155747844,5.960989452388497e-06,0.0,-0.3807382430232518,6.082633688632976e-06,0.0,-0.3907576704717413
1770565170.049603,1.322069138288498,0.9639864563941956,0.0,0.0,0.0,0.0,1.9028569650474214e-07,0.0,-0.010019427447420957,3.787650387922092e-07,0.0,-0.020038854894876057,5.654380268623951e-07,0.0,-0.030058282342364975,7.503046607152937e-07,0.0,-0.04007770978988739,9.333649403508992e-07,0.0,-0.05009713723744297,1.1146188657692053e-06,0.0,-0.06011656468503138,1.2940664369702066e-06,0.0,-0.07013599213265233,1.4717076539538967e-06,0.0,-0.08015541958030545,1.6475425167202702e-06,0.0,-0.09017484702799043,1.8215710252693214e-06,0.0,-0.10019427447570696,1.993793179601044e-06,0.0,-0.11021370192345468,2.1642089797154337e-06,0.0,-0.1202331293712333,2.332818425612484e-06,0.0,-0.1302525568190425,2.4996215172921897e-06,0.0,-0.14027198426688192,2.664618254754545e-06,0.0,-0.15029141171475124,2.8278086379995448e-06,0.0,-0.16031083916265015,2.989192667027184e-06,0.0,-0.17033026661057832,3.148770341837457e-06,0.0,-0.1803496940585354,3.306541662430359e-06,0.0,-0.19036912150652113,3.4625066288058847e-06,0.0,-0.20038854895453515,3.6166652409640287e-06,0.0,-0.21040797640257708,3.7690174989047866e-06,0.0,-0.22042740385064666,3.9195634026281534e-06,0.0,-0.23044683129874355,4.068302952134124e-06,0.0,-0.2404662587468674,4.215236147422693e-06,0.0,-0.25048568619501793,4.360362988493856e-06,0.0,-0.2605051136431948,4.503683475347609e-06,0.0,-0.2705245410913976,4.645197607983946e-06,0.0,-0.28054396853962615,4.784905386402863e-06,0.0,-0.29056339598787995,4.922806810604356e-06,0.0,-0.30058282343615883,5.05890188058842e-06,0.0,-0.3106022508844624,5.1931905963550515e-06,0.0,-0.32062167833279037,5.325672957904245e-06,0.0,-0.3306411057811424,5.456348965235996e-06,0.0,-0.34066053322951817,5.585218618350301e-06,0.0,-0.3506799606779173,5.712281917247156e-06,0.0,-0.36069938812633945,5.837538861926556e-06,0.0,-0.3707188155747844,5.960989452388497e-06,0.0,-0.3807382430232518,6.082633688632976e-06,0.0,-0.3907576704717413
1770565170.068842,1.6773568242788315,1.2231416255235672,0.0,0.0,0.0,0.0,1.9028569650474214e-07,0.0,-0.010019427447420957,3.787650387922092e-07,0.0,-0.020038854894876057,5.654380268623951e-07,0.0,-0.030058282342364975,7.503046607152937e-07,0.0,-0.04007770978988739,9.333649403508992e-07,0.0,-0.05009713723744297,1.1146188657692053e-06,0.0,-0.06011656468503138,1.2940664369702066e-06,0.0,-0.07013599213265233,1.4717076539538967e-06,0.0,-0.08015541958030545,1.6475425167202702e-06,0.0,-0.09017484702799043,1.8215710252693214e-06,0.0,-0.10019427447570696,1.993793179601044e-06,0.0,-0.11021370192345468,2.1642089797154337e-06,0.0,-0.1202331293712333,2.332818425612484e-06,0.0,-0.1302525568190425,2.4996215172921897e-06,0.0,-0.14027198426688192,2.664618254754545e-06,0.0,-0.15029141171475124,2.8278086379995448e-06,0.0,-0.16031083916265015,2.989192667027184e-06,0.0,-0.17033026661057832,3.148770341837457e-06,0.0,-0.1803496940585354,3.306541662430359e-06,0.0,-0.19036912150652113,3.4625066288058847e-06,0.0,-0.20038854895453515,3.6166652409640287e-06,0.0,-0.21040797640257708,3.7690174989047866e-06,0.0,-0.22042740385064666,3.9195634026281534e-06,0.0,-0.23044683129874355,4.068302952134124e-06,0.0,-0.2404662587468674,4.215236147422693e-06,0.0,-0.25048568619501793,4.360362988493856e-06,0.0,-0.2605051136431948,4.503683475347609e-06,0.0,-0.2705245410913976,4.645197607983946e-06,0.0,-0.28054396853962615,4.784905386402863e-06,0.0,-0.29056339598787995,4.922806810604356e-06,0.0,-0.30058282343615883,5.05890188058842e-06,0.0,-0.3106022508844624,5.1931905963550515e-06,0.0,-0.32062167833279037,5.325672957904245e-06,0.0,-0.3306411057811424,5.456348965235996e-06,0.0,-0.34066053322951817,5.585218618350301e-06,0.0,-0.3506799606779173,5.712281917247156e-06,0.0,-0.36069938812633945,5.837538861926556e-06,0.0,-0.3707188155747844,5.960989452388497e-06,0.0,-0.3807382430232518,6.082633688632976e-06,0.0,-0.3907576704717413
1770565170.0958095,2.0485439747571945,1.495212972164154,0.02612061820857552,0.0,0.0,0.0,1.9028569650474214e-07,0.0,-0.010019427447420957,3.787650387922092e-07,0.0,-0.020038854894876057,5.654380268623951e-07,0.0,-0.030058282342364975,7.503046607152937e-07,0.0,-0.04007770978988739,9.333649403508992e-07,0.0,-0.05009713723744297,1.1146188657692053e-06,0.0,-0.06011656468503138,1.2940664369702066e-06,0.0,-0.07013599213265233,1.4717076539538967e-06,0.0,-0.08015541958030545,1.6475425167202702e-06,0.0,-0.09017484702799043,1.8215710252693214e-06,0.0,-0.10019427447570696,1.993793179601044e-06,0.0,-0.11021370192345468,2.1642089797154337e-06,0.0,-0.1202331293712333,2.332818425612484e-06,0.0,-0.1302525568190425,2.4996215172921897e-06,0.0,-0.14027198426688192,2.664618254754545e-06,0.0,-0.15029141171475124,2.8278086379995448e-06,0.0,-0.16031083916265015,2.989192667027184e-06,0.0,-0.17033026661057832,3.148770341837457e-06,0.0,-0.1803496940585354,3.306541662430359e-06,0.0,-0.19036912150652113,3.4625066288058847e-06,0.0,-0.20038854895453515,3.6166652409640287e-06,0.0,-0.21040797640257708,3.7690174989047866e-06,0.0,-0.22042740385064666,3.9195634026281534e-06,0.0,-0.23044683129874355,4.068302952134124e-06,0.0,-0.2404662587468674,4.215236147422693e-06,0.0,-0.25048568619501793,4.360362988493856e-06,0.0,-0.2605051136431948,4.503683475347609e-06,0.0,-0.2705245410913976,4.645197607983946e-06,0.0,-0.28054396853962615,4.784905386402863e-06,0.0,-0.29056339598787995,4.922806810604356e-06,0.0,-0.30058282343615883,5.05890188058842e-06,0.0,-0.3106022508844624,5.1931905963550515e-06,0.0,-0.32062167833279037,5.325672957904245e-06,0.0,-0.3306411057811424,5.456348965235996e-06,0.0,-0.34066053322951817,5.585218618350301e-06,0.0,-0.3506799606779173,5.712281917247156e-06,0.0,-0.36069938812633945,5.837538861926556e-06,0.0,-0.3707188155747844,5.960989452388497e-06,0.0,-0.3807382430232518,6.082633688632976e-06,0.0,-0.3907576704717413
1770565170.1775677,2.4142080545425415,1.7611014246940613,0.046100104222307675,0.0,0.0,0.0,4.854164036011408e-07,1.0773238133908229e-07,-0.01002079184800567,8.798201093311453e-07,1.8289880239678499e-07,-0.02004158370030396,1.1832111171506102e-06,2.2549926317367018e-07,-0.03006237555596242,1.3955894270286012e-06,2.355337636733303e-07,-0.04008316741404862,1.5169550389426526e-06,2.1300230390238804e-07,-0.05010395927363011,1.547307952878767e-06,1.5790488387049646e-07,-0.06012475113377443,1.4866481688314167e-06,7.024150359033867e-08,-0.07014554299354918,1.3349756868035425e-06,-4.998783692237156e-08,-0.08016633485202188,1.0922905068065539e-06,-2.027831376488904e-07,-0.0901871267082601,7.585926288603288e-07,-3.8814439856744405e-07,-0.1002079185613314,3.338820529932152e-07,-6.060716196532275e-07,-0.11022871041030333,-1.8184122075797132e-07,-8.565648008784064e-07,-0.12024950225424345,-7.88577192347947e-07,-1.139623942212116e-06,-0.13027029409221935,-1.4863258617229576e-06,-1.455249043620461e-06,-0.14029108592329853,-2.2750872288207786e-06,-1.8034401050665144e-06,-0.15031187774654856,-3.1548612935707233e-06,-2.1841971265103223e-06,-0.16033266956103703,-4.125648055893629e-06,-2.597520107908898e-06,-0.1703534613658315,-5.187447515701865e-06,-3.0434090492162234e-06,-0.18037425315999947,-6.340259672899339e-06,-3.5218639503832545e-06,-0.19039504494260856,-7.584084527381482e-06,-4.032884811357913e-06,-0.2004158367127263,-8.918922079035254e-06,-4.57647163208509e-06,-0.21043662846942024,-1.034477232773916e-05,-5.152624412506651e-06,-0.22045742021175796,-1.1861635273363222e-05,-5.761343152561426e-06,-0.23047821193880702,-1.3469510915768994e-05,-6.402627852185217e-06,-0.24049900364963492,-1.5168399254809577e-05,-7.076478511310796e-06,-0.2505197953433093,-1.6958300290329586e-05,-7.782895129867906e-06,-0.2605405870188977,-1.883921402216517e-05,-8.521877707783256e-06,-0.27056137867546765,-2.081114045014402e-05,-9.293426244980525e-06,-0.2805821703120867,-2.2874079574085333e-05,-1.0097540741380362e-05,-0.29060296192782237,-2.5028031393799878e-05,-1.0934221196900395e-05,-0.3006237535217423,-2.727299590908992e-05,-1.1803467611455208e-05,-0.31064454509291406,-2.9608973119749266e-05,-1.2705279984956363e-05,-0.32066533664040514,-3.203596302556326e-05,-1.3639658317312387e-05,-0.33068612816328313,-3.455396562630877e-05,-1.460660260842878e-05,-0.34070691966061556,-3.71629809217542e-05,-1.560611285820801e-05,-0.35072771113147,-3.986300891165946e-05,-1.663818906654951e-05,-0.360748502574914,-4.265404959577605e-05,-1.77028312333497e-05,-0.3707692939900151,-4.553610297384695e-05,-1.880003935850195e-05,-0.38079008537584097,-4.850916904560669e-05,-1.9929813441896613e-05,-0.39081087673145903
1770565170.204532,2.780090868473053,2.030116394162178,0.06574481188842578,0.0,0.0,0.0,5.014577720444425e-07,1.135841283514358e-07,-0.010021436610179757,7.493790211292134e-07,1.352706611683046e-07,-0.02004287323045914,7.437637470631906e-07,6.505959846688007e-08,-0.030064309853581148,4.8461194983885e-07,-9.70490596700168e-08,-0.04008574647228877,-2.8076370367734416e-08,-3.5105531309301736e-07,-0.050107183079325004,-7.943012131968901e-07,-6.969591615862053e-07,-0.060128619667432846,-1.814062578105349e-06,-1.134760604867118e-06,-0.0701500562293553,-3.08736046436624e-06,-1.664459642586743e-06,-0.08017149275783535,-4.614194871069099e-06,-2.2860562743295225e-06,-0.09019292924561598,-6.3945657971198645e-06,-2.9995504996133515e-06,-0.10021436568544022,-8.42847324124087e-06,-3.804942317889575e-06,-0.11023580207005103,-1.0715917201970856e-05,-4.7022317285429925e-06,-0.12025723839219142,-1.325689767766497e-05,-5.691418730891857e-06,-0.1302786746446044,-1.605141466649475e-05,-6.7725033241878725e-06,-0.14030011082003296,-1.909946816644814e-05,-7.945485507616192e-06,-0.15032154691122004,-2.2401058175329498e-05,-9.21036528029543e-06,-0.16034298291090873,-2.595618469075957e-05,-1.0567142641277647e-05,-0.17036441881184197,-2.9764847710175495e-05,-1.2015817589548353e-05,-0.18038585460676274,-3.382704723083085e-05,-1.355639012402652e-05,-0.19040729028841408,-3.814278324979558e-05,-1.5188860243564566e-05,-0.20042872584953897,-4.2712055763956035e-05,-1.6913227946948357e-05,-0.21045016128288038,-4.753486477001499e-05,-1.872949323289723e-05,-0.22047159658118134,-5.2611210264491604e-05,-2.0637656100063953e-05,-0.23049303173718486,-5.794109224372142e-05,-2.263771654703475e-05,-0.24051446674363386,-6.352451070385644e-05,-2.4729674572329317e-05,-0.25053590159327144,-6.9361465640865e-05,-2.6913530174400785e-05,-0.26055733627884053,-7.54519570505319e-05,-2.9189283351635735e-05,-0.2705787707930841,-8.17959849284583e-05,-3.155693410235421e-05,-0.28060020512874523,-8.839354927006173e-05,-3.401648242480969e-05,-0.2906216392785668,-9.524465007057625e-05,-3.656792831718914e-05,-0.300643073235292,-0.0001023492873250522,-3.9211271777612955e-05,-0.31066450699166365,-0.00010970746102835635,-4.194651280413498e-05,-0.3206859405404248,-0.00011731917117517188,-4.4773651394742514e-05,-0.3307073738743185,-0.0001251844177599984,-4.769268754735631e-05,-0.34072880698608765,-0.00013330320077715186,-5.0703621259830586e-05,-0.3507502398684753,-0.00014167552022076462,-5.3806452529952976e-05,-0.36077167251422443,-0.00015030137608478558,-5.700118135544463e-05,-0.3707931049160781,-0.00015918076836297988,-6.0287807733960095e-05,-0.38081453706677926,-0.0001683136970489291,-6.366633166308738e-05,-0.3908359689590709
1770565170.2587535,3.149346023797989,2.307813674211502,0.08363950527786482,0.0,0.0,0.0,2.738689931203212e-07,4.851269545866452e-07,-0.010021998987128026,-7.115556664561848e-07,1.986319904601015e-07,-0.020043997937197845,-2.956274089557006e-06,-8.594846703536049e-07,-0.030065996632568433,-6.460286359662358e-06,-2.6892227890716357e-06,-0.040087994855598774,-1.122359253290518e-05,-5.290582110154345e-06,-0.05010999238864787,-1.724619263807113e-05,-8.663562361305284e-06,-0.06013198901407471,-2.452808667659861e-05,-1.2808163253471214e-05,-0.07015398451423835,-3.306927462257871e-05,-1.7724384480842094e-05,-0.08017597867149781,-4.286975642275527e-05,-2.341222572085111e-05,-0.09019797126821219,-5.392953199652487e-05,-2.987168663417468e-05,-0.10021996208674062,-6.624860123593675e-05,-3.710276686473243e-05,-0.11024195090944222,-7.982696400569296e-05,-4.5105466039687245e-05,-0.12026393751867621,-9.466462014314825e-05,-5.3879783769445263e-05,-0.13028592169680187,-0.00011076156945831008,-6.342571964765585e-05,-0.14030790322617842,-0.00012811781173383864,-7.374327325121163e-05,-0.15032988188916524,-0.00014673334672504697,-8.483244414024859e-05,-0.1603518574681218,-0.00016660817415990075,-9.66932318581459e-05,-0.17037382974540755,-0.00018774229373901837,-0.00010932563593152601,-0.180395798503382,-0.0002101357051356712,-0.0001227296558702548,-0.19041776352440487,-0.00023378840799578317,-0.00013690529116744136,-0.20043972459083584,-0.000258700401937931,-0.00015185254129943806,-0.21046168148503466,-0.00028487168655334436,-0.0001675714057258408,-0.2204836339893613,-0.0003123022614059056,-0.00018406188388948863,-0.23050558188617573,-0.0003409921260321497,-0.000201323975216464,-0.24052752495783797,-0.00037094127994126484,-0.00021935767911609286,-0.25054946298670827,-0.00040214972261509176,-0.0002381629949809444,-0.26057139575514693,-0.00043461745350812406,-0.0002577399221868313,-0.27059332304551437,-0.0004683444720475082,-0.00027808846009280957,-0.2806152446401711,-0.0005033307776330434,-0.0002992086080411786,-0.2906371603214778,-0.0005395763696371822,-0.0003211003653574815,-0.30065906987179525,-0.0005770812474050295,-0.0003437637313505046,-0.31068097307348436,-0.0006158454102543434,-0.0003671987053122777,-0.32070286970890616,-0.0006558688574755346,-0.0003914052865180742,-0.3307247595604219,-0.000697151588331667,-0.00041638347422641084,-0.34074664241039293,-0.0007396936020584576,-0.000442133267679048,-0.3507685180411807,-0.0007834948978642757,-0.00046865466610098946,-0.3607903862351468,-0.0008285554749301446,-0.000495947668700483,-0.37081224677465324,-0.0008748753324097398,-0.0005240122746690193,-0.38083409944206187,-0.0009224544694293901,-0.0005528484831813331,-0.3908559440197349
1770565170.3128116,3.587532341480255,2.6436672806739807,0.12749841722349123,0.0,0.0,0.0,-7.917530557186871e-07,-5.797235989085859e-07,-0.010023406529244255,-4.949546587263657e-06,-4.048484633592903e-06,-0.02004681164399178,-1.2473380629452064e-05,-1.040628143536858e-05,-0.03007021338119292,-2.3363254557873244e-05,-1.9653111769743224e-05,-0.04009360977779868,-3.761916708888882e-05,-3.178897283641683e-05,-0.05011699887076111,-5.524111627963296e-05,-4.681386126928235e-05,-0.060140378697033675,-7.62290995280128e-05,-6.472777313642636e-05,-0.0701637472935717,-0.00010058311357270885,-8.553070394012978e-05,-0.08018710269733263,-0.00012830315449317573,-0.00010922264861686882,-0.0902104429452766,-0.00015938921770964297,-0.00013580360153731599,-0.10023376607436663,-0.0001938412979831157,-0.000165273556506341,-0.1102570701215691,-0.00023165938941537592,-0.0001976325067630123,-0.12028035312385417,-0.00027284348544898357,-0.0002328804449805982,-0.1303036131181961,-0.00031739357886727775,-0.00027101736326656827,-0.14032684814157365,-0.00036530966179437806,-0.0003120432531625949,-0.15035005623097045,-0.0004165917256951866,-0.0003559581056445553,-0.16037323542337548,-0.00047123976137538904,-0.0004027619111225327,-0.17039638375578328,-0.0005292537589814565,-0.0004524546594408184,-0.1804194992651945,-0.0005906337080006483,-0.0005050363398779144,-0.1904425799886162,-0.0006553795972610128,-0.0005605069411465343,-0.20046562396306225,-0.0007234914149313902,-0.0006188664513936064,-0.2104886292255537,-0.0007949691485214154,-0.0006801148582002764,-0.22051159381311924,-0.0008698127848815192,-0.0007442521485819083,-0.2305345157627955,-0.0009480223102029317,-0.0008112783089880883,-0.24055739311162738,-0.0010295977100176852,-0.0008811933253026272,-0.2505802238966687,-0.0011145389691986165,-0.0009539971828435628,-0.2606030061549821,-0.00120284607195937,-0.001029689866363163,-0.2706257379236401,-0.0012945190018544006,-0.0011082713600479284,-0.2806484172397248,-0.0013895577417789772,-0.0011897416475185958,-0.29067104214032863,-0.0014879622739691872,-0.0012741007118301426,-0.3006936106625549,-0.0015897325800019373,-0.0013613485354717872,-0.31071612084351774,-0.001694868640794959,-0.001451485100366995,-0.32073857072034273,-0.0018033704366068122,-0.001544510387873481,-0.3307609583301673,-0.0019152379470368888,-0.001640424378783213,-0.34078328171014105,-0.0020304711510254164,-0.0017392270533224165,-0.3508055388974262,-0.002149070026853462,-0.0018409183911515768,-0.3608277279291979,-0.0022710345521429398,-0.0019454983713654464,-0.37084984684264466,-0.0023963647038566095,-0.0020529669724930447,-0.38087189367496876,-0.002525060458298086,-0.002163324172497665,-0.39089386646338653
1770565170.3481252,4.110702037811279,3.0081242322921753,0.1796739845492368,0.0,0.0,0.0,-7.917530557186871e-07,-5.797235989085859e-07,-0.010023406529244255,-4.949546587263657e-06,-4.048484633592903e-06,-0.02004681164399178,-1.2473380629452064e-05,-1.040628143536858e-05,-0.03007021338119292,-2.3363254557873244e-05,-1.9653111769743224e-05,-0.04009360977779868,-3.761916708888882e-05,-3.178897283641683e-05,-0.05011699887076111,-5.524111627963296e-05,-4.681386126928235e-05,-0.060140378697033675,-7.62290995280128e-05,-6.472777313642636e-05,-0.0701637472935717,-0.00010058311357270885,-8.553070394012978e-05,-0.08018710269733263,-0.00012830315449317573,-0.00010922264861686882,-0.0902104429452766,-0.00015938921770964297,-0.00013580360153731599,-0.10023376607436663,-0.0001938412979831157,-0.000165273556506341,-0.1102570701215691,-0.00023165938941537592,-0.0001976325067630123,-0.12028035312385417,-0.00027284348544898357,-0.0002328804449805982,-0.1303036131181961,-0.00031739357886727775,-0.00027101736326656827,-0.14032684814157365,-0.00036530966179437806,-0.0003120432531625949,-0.15035005623097045,-0.0004165917256951866,-0.0003559581056445553,-0.16037323542337548,-0.00047123976137538904,-0.0004027619111225327,-0.17039638375578328,-0.0005292537589814565,-0.0004524546594408184,-0.1804194992651945,-0.0005906337080006483,-0.0005050363398779144,-0.1904425799886162,-0.0006553795972610128,-0.0005605069411465343,-0.20046562396306225,-0.0007234914149313902,-0.0006188664513936064,-0.2104886292255537,-0.0007949691485214154,-0.0006801148582002764,-0.22051159381311924,-0.0008698127848815192,-0.0007442521485819083,-0.2305345157627955,-0.0009480223102029317,-0.0008112783089880883,-0.24055739311162738,-0.0010295977100176852,-0.0008811933253026272,-0.2505802238966687,-0.0011145389691986165,-0.0009539971828435628,-0.2606030061549821,-0.00120284607195937,-0.001029689866363163,-0.2706257379236401,-0.0012945190018544006,-0.0011082713600479284,-0.2806484172397248,-0.0013895577417789772,-0.0011897416475185958,-0.29067104214032863,-0.0014879622739691872,-0.0012741007118301426,-0.3006936106625549,-0.0015897325800019373,-0.0013613485354717872,-0.31071612084351774,-0.001694868640794959,-0.001451485100366995,-0.32073857072034273,-0.0018033704366068122,-0.001544510387873481,-0.3307609583301673,-0.0019152379470368888,-0.001640424378783213,-0.34078328171014105,-0.0020304711510254164,-0.0017392270533224165,-0.3508055388974262,-0.002149070026853462,-0.0018409183911515768,-0.3608277279291979,-0.0022710345521429398,-0.0019454983713654464,-0.37084984684264466,-0.0023963647038566095,-0.0020529669724930447,-0.38087189367496876,-0.002525060458298086,-0.002163324172497665,-0.39089386646338653
1770565170.4137027,4.700150728225708,3.390305757522583,0.2413225193380535,0.0,0.0,0.0,-2.099314252470595e-06,-2.0432429684014515e-06,-0.010024386089492366,-9.565031755569153e-06,-9.176277454023188e-06,-0.020048767289239336,-2.2397149555876312e-05,-2.139909840268533e-05,-0.030073138142222414,-4.059566177864046e-05,-3.8711697989457305e-05,-0.040097493191428746,-6.416055962778089e-05,-6.111406561866207e-05,-0.05012182697985406,-9.309183138589262e-05,-8.860618792388188e-05,-0.060146134050505666,-0.00012738946241425283,-0.0001211880487679657,-0.07017040894640544,-0.0001670534351528286,-0.00015885962924303769,-0.08019464621059275,-0.0002120837291202868,-0.00020162090767050778,-0.09021884038612744,-0.00026248032091400505,-0.0002494718596010835,-0.10024298601609286,-0.00031824318421008437,-0.00030241245781478283,-0.11026707764359871,-0.00037937228976336375,-0.00036044267232094966,-0.12029110981178415,-0.00044586760540743595,-0.00042356247035826974,-0.1303150770638207,-0.000517729096054665,-0.0004917718163947885,-0.1403389739429152,-0.0005949567236962049,-0.0005650706721279302,-0.15036279499231278,-0.0006775504474020214,-0.00064345899648452,-0.16038653475529993,-0.0007655102233209134,-0.0007269367456208043,-0.1704101877752073,-0.0008588360046805363,-0.000815503872922476,-0.18043374859541278,-0.0009575277417874295,-0.0009091603290047002,-0.19045721175934452,-0.001061585382027041,-0.0010079060617121398,-0.20048057181048373,-0.0011710088698637573,-0.001111741016118984,-0.2105038232923678,-0.0012857981468409345,-0.0012206651345289803,-0.2205269607485933,-0.001405953151580928,-0.001334678356475463,-0.2305499787228187,-0.0015314738197851274,-0.0014537806187213875,-0.24057287175876765,-0.0016623600842339916,-0.0015779718552593658,-0.2505956344002318,-0.0017986118747870844,-0.0017072519973117001,-0.26061826119107373,-0.0019402291183831131,-0.001841620973330422,-0.27064074667523,-0.002087211739039969,-0.001981078708997331,-0.28066308539671414,-0.0022395596578547667,-0.002125625127224034,-0.2906852718996194,-0.0023972727930038915,-0.00227526014815199,-0.3007073007281222,-0.002560351059743038,-0.0024299836891525503,-0.31072916642648446,-0.0027287943704072605,-0.0025897956648270044,-0.32075086353905713,-0.0029026026344110187,-0.002754695987006628,-0.33077238661028285,-0.0030817757582482287,-0.00292468456475273,-0.34079373018469905,-0.0032663136454923122,-0.0030997613043567012,-0.35081488880694084,-0.003456216196796249,-0.0032799261093400655,-0.3608358570217439,-0.003651483309892634,-0.0034651788804545363,-0.37085662937394787,-0.0038521148795937297,-0.0036555195156820638,-0.38087720040849865,-0.004058110797791523,-0.003850947910234895,-0.390897564670452
1770565170.4673913,5.287774443626404,3.7567663192749023,0.3338639390208695,0.0,0.0,0.0,-2.432653185198946e-06,-2.584093006508857e-06,-0.010026995732316317,-1.2121319584461116e-05,-1.2405278307226425e-05,-0.020053982602195285,-2.906598981702095e-05,-2.9463544901247684e-05,-0.030080950135592747,-5.3266646922597104e-05,-5.3758874227918053e-05,-0.040107887858484764,-8.472326636141014e-05,-8.529124016685272e-05,-0.050134785296878516,-0.00012343581601420814,-0.00012406060903796397,-0.06016163197682327,-0.00016940425618230042,-0.00017006693960149643,-0.07018841742442132,-0.0002226285395875987,-0.0002233101830580699,-0.08021513116583891,-0.00028310861137266675,-0.0002837902830487307,-0.0902417627273172,-0.0003508444091007778,-0.0003515071756550103,-0.1002683016351832,-0.000425835862755979,-0.00042646078939899195,-0.11029473741586068,-0.0005080828947431658,-0.0005086510452433858,-0.12032105959588116,-0.0005975854198881621,-0.000598077856591611,-0.13034725770189481,-0.0006943433454378092,-0.0006947411292878865,-0.14037332126068142,-0.0007983565710600627,-0.0007986407616173289,-0.15039923979916128,-0.0009096249888440988,-0.0009097766443060596,-0.16042500284440625,-0.0010281484833004244,-0.0010281486605213182,-0.17045059992365055,-0.0011539269313609994,-0.001153756685871584,-0.1804760205643018,-0.0012869602023793658,-0.0012866005884067083,-0.19050125429395187,-0.0014272481581307824,-0.001426680228618049,-0.20052629064038796,-0.00157479065281237,-0.0015739954594386184,-0.21055111913160338,-0.0017295875330432652,-0.001728546126243237,-0.2205757292958086,-0.0018916386378647779,-0.0018903320668486939,-0.23060011066144215,-0.0020609437987405606,-0.002059353111513916,-0.24062425275718152,-0.0022375028395567862,-0.0022356090829401478,-0.2506481451119542,-0.0024213155766223287,-0.002419099796271133,-0.26067177725494856,-0.0026123818186689577,-0.00260982505909331,-0.2706951387156247,-0.002810701366851537,-0.0028077846714360134,-0.28071821902372546,-0.0030162740147482315,-0.0030129784257716787,-0.29074100770928746,-0.003229099548360727,-0.0032254061070160667,-0.30076349430265203,-0.003449177746114448,-0.0034450674925284802,-0.31078566833447585,-0.003676508378858792,-0.003671962352112001,-0.3208075193357422,-0.00391109120986737,-0.0039060904480137295,-0.33082903683777176,-0.004152925994838251,-0.004147451534925033,-0.3408502103722336,-0.004402012481894219,-0.004396045359981801,-0.35087102947115617,-0.004658350411583035,-0.0046518716627647096,-0.36089148366693796,-0.004921939516877713,-0.0049149301752994985,-0.37091156249235885,-0.005192779523176788,-0.0051852206220572425,-0.3809312554805907,-0.005470870148304615,-0.005462742719954643,-0.39095055216520846
1770565170.5106127,5.820716500282288,4.106770187616348,0.4273056953487101,0.0,0.0,0.0,-2.7411876350664106e-06,-3.035331067331801e-06,-0.010030056049196307,-1.4724112871356326e-05,-1.5482158805760116e-05,-0.02006009805154655,-3.594875400800437e-05,-3.734046264934603e-05,-0.030090108660935224,-6.64150733613734e-05,-6.861020575579286e-05,-0.04012007053130112,-0.00010612301726511966,-0.0001092913350065098,-0.05014996631666733,-0.00015507251607028557,-0.00015938378100670384,-0.06017977867117119,-0.00021326348414542034,-0.00021888745808549984,-0.0702094902490944,-0.0002806958198767277,-0.00028780226429608836,-0.08023908370489286,-0.000357369405668242,-0.0003661280814159025,-0.0902685416932268,-0.0004432841079420316,-0.00045386477494682216,-0.10029784686899075,-0.0005384397771384294,-0.0005510121941154061,-0.11032698188734345,-0.000642836247716292,-0.0006575701718731535,-0.12035592940373796,-0.0007564733381532859,-0.0007735385248967927,-0.13038467207395163,-0.0008793508509462012,-0.0008989170535885977,-0.14041319255411602,-0.001011468572611293,-0.0010337055420767333,-0.15044147350074694,-0.0011528262736846518,-0.0011779037582156301,-0.16046949757077456,-0.0013034237087225986,-0.0013315114535863836,-0.17049724742157316,-0.00146326061630211,-0.0014945283634971846,-0.18052470571099133,-0.0016323367190212718,-0.001666954206983779,-0.19055185509738193,-0.0018106517234997566,-0.0018487886868099508,-0.20057867823963194,-0.001998205320379331,-0.0020400314894680363,-0.2106051577971926,-0.0021949971843243945,-0.0022406822851794702,-0.2206312764301094,-0.002401026974022537,-0.0024507407278953506,-0.23065701679905198,-0.0026162943321851304,-0.0026702064552970397,-0.24068236156534412,-0.0028407988855479512,-0.0028990790887967934,-0.2507072933909938,-0.003074540244871819,-0.00313735823353841,-0.26073179493872317,-0.0033175180049432747,-0.003385043478397919,-0.27075584887199844,-0.003569731744575278,-0.0036421343959842866,-0.28077943785506,-0.0038311810266079376,-0.003908630542640158,-0.29080254455295224,-0.0041018653979092694,-0.00418453145844263,-0.30082515163155377,-0.004381784389375976,-0.004469836667204034,-0.31084724175760714,-0.004670937515934258,-0.004764545676472768,-0.3208687975987489,-0.004969324276540657,-0.005068657977534147,-0.3308898018235397,-0.0052769441541829195,-0.005382173045411283,-0.34091023710149415,-0.0055937966158808895,-0.00570509033886599,-0.3509300861031107,-0.005919881112687432,-0.006037409300399724,-0.36094933149990177,-0.006255197079689388,-0.0063791293562545474,-0.3709679559644238,-0.006599743936008538,-0.006730249916414115,-0.38098594217030685,-0.006953521084802618,-0.007090770374604701,-0.391003272792285
1770565170.6189106,6.311872959136963,4.442829787731171,0.5096024687351637,0.0,0.0,0.0,-6.498716138854404e-06,-6.989318354397707e-06,-0.010034332451596044,-2.8555379269982018e-05,-2.9992595868195274e-05,-0.0200686188339996,-6.61698711799867e-05,-6.900972741419803e-05,-0.030102809469152524,-0.00011934199663128361,-0.00012404052858331843,-0.04013685467947072,-0.00018807148336306577,-0.00019508473568548897,-0.050170704788090055,-0.0002723579820926519,-0.0002821420057509677,-0.0602043101191123,-0.0003722010665172161,-0.00038521191653203646,-0.07023762099785111,-0.00048760023331589745,-0.0005042939665050905,-0.08027058775107787,-0.000618554902152293,-0.0006393875748731227,-0.09030316070726772,-0.0007650644156773303,-0.0007904920815685983,-0.10033529019684545,-0.0009271280395325216,-0.0009576067472567222,-0.11036692655243127,-0.0011047449623536002,-0.0011407307533391005,-0.12039802010908693,-0.001297914295774537,-0.0013398632019577929,-0.13042852120456142,-0.0015066350744319386,-0.0015550031159997568,-0.14045838017953693,-0.001730906255969826,-0.0017861494391016857,-0.15048754737787465,-0.0019707267210447976,-0.0020333010356552404,-0.1605159731468607,-0.0022260952733315674,-0.002296456690812668,-0.17054360783745184,-0.00249701063952889,-0.0025756151104928187,-0.1805704018045213,-0.0027834714693658657,-0.0028707749213875535,-0.1905963054071047,-0.0030854763356086214,-0.00318193467096854,-0.2006212690086456,-0.003403023734067379,-0.003509092827494445,-0.21064524297724135,-0.0037361120836039057,-0.0038522477800185216,-0.22066817768588892,-0.004084739726139335,-0.004211397838396578,-0.23069002351273035,-0.004448904926662379,-0.00458654123329535,-0.24071073084129857,-0.004828605873237923,-0.004977676116201259,-0.2507302500607631,-0.005223840677015986,-0.005384800559429565,-0.26074853156617556,-0.0056346073722410815,-0.005807912556133907,-0.2707655257587152,-0.006060903916261943,-0.0062470100203162425,-0.2807811830459347,-0.006502728189541639,-0.00670209078683717,-0.2907954538420053,-0.006960077995668072,-0.007173152611426659,-0.30080828856796277,-0.007432951061364842,-0.0076601931706951456,-0.3108196376519525,-0.007921345036502509,-0.008163210062145047,-0.320829451529475,-0.008425257494110225,-0.008682200804182649,-0.33083768064363145,-0.00894468593038775,-0.009217162836130395,-0.3408442754453688,-0.009479627764717849,-0.009768093518239568,-0.35084918639372537,-0.010030080339679065,-0.010334990131703347,-0.36085236395607573,-0.010596040921058883,-0.010917849878670286,-0.3708537586083764,-0.011177506697867257,-0.011516669882258145,-0.3808533208354105,-0.011774474782350533,-0.012131447186568148,-0.3908510011310335
1770565170.6608458,6.818657040596008,4.800419211387634,0.561854158599518,0.0,0.0,0.0,-7.991901295839106e-06,-8.475875980625946e-06,-0.010036033817586252,-3.399539234033596e-05,-3.5438531758644234e-05,-0.020072004490974325,-7.801029169966237e-05,-8.088779821069673e-05,-0.03010784564292837,-0.0001400362988137413,-0.0001448233839442199,-0.04014349089706921,-0.00022007299399823464,-0.00022724487529937192,-0.05017887387831328,-0.000318119838447319,-0.00032815173635176856,-0.06021392821331171,-0.0004341761742372498,-0.0004475433089160282,-0.07024858753088926,-0.0005682412243307115,-0.0005854188125501241,-0.08028278546248331,-0.0007203140925819584,-0.0007417773445605471,-0.09031645564258281,-0.0008903937637427409,-0.0009166178800082761,-0.10034953170916724,-0.0010784791034690198,-0.0011099392717155553,-0.11038194730414548,-0.00128456885832847,-0.0013217402502734839,-0.12041363607379475,-0.0015086616558087698,-0.0015520194240504104,-0.13044453166919945,-0.0017507560043266784,-0.001800775279201137,-0.14047456774668995,-0.002010850293237901,-0.002068006179676931,-0.1505036779682814,-0.0022889427928477445,-0.0023537103672363496,-0.1605317960021126,-0.002585031654422552,-0.002657885961456863,-0.1705588555228845,-0.002899114910201934,-0.002980530959747294,-0.180584790212299,-0.0032311904734117847,-0.0033216432373610674,-0.19060953375949768,-0.0035812561382780783,-0.003681220547410254,-0.20063301986150012,-0.003949309580041462,-0.004059260520880438,-0.21065518222364255,-0.004335348354972631,-0.004455760666646385,-0.22067595456001646,-0.004739369900388492,-0.004870718371488515,-0.23069527059390676,-0.005161371534669109,-0.005304130900110187,-0.24071306405823026,-0.005601350457275445,-0.005755995395155794,-0.250729268695974,-0.006059303748767877,-0.006226308877229657,-0.26074381826063336,-0.006535228370825514,-0.0067150682449157294,-0.2707566465166503,-0.007029121166266286,-0.007222270274798115,-0.2807676872398514,-0.007540978859067822,-0.007747911621482381,-0.2907768742178858,-0.008070798054389134,-0.008291988817617694,-0.3007841412506633,-0.00861857523859305,-0.008854498273919742,-0.3107894221507919,-0.009184306779269463,-0.009435436279194477,-0.32079265074401603,-0.009767988925259354,-0.010034799000362664,-0.3307937608696537,-0.010369617806679604,-0.01065258248248523,-0.3407926863810344,-0.010989189434948587,-0.01128878264878942,-0.3507893611459365,-0.011626699702812545,-0.011943395300695764,-0.36078371904702466,-0.01228214438437277,-0.012616416117845851,-0.37077569398228727,-0.012955519135113532,-0.01330784065813089,-0.3807652198654733,-0.013646819491930829,-0.014017664357721097,-0.3907522306265296
1770565170.716692,7.418657040596009,5.3613667488098145,0.5752324267229069,0.0,0.0,0.0,-9.4681917688352e-06,-9.906965836939983e-06,-0.010038295185009205,-3.9741593863783986e-05,-4.1039544684787675e-05,-0.02007650579907959,-9.081993154056063e-05,-9.339747279045815e-05,-0.030114543842785727,-0.0001627027476695437,-0.00016698030032999715,-0.04015232131821503,-0.0002553894027397835,-0.0002617873914125244,-0.050189750229739157,-0.00036887907486460797,-0.000377817924085808,-0.06022674258478543,-0.0005031707597888285,-0.0005150708903434707,-0.07026321039460826,-0.0006582632708975423,-0.000673545096133825,-0.08029906567506037,-0.0008341552392265365,-0.0008532391613703426,-0.09033422044736428,-0.0010308451134742882,-0.0010541515199437522,-0.10036858673888344,-0.0012483311600155632,-0.0012762804197357673,-0.11040207658389345,-0.001486611462916615,-0.0015196239226344481,-0.12043460202435327,-0.0017456839239519807,-0.0017841799045511912,-0.13046607511067626,-0.0020255462626228736,-0.0020699460554393498,-0.14049640790250117,-0.002326196016177175,-0.002376919879314484,-0.15052551246946305,-0.002647630539631028,-0.002705098694276245,-0.16055330089196418,-0.0029898470057920187,-0.003054479632531881,-0.17057968526194472,-0.003352842405283962,-0.0034250596404213807,-0.18060457768365334,-0.0037366135465732894,-0.003816835478444244,-0.1906278902744179,-0.004141157055997017,-0.004229803721287877,-0.20064953516541564,-0.004566469377792329,-0.004663960757857623,-0.21066942450244366,-0.005012546774127745,-0.005119302791308419,-0.22068747044668907,-0.005479385325135889,-0.005595825839078078,-0.23070358517549888,-0.005966980928947851,-0.006093525732922203,-0.24071768088315007,-0.0064753293017291505,-0.0066123981189507314,-0.25072966978161926,-0.007004425977717283,-0.007152438457666097,-0.2607394641013523,-0.007554266309260874,-0.007713642024003029,-0.27074697609203363,-0.008124845466860424,-0.008296003907369974,-0.28075211802335565,-0.008716158439210637,-0.008899519011692138,-0.29075480218578775,-0.009328200033244367,-0.00952418205545618,-0.3007549408913453,-0.009960964874178128,-0.010169987571756486,-0.3107524464743582,-0.010614447405559219,-0.010836929908343111,-0.32074723129223937,-0.011288641889314433,-0.011525003227671325,-0.33073920772625337,-0.011983542405800358,-0.012234201506952787,-0.34072828818228423,-0.012699142853855276,-0.012964518538208345,-0.35071438509160335,-0.01343543695085264,-0.013715947928322455,-0.36069741091163726,-0.014192418232756165,-0.014488483099099234,-0.3706772781267351,-0.014970080054176478,-0.015282117287320115,-0.3806538992489357,-0.01576841558842938,-0.016096843544803147,-0.3906271868187346
1770565170.7651503,8.01865704059601,5.7342002391815186,0.6118205640829618,0.0,0.0,0.0,-9.557529105295474e-06,-9.8210056737744e-06,-0.010042576886871041,-4.212599323715352e-05,-4.297006393947887e-05,-0.020085055604787787,-9.770505455097391e-05,-9.944681313085355e-05,-0.0301273292412071,-0.00017629413023061423,-0.00017925064323430636,-0.04016929088576916,-0.0002778923924945943,-0.0002823806958954071,-0.05021083363143561,-0.00040249876860490893,-0.00040883586442802555,-0.06025185057562769,-0.0005501119408784488,-0.0005586147938261137,-0.07029223482136437,-0.0007207303467010271,-0.0007317158807781301,-0.08033187947840034,-0.000914352178544017,-0.0009281372736841102,-0.09037067766436396,-0.0011309753839835938,-0.0011478768726753779,-0.1004085225058952,-0.0013705976657225844,-0.0013909323296368997,-0.11044530713978327,-0.0016332164816149257,-0.001657301048232285,-0.12048092471410447,-0.001918829044692728,-0.0019469801839314257,-0.13051526838935965,-0.002227432323195944,-0.002259966644040778,-0.14054823133961156,-0.002559023040604646,-0.002596257087736289,-0.15057970675362223,-0.00291359767567391,-0.0029558479260989633,-0.16060958783599014,-0.003291152462471298,-0.0033387353221530696,-0.17063776780828693,-0.0036916833904169534,-0.0037449151909069883,-0.18066413991019437,-0.0041151862043263,-0.004174383199396705,-0.1906885974006409,-0.004561656404455336,-0.004627134766731934,-0.20071103355893796,-0.005031089246548546,-0.005103165064144888,-0.21073134168591612,-0.0055234797418894045,-0.005602469015041691,-0.22074941510506113,-0.006038822657353485,-0.006125041295056413,-0.23076514716364943,-0.006577112515464174,-0.006670876332107761,-0.24077843123388365,-0.007138343594450988,-0.007239968306458402,-0.2507891607140279,-0.007722509928310476,-0.007832311150776913,-0.2607972290295424,-0.008329605306869747,-0.008447898550202377,-0.27080252963421825,-0.008959623275852577,-0.009086723942411612,-0.2808049560113117,-0.009612557136948119,-0.009748780517689027,-0.29080440167467814,-0.010288399947882224,-0.010434061218999141,-0.30080076016990576,-0.010987144522491337,-0.01114255874206168,-0.31079392507544873,-0.011708783430799006,-0.011874265535429359,-0.3207837900037604,-0.012453308999094982,-0.012629173800568272,-0.33077024860242565,-0.013220713310016912,-0.013407275491940911,-0.3407531945552934,-0.014010988202634628,-0.014208562317091828,-0.3507325215836082,-0.014824125272537028,-0.015033025736735898,-0.36070812344714176,-0.01566011587192156,-0.015880656964849263,-0.37067989394532425,-0.01651895110968627,-0.016751446968762823,-0.3806477269183744,-0.017400621851524464,-0.017645386469258437,-0.39061151624843005
1770565170.8135214,8.618657040596009,6.052111744880676,0.6496877745213308,0.0,0.0,0.0,-1.02730437202483e-05,-1.0462733383446502e-05,-0.010044497451730422,-4.520114900974579e-05,-4.5917785191523435e-05,-0.020088882304550647,-0.0001047839261574851,-0.00010636468584644161,-0.030133031858413054,-0.00018902068427622943,-0.0001918026604753,-0.04017682341614438,-0.00029791043131095226,-0.0003022306289195514,-0.05022013428494458,-0.0004314518740509559,-0.0004376472057481972,-0.06026284177788558,-0.0005896434181456697,-0.0005980507002747124,-0.07030482321541005,-0.0007724831681241253,-0.000783439116577697,-0.08034595592682997,-0.0009799689274181123,-0.0009938101535252595,-0.0903861172518252,-0.0012120981983890105,-0.0012291612048031266,-0.10042518454194187,-0.0014688681823583005,-0.0014894893589464798,-0.11046303516209055,-0.0017502757796417521,-0.001774791399375524,-0.12049954649204443,-0.00205631758958729,-0.0020850638044347786,-0.1305345959279372,-0.0023869899106165327,-0.0024203027474360974,-0.14056806088376073,-0.0027422887402700127,-0.0027805040967054146,-0.1505998187928625,-0.003122209775256072,-0.003165663415633219,-0.16062974710944306,-0.003526748411503424,-0.0035757759627287463,-0.17065772331005272,-0.003955899744217399,-0.004010836691677902,-0.18068362489508846,-0.004409658567939865,-0.00447084025140491,-0.19070732939029042,-0.004888019376612806,-0.004955780986137673,-0.20072871434823783,-0.005390976363645591,-0.005465652935476867,-0.21074765734984488,-0.005918523421985906,-0.0060004498344687525,-0.22076403600585626,-0.006470654144194351,-0.0065601651136817036,-0.23077772795834212,-0.007047361822522715,-0.007144791899286457,-0.24078861088219278,-0.007648639448995921,-0.007754323013140091,-0.25079656248661314,-0.008274479715497624,-0.008388750972873699,-0.2608014605166164,-0.008924875013859494,-0.009048067991983799,-0.27080318275451765,-0.009599817435954151,-0.009732265979927454,-0.2808016070214267,-0.010299298773791769,-0.010441336542221097,-0.29079661117874067,-0.011023310519620353,-0.011175270980543092,-0.3007880731296361,-0.011771843866029653,-0.01193406029283997,-0.3107758708205604,-0.012544889706058758,-0.012717695173436409,-0.3207598822427226,-0.013342438633307353,-0.013526166013148907,-0.3307399854335842,-0.014164480942050611,-0.014359462899403166,-0.3407160584783487,-0.015011006627357774,-0.015217575616355184,-0.35068797951145103,-0.01588200538521435,-0.01610049364501604,-0.36065562671804624,-0.016777466612648017,-0.017008206163380415,-0.3706188783354976,-0.0176973794078581,-0.01794070204655876,-0.38057761265486384,-0.01864173257034879,-0.01889796986691322,-0.3905317080223861
1770565170.8506396,8.986436069011688,6.3832679986953735,0.8066050065645992,0.0,0.0,0.0,-1.073321533362137e-05,-1.078471089209867e-05,-0.010047106667816016,-4.777363648989137e-05,-4.838982483796547e-05,-0.02009408620482706,-0.00011112084691189412,-0.00011281471664608938,-0.030140798135706876,-0.00020077406222485138,-0.00020405838613456192,-0.04018710198887085,-0.00031673213024708944,-0.00032211945814506154,-0.05023285729844005,-0.00045899353100614876,-0.0004669961825620807,-0.060277923606205194,-0.0006275563767600366,-0.0006386864343373964,-0.07032216046359056,-0.0008224184120236198,-0.0008371877135197811,-0.08036542743361766,-0.0010435770136001622,-0.001062497145289958,-0.09040758409286884,-0.0012910291906180014,-0.001314611480000796,-0.10044849003345069,-0.0015647715845723655,-0.0015935270932227448,-0.11048800486495712,-0.0018648004693723333,-0.0018992399857945125,-0.1205259882164324,-0.0021911117513929304,-0.0022317457838789815,-0.13056229973833372,-0.0025437009695323666,-0.002591039739024361,-0.14059679910449352,-0.0029225632952744078,-0.00297711672823058,-0.15062934601408157,-0.0033276935327558946,-0.0033899712540209196,-0.16065980019356668,-0.003759086118839381,-0.0038295974445188724,-0.17068802139867786,-0.004216735123190923,-0.0042959890535302445,-0.18071386941636525,-0.004700634248362996,-0.004789139460630493,-0.19073720406676062,-0.005210776829882543,-0.0053090416712572855,-0.20075788520513724,-0.005747155836344153,-0.005855688316808299,-0.21077577272386944,-0.006309763869508384,-0.006429071654744251,-0.22079072655439158,-0.006898593164405191,-0.007029183568697149,-0.23080260666915642,-0.0075136355894425,-0.0076560155685837725,-0.24081127308359296,-0.008154882646519913,-0.008309558790724389,-0.25081658585806377,-0.008822325471147505,-0.00898980399796667,-0.2608184050998215,-0.009515954832569787,-0.009696741579814858,-0.2708165909649649,-0.010235761133894761,-0.010430361552564127,-0.28081100366039413,-0.010981734412228094,-0.01119065355944018,-0.29080150344576516,-0.011753864338812441,-0.011977606870744065,-0.30078795063544395,-0.012552140219171833,-0.012791210384002175,-0.3107702056004591,-0.013376550993261222,-0.013631452624121493,-0.32074812877045433,-0.01422708523562112,-0.014498321743550037,-0.33072158063564,-0.01510373115553734,-0.01539180552244251,-0.3406904217487436,-0.016006476597205863,-0.016311891368831155,-0.3506545127269594,-0.016935309039902785,-0.017258566318801804,-0.3606137142538976,-0.0178902155981594,-0.018231817036675164,-0.37056788708153193,-0.018871183021942347,-0.019231629815193246,-0.3805168920321467,-0.019878197696838868,-0.020257990575711034,-0.39046059000028277
1770565170.877369,9.158475637435913,6.4457666873931885,0.7823379989748588,0.0,0.0,0.0,-1.1352831857082621e-05,-1.140257165055386e-05,-0.010049516148895911,-5.0663455418082904e-05,-5.1666810382465176e-05,-0.02009888763438472,-0.00011793140799770742,-0.00012079191186433703,-0.030147953792454017,-0.00021315577994283078,-0.00021877661035169394,-0.040196553963972814,-0.0003363352146470387,-0.0003456191787072178,-0.0502445274972601,-0.00048746790857231656,-0.0005013174284283605,-0.06029171375065322,-0.000666551611277884,-0.0006858687096823332,-0.0703379520950762,-0.000873583625456173,-0.0008992699113484691,-0.08038308191660773,-0.001108560806975952,-0.0011415174610679643,-0.09042694261904903,-0.0013714795649325926,-0.0014126073253009903,-0.10046937362649139,-0.0016623358617054778,-0.0017125350093911784,-0.11051021438588329,-0.0019811252130225556,-0.002041295557637481,-0.12054930436959736,-0.0023278426880320303,-0.0023988835533734,-0.13058648307799678,-0.002702482909381194,-0.002785293119053584,-0.14062159004200117,-0.0031050400533023962,-0.003200517916347796,-0.1506544648256522,-0.003535507849706156,-0.003644551146242252,-0.1606849470286786,-0.003993879582281399,-0.004117385549148312,-0.17071287628906043,-0.004480148088602837,-0.00461901340501855,-0.18073809228559287,-0.0049943057602454795,-0.005149426533470176,-0.19076043474044954,-0.005536344542906271,-0.0057086162939158185,-0.20077974342174473,-0.006106255936532855,-0.006296573585701664,-0.2107958581460952,-0.006704030995459483,-0.006913288848252963,-0.22080861878118113,-0.007329660328550013,-0.0075587520612268675,-0.2308178652483062,-0.007983134099348064,-0.008232952744672638,-0.2408234375249568,-0.008664442026234278,-0.008935879959199195,-0.25082517564736057,-0.009373573382590688,-0.009667522306150002,-0.2608229197130436,-0.010110516996972215,-0.010427867927785314,-0.270816509883387,-0.01087526125328527,-0.011216904507471741,-0.2808057863861823,-0.011667794090973465,-0.012034619269879167,-0.2907905895181857,-0.012488103005210447,-0.012880998981185006,-0.30077075964767164,-0.013336175047099788,-0.013756029949285752,-0.3107461372169845,-0.014211996823882033,-0.014659698024015901,-0.32071656274508986,-0.015115554499148802,-0.015591988597374174,-0.33068187683012396,-0.016046833793064007,-0.016552886603757058,-0.3406419201519423,-0.017005819982592145,-0.01754237652019967,-0.3505965334746666,-0.01799249790173368,-0.01856044236662393,-0.3605455576492309,-0.019006851941767537,-0.019607067706094047,-0.3704888336159257,-0.020048866051500608,-0.020682235645079296,-0.3804262024069409,-0.021118523737524385,-0.021785928833724107,-0.3903575051489075
1770565170.9099755,9.2987380027771,6.558234930038452,0.8245704617504915,0.0,0.0,0.0,-1.1856350122096534e-05,-1.20271114291776e-05,-0.010051060095864761,-5.276018029526137e-05,-5.439198149474907e-05,-0.020101961867861375,-0.0001227109957099163,-0.00012709366025611047,-0.030152529802885082,-0.00022170779432422255,-0.0002301306680168872,-0.04020258839366076,-0.00034974906688157884,-0.00036350099535077294,-0.0502519621418077,-0.0005068327969369767,-0.0005272021031366194,-0.06030047556090423,-0.0006929564608922133,-0.0007212309226027762,-0.0703479531795522,-0.000908117028039958,-0.0009455838553806776,-0.08039421954444102,-0.0011523109606166781,-0.001200256773567681,-0.09043909922341167,-0.0014255342138644162,-0.0014852450197991496,-0.1004824168085201,-0.00172778223610142,-0.0018005434073297797,-0.11052399691910025,-0.0020590499688016295,-0.0021461462201241774,-0.1205636642048267,-0.002419331846683008,-0.0025220472129566726,-0.13060124334877668,-0.002808621797804727,-0.0029282396115203765,-0.14063655907049155,-0.003226913243673197,-0.003364716112545476,-0.15066943612903758,-0.003674199099356948,-0.003831468883926774,-0.16069969932606626,-0.004150471773610343,-0.004328489564860446,-0.17072717350887348,-0.004655723169006143,-0.004855769265990049,-0.18075168357345822,-0.005189944682076913,-0.0054132985695617515,-0.1907730544675804,-0.005753127203465253,-0.006001067529588786,-0.20079111119381748,-0.006345261118082869,-0.00661906567202513,-0.21080567881262063,-0.006966336305278487,-0.007267281994948421,-0.22081658244536947,-0.007616342139014572,-0.007945704968752059,-0.23082364727742583,-0.008295267488052892,-0.008654322536346555,-0.24082669856118646,-0.009003100716148897,-0.009393122113370076,-0.2508255616191348,-0.009739829682254912,-0.010162090588408192,-0.2608200618468908,-0.010505441740732155,-0.010961214323222843,-0.27081002471626053,-0.011299923741571558,-0.011790479152990488,-0.28079527577828334,-0.012123262030623394,-0.012649870386549461,-0.2907756406662785,-0.012975442449835733,-0.01353937280665653,-0.30075094509889,-0.013856450337501647,-0.014458970670252598,-0.31072101488312986,-0.01476627052851526,-0.015408647708737636,-0.3206856759174201,-0.015704887354636564,-0.01638838712825477,-0.33064475419463274,-0.016672284644765018,-0.017398171609983536,-0.34059807580512874,-0.017668445725221946,-0.01843798331044233,-0.35054546693979466,-0.01869335342004169,-0.019507803861799962,-0.3604867538930777,-0.019746990051271562,-0.020607614372196457,-0.37042176306601954,-0.02082933743928053,-0.0217373954260729,-0.38035032096928706,-0.02194037690307667,-0.022897127084510506,-0.39027225422620254
1770565170.9938982,9.6404128074646,6.843718528747559,0.7593988472170479,0.0,0.0,0.0,-1.5188200189320568e-05,-1.7268064958022256e-05,-0.010055757659943113,-6.4737613035866e-05,-7.2969782137779e-05,-0.020111265268171724,-0.00014864694778193133,-0.00016710367706323332,-0.0301662585219334,-0.00026691401054066826,-0.0002996672650924968,-0.04022047313199522,-0.00041953570435375,-0.00047065705148313674,-0.05027364482959042,-0.000606508029272773,-0.0006800685314840331,-0.06032550937336458,-0.0008278260824643935,-0.0009278961904537842,-0.07037580255632102,-0.0010834840583391946,-0.0012141335040056535,-0.08042426021276528,-0.0013734752487042836,-0.0015387729381790614,-0.0904706182252486,-0.0016977920429396129,-0.0019018059496376106,-0.10051461253151012,-0.002056425928198018,-0.00230322298589364,-0.11055597913141746,-0.0024493674896289767,-0.002743013485559308,-0.12059445409390594,-0.0028766064106260695,-0.003221165878624193,-0.13062977356391578,-0.003338131473098145,-0.003737667586759402,-0.14066167376932734,-0.003833930557764181,-0.004292505023648182,-0.1506898910278942,-0.004363990644471836,-0.004885663595343036,-0.16071416175417405,-0.00492829781253967,-0.005517127700649309,-0.17073422246645661,-0.005526837241123041,-0.006186880731535251,-0.18074980979368924,-0.006159593209603673,-0.006894905073568568,-0.19076066048239948,-0.006826549098002845,-0.007641182106379381,-0.20076651140361448,-0.0075276873874182484,-0.008425692204149668,-0.21076709955977715,-0.008262989660484462,-0.009248414736129118,-0.22076216209165897,-0.009032436601857033,-0.010109328067177384,-0.23075143628526895,-0.00983600799872017,-0.011008409558332757,-0.24073465957875903,-0.010673682741318039,-0.011945635567407221,-0.25071156956932533,-0.011545438823509594,-0.012920981449607868,-0.26068190402010516,-0.012451253343347018,-0.01393442155818467,-0.27064540086706984,-0.013391102503677674,-0.01498592924510459,-0.28060179822591286,-0.014364961612769598,-0.016075476861752005,-0.2905508343989333,-0.015372805084960526,-0.01720303575965545,-0.3004922478819146,-0.016414606441330366,-0.018368576291240606,-0.3104257773709977,-0.0174903383103972,-0.019572067810609564,-0.3203511617695495,-0.018599972428836715,-0.020813478674346356,-0.3302681401950255,-0.019743479642225108,-0.022092776242348663,-0.340176451985827,-0.020920829905805363,-0.02340992687868575,-0.3500758367081525,-0.022131992285276972,-0.024764895952482553,-0.35996603416284273,-0.023376934957609046,-0.026157647838829966,-0.36984678439222035,-0.02465562521187672,-0.02758814591972117,-0.3797178276869222,-0.025968029450120975,-0.029056352585014135,-0.389578904592726
1770565171.0815215,10.196504473686218,7.09191620349884,0.681386646998417,0.0,0.0,0.0,-1.5660129669487224e-05,-1.888840052955046e-05,-0.010060930377317453,-6.832770032009015e-05,-8.056363989641096e-05,-0.020121563781045612,-0.00015800066324485546,-0.00018502409991886688,-0.030181582132351142,-0.0002846757997646729,-0.00033226680970648134,-0.040240667371846395,-0.0004483487213300378,-0.0005222874457540238,-0.05029850146964525,-0.0006490138696598007,-0.0007550803320781629,-0.06035476643541803,-0.0008866645169169001,-0.0010306384403969207,-0.07040914432844521,-0.0011612927659210702,-0.0013489533903518793,-0.0804613172676694,-0.0014728895503985221,-0.0017100154497731387,-0.09051096744174572,-0.0018214446352685847,-0.002113813534987011,-0.10055777711908967,-0.0022069466169672984,-0.0025603352111664415,-0.11060142865792266,-0.0026293829238079563,-0.0030495666927241576,-0.1206416045163147,-0.0030887398163785725,-0.0035814928437485146,-0.1306779872622238,-0.0035850023879762695,-0.004156097178482035,-0.14071025958353206,-0.004118154565078574,-0.004773361861842626,-0.15073810429807782,-0.004688179107851604,-0.005433267709987468,-0.16076120436368393,-0.0052950576106951235,-0.006135794190919522,-0.17077924288818122,-0.005938770502824459,-0.006880919425136682,-0.18079190313942756,-0.006619297048889262,-0.007668620186323527,-0.19079886855532183,-0.007336615349629075,-0.00849887190208564,-0.20079982275381225,-0.008090702342565705,-0.009371648654726505,-0.21079444954289928,-0.00888153380273238,-0.010286923182066926,-0.22078243293063252,-0.009709084343439643,-0.011244666878306947,-0.23076345713510105,-0.010573327417077989,-0.01224484979493027,-0.24073720659441733,-0.011474235315957206,-0.013287440641651115,-0.2507033659766941,-0.012411779173182378,-0.014372406787403497,-0.2606616201900141,-0.013385928963566555,-0.015499714261372899,-0.27061165439239177,-0.014396653504580038,-0.016669327754070304,-0.2805531540017277,-0.015443920457336243,-0.017881210618448544,-0.2904858047057544,-0.016527696327614166,-0.019135324871060965,-0.30040929247197384,-0.017647946466917305,-0.020431631193262287,-0.31032330355758575,-0.01880463507356914,-0.021770088932451737,-0.32022752451940706,-0.019997725193845045,-0.023150656103358327,-0.3301216422237819,-0.021227178723140627,-0.024573289389368265,-0.34000534385648157,-0.022492956407176447,-0.02603794414389447,-0.34987831693259475,-0.023795017843239088,-0.02754457439178812,-0.3597402493064069,-0.025133321481458568,-0.02909313283079226,-0.36959082918126945,-0.02650782462612195,-0.030683570833037244,-0.37942974511945715,-0.027918483437023245,-0.03231583844657823,-0.389256686052015
1770565171.126665,10.770322322845459,7.4072957038879395,0.7078327962743882,0.0,0.0,0.0,-1.5098423070687074e-05,-1.8614826871496144e-05,-0.010065117445096479,-6.905813442540988e-05,-8.162458962085373e-05,-0.020129921561726258,-0.00016187636713058543,-0.00018902792209185505,-0.03019406650140491,-0.000293549018973606,-0.0003408219326507183,-0.040257206438299074,-0.0004640706526038016,-0.0005370022042854619,-0.0503189955811099,-0.0006734344957192816,-0.0007775627947576838,-0.06037908818495533,-0.0009216324412996493,-0.0010624962368067541,-0.07043713856325083,-0.0012086550478845786,-0.0013917935384064068,-0.080492801099588,-0.0015344915398982487,-0.0017654441830737314,-0.09054573025961088,-0.0018991298080196209,-0.002183436130230547,-0.10059558060288946,-0.0023025564095985433,-0.0026457558156171433,-0.11064200679478979,-0.0027447565691176793,-0.0031523881517583905,-0.12068466361834065,-0.00322571417870023,-0.00370331652848218,-0.1307232059860961,-0.0037454117986634432,-0.004298522813490191,-0.1407572889519935,-0.004303830658117884,-0.004937987352980965,-0.15078656772320678,-0.004900950655612457,-0.005621688972325269,-0.16081069767199452,-0.005536750359825137,-0.0063496049767936946,-0.17082933434754205,-0.006211207010299406,-0.0071217111523365195,-0.18084213348779782,-0.006924296518226371,-0.007937981766415766,-0.1908487510313031,-0.007675993467272501,-0.008798389568889427,-0.2008488431290148,-0.00846627111445301,-0.009702905792947858,-0.21084206615612092,-0.009295101391050817,-0.010651500156102285,-0.2208280767238486,-0.010162454903581045,-0.011644140861225376,-0.2308065316912637,-0.011068300934801071,-0.012680794597643881,-0.24077708817706192,-0.01201260744476605,-0.013761426542283274,-0.2507394035713514,-0.01299534107192988,-0.014886000360864356,-0.26069313554742524,-0.014016467134291596,-0.016054478209151804,-0.27063794207352515,-0.015075949630587138,-0.017266820734254586,-0.28057348142459426,-0.016173751241526434,-0.018522987075978235,-0.29049941219401976,-0.017309833331075816,-0.019822934868228923,-0.30041539330536465,-0.018484155947785613,-0.021166620240469242,-0.3103210840240877,-0.019696677826163016,-0.022553997819225728,-0.3202161439692523,-0.02094735638809006,-0.023985020729648004,-0.3301002331252226,-0.022236147744286717,-0.025459640597119526,-0.33997301185334733,-0.023563006695819035,-0.026977807548919853,-0.3498341409036309,-0.024927886735652303,-0.028539470215938403,-0.35968328142639056,-0.026330740050249164,-0.03014457573443965,-0.3695200949839005,-0.02777151752121258,-0.031793069747879626,-0.37934424356202107,-0.029250168726973683,-0.03348489640877376,-0.38915538958181417
1770565171.2008939,11.234348773956299,7.742616891860962,0.8310778666531128,0.0,0.0,0.0,-1.766162197639896e-05,-1.9082500889330404e-05,-0.01007109929575787,-7.988897614713759e-05,-8.674498617517972e-05,-0.020141812616588366,-0.00018667951424377428,-0.0002029844480929743,-0.03021170843240991,-0.00033802877846511093,-0.00036779579735433737,-0.0402803552481711,-0.0005339304016682099,-0.0005811718633651651,-0.05034732162234025,-0.0007743761076412265,-0.000843103394532887,-0.06041217618539267,-0.0010593557114580456,-0.001153579058662898,-0.07047448765829488,-0.0013888571199147043,-0.0015125854434441407,-0.08053382487098486,-0.0017628663320475883,-0.001920107057023827,-0.09058975678084775,-0.002181367439733373,-0.002376126328671262,-0.10064185249118604,-0.0026443426283706854,-0.00288062360953075,-0.1106896812696834,-0.0031517721776434617,-0.00343357717346355,-0.12073281256686166,-0.003703634462365965,-0.0040349632179788415,-0.13077081603452984,-0.00429990595340942,-0.004684755865253658,-0.1408032615442245,-0.004940561218710239,-0.005382927163241756,-0.15082971920564087,-0.0056255729243597915,-0.006129447086871363,-0.16084975938505358,-0.006354911835775655,-0.006924283539331744,-0.17086295272372645,-0.007128546818954317,-0.007767402353448556,-0.1808688701563105,-0.007946444841805279,-0.008658767293147917,-0.1908670829292296,-0.008808570975566468,-0.009598340055009109,-0.20085716261905223,-0.00971488839630094,-0.01058608026990589,-0.21083868115084967,-0.010665358386474793,-0.011621945504736317,-0.220811210816539,-0.011659940336616203,-0.012705891264240987,-0.23077432429321032,-0.012698591747055541,-0.013837870992909673,-0.24072759466143745,-0.0137812682297465,-0.015017836076976232,-0.25067059542357173,-0.014907923510168106,-0.016245735846501692,-0.2606029005220172,-0.016078509429307584,-0.01752151757754547,-0.2705240843574871,-0.01729297594572398,-0.018845126494424585,-0.28043372180724113,-0.018551271137692428,-0.0202165057720608,-0.29033138824330157,-0.01985334120542902,-0.021635596538415597,-0.300216659550649,-0.021199130473396093,-0.023102337877012807,-0.31008911214539536,-0.02258858139268794,-0.02461666682954891,-0.3199483229929344,-0.0240216345434968,-0.02617851839859079,-0.32979386962606916,-0.02549822863765897,-0.027787825550360874,-0.33962533016311425,-0.027018300521281017,-0.029444519217609533,-0.3494422833259737,-0.02858178517744592,-0.031148528302574606,-0.3592443084581927,-0.030188615728999068,-0.032899779680027975,-0.36903098554298286,-0.0318387234414139,-0.03469819820040893,-0.37880189522121965,-0.03353203772573721,-0.03654370669304436,-0.3885566188094121
1770565171.231365,11.504608154296875,7.839689254760742,0.793193501839846,0.0,0.0,0.0,-1.8762795435639266e-05,-1.979499212003268e-05,-0.010072222509362625,-8.373308062168932e-05,-8.967859657068323e-05,-0.020144029966853945,-0.00019490848450794097,-0.00020964705790530128,-0.030214961317121064,-0.00035228452091405795,-0.00037969432794446843,-0.040284555544916695,-0.0005558545887349407,-0.0005998120660528658,-0.05035235169620304,-0.0008056099722429056,-0.000869989639521083,-0.06041788889925287,-0.0011015398414866654,-0.001190214124052353,-0.07048070638574684,-0.00144363125278709,-0.0015604703043541855,-0.08054034351186602,-0.0018318691493297316,-0.0019807406748348797,-0.09059633977937886,-0.0022662363618540793,-0.0024510054404048762,-0.10064823485672134,-0.0027467136094395145,-0.0029712425173829154,-0.11069556860006949,-0.0032732795003879364,-0.0035414275345069645,-0.12073788107440354,-0.0038459105332030088,-0.004161533834049859,-0.13077471257456225,-0.004464581097665984,-0.004831532473039612,-0.14080560364628678,-0.005129263476008064,-0.005551392224584336,-0.15083009510725315,-0.00583992784417924,-0.006321079579301721,-0.1608477280680923,-0.006596542273213541,-0.007140558746852983,-0.17085804395339652,-0.007399072730690644,-0.008009791657581243,-0.18086058452271164,-0.008247483082293788,-0.008928737964254248,-0.19085489189151408,-0.009141735093463877,-0.00989735504391133,-0.20084050855217117,-0.01008178843114975,-0.010915597999814562,-0.21081697739488456,-0.011067600665654516,-0.011983419663504009,-0.2207838417286154,-0.012099127272577838,-0.013100770596956933,-0.23074064530199018,-0.013176321634854134,-0.014267599094850932,-0.24068693232418645,-0.014299135044886576,-0.015483851186930854,-0.2506222474857978,-0.015467516706776758,-0.016749470640479384,-0.2605461359796763,-0.016681413738649987,-0.018064398962891207,-0.27045814352175224,-0.01794077117507606,-0.01942857540435063,-0.28035781637183,-0.019245531969585394,-0.020841936960612515,-0.29024470135435865,-0.020595636997280488,-0.02230441837588645,-0.30011834587917735,-0.021991025057542423,-0.023815952145823913,-0.30997829796223314,-0.02343163287683248,-0.02537646852060846,-0.3198241062462716,-0.024917395111588587,-0.026985895508148634,-0.32965532002149867,-0.02644824435121658,-0.028644158877373562,-0.33947148924621257,-0.028024111121176025,-0.03035118216163102,-0.3492721645674055,-0.029644923886160558,-0.03210688666218783,-0.3590568973413337,-0.03131060905337259,-0.0339111914518325,-0.368825239654055,-0.0330210909758921,-0.03576401337857977,-0.37857674434193267,-0.03477629195613957,-0.03766526706947708,-0.3883109650121055
1770565171.289906,11.671031713485718,8.05092179775238,0.8644286518254315,0.0,0.0,0.0,-2.330686958634122e-05,-2.4717114679265576e-05,-0.010077001859194181,-9.944118630472208e-05,-0.00010711034045814412,-0.02015343653345054,-0.00022839976815230027,-0.0002471734271820987,-0.030228696991607358,-0.00041017625082149725,-0.00044489665047747876,-0.04030217627324169,-0.0006447610880834056,-0.0007002668123373486,-0.050373267525234605,-0.0009321415523628855,-0.0010132672419165792,-0.06044136403832999,-0.0012723017355053174,-0.001383877796536156,-0.0705058592836847,-0.0016652225497349588,-0.0018120748628966375,-0.08056614694940778,-0.002110881728804858,-0.002297831358500701,-0.09062162097708668,-0.0026092538293382437,-0.00284111673328468,-0.10067167559829818,-0.0031603102323613176,-0.003441896971458996,-0.1107157053711018,-0.003764019145027356,-0.004100134593557389,-0.12075310521651367,-0.004420345602532015,-0.004815788658694796,-0.13078327045495838,-0.00512925147021972,-0.0055888147670337665,-0.1408055968426968,-0.005890695445881028,-0.006419165062459249,-0.15081948060822775,-0.006704633062240806,-0.007306788235461611,-0.1608243184886612,-0.007571016689637081,-0.008251629526227678,-0.17081950776606056,-0.008489795538890406,-0.009253630727939643,-0.1808044463037526,-0.009460915664363575,-0.010312730190281654,-0.19077853258260202,-0.01048431996721147,-0.011428862823153802,-0.2007411657372489,-0.011559948198820887,-0.012601960100593376,-0.2106917455923067,-0.012687736964440118,-0.013831950064903096,-0.22062967269851896,-0.01386761972699804,-0.015118757330986062,-0.23055434836887193,-0.01509952681111253,-0.016462303090887205,-0.24046517471466133,-0.016383385407287954,-0.017862505118540945,-0.2503615546815114,-0.017719119576301415,-0.019319277774724735,-0.26024289208534296,-0.01910665025377761,-0.020832532012218262,-0.2701085916482899,-0.0205458952549519,-0.022402175381167937,-0.27995805903456034,-0.022036769279621404,-0.024028112034656365,-0.2897907008862414,-0.023579183917283766,-0.02571024273447651,-0.29960592485904536,-0.025173047652463264,-0.02744846485711007,-0.3094031396579937,-0.026818265870224022,-0.029242672399909894,-0.31918175507303925,-0.028514740861869912,-0.031092755987485916,-0.32894118201462197,-0.030262371830830845,-0.03299860287829427,-0.3386808325491579,-0.032061054898735085,-0.03496009697142923,-0.34840011993445785,-0.03391068311166721,-0.036977118813617475,-0.35809845865507506,-0.03581114644661139,-0.03904954560641439,-0.36777526445757824,-0.0377623318180795,-0.04117725121360178,-0.37742995438574894,-0.039764123084923775,-0.04336010616878677,-0.3870619468157007
1770565171.3374772,11.830163955688477,8.389105439186096,0.8925741563647119,0.0,0.0,0.0,-2.4902267157129586e-05,-2.7304921169872645e-05,-0.010077852030528375,-0.00010462953208981721,-0.00011541338152441387,-0.020155071286137364,-0.00023917753575575284,-0.0002643186617035845,-0.030230992684763855,-0.0004285384010074885,-0.00047401002982779125,-0.040304951230002044,-0.000672700633112322,-0.0007444727422061798,-0.0503762820549924,-0.0009716491205109374,-0.0010756880443097022,-0.06044432046630213,-0.001325365135814752,-0.001467633172008897,-0.07050840198779418,-0.0017338263370419026,-0.001920281353076294,-0.08056786240448181,-0.002197006769091793,-0.002433601808953355,-0.09062203780636616,-0.002714876865458101,-0.003007559756781823,-0.10067026463225341,-0.003287403450180135,-0.0036421164116993495,-0.1107118797135491,-0.003914549740032409,-0.004337228989399256,-0.12074622031802647,-0.004596275346952299,-0.00509285070895425,-0.13077262419356606,-0.005332536280705602,-0.005908930795903907,-0.14079042961186353,-0.0061232849517898445,-0.006785414485605733,-0.15079897541210294,-0.0069684701745751434,-0.007722243026849573,-0.16079760104459273,-0.007868037170682388,-0.008719353685735112,-0.17078564661436105,-0.008821927572598552,-0.009776679749812249,-0.18076245292470816,-0.009830079427528898,-0.010894150532484048,-0.19072736152071273,-0.01089242720148577,-0.012071691377671962,-0.20067971473268895,-0.012008901783613773,-0.013309223664743047,-0.21061885571959194,-0.013179430490751015,-0.014606664813698855,-0.22054412851236874,-0.014403937072226102,-0.015963928290625592,-0.23045487805725123,-0.015682341714890597,-0.017380923613405274,-0.24035045025898905,-0.01701456104838661,-0.018857556357687447,-0.2502301920240192,-0.01840050815064913,-0.02039372816312107,-0.26009345130356926,-0.019840092553642788,-0.02198933673984619,-0.26993957713669203,-0.021333220249332638,-0.023644275875244973,-0.27976791969322806,-0.022879793695888582,-0.02535843544095158,-0.2895778303166938,-0.024479711824123045,-0.027131701400120566,-0.2993686615670922,-0.02613287004416138,-0.028963955814953125,-0.3091397672636428,-0.027839160252344702,-0.03085507685448088,-0.31889050252742906,-0.029598470838364612,-0.03280493880260658,-0.3286202238239597,-0.03141068669262934,-0.03481341206640121,-0.33832828900564105,-0.03327568921386085,-0.036880363184657004,-0.3480140573541581,-0.035193356316922365,-0.03900565483669567,-0.3576768896227611,-0.037163562440875916,-0.041189145851431505,-0.36731614807845553,-0.03918617855726912,-0.0434306912166884,-0.376931196544091,-0.04126107217865098,-0.04573014208877055,-0.3865214004403489
1770565171.3644068,12.173772096633911,8.672561287879944,0.8006449334360596,0.0,0.0,0.0,-2.5297752872146057e-05,-2.8211985224274598e-05,-0.010077976466312668,-0.00010588534854436672,-0.00011825177237376015,-0.020155299735203823,-0.0002417579989632292,-0.00027011266244384303,-0.03023128719139526,-0.00043290717118319594,-0.0004837837687997939,-0.040305256310094156,-0.0006793205879446294,-0.0007592500179142064,-0.05037652470322584,-0.0009809822285054288,-0.0010964921503880476,-0.0604444101656573,-0.001337872329726244,-0.0014954867222552516,-0.07050823072140834,-0.0017499673874091873,-0.0019562061065707625,-0.08056730466984714,-0.0022172401578899616,-0.0024786184952819298,-0.09062095063186726,-0.0027396596598832897,-0.0030626879013831193,-0.10066848759604277,-0.003317191176581519,-0.0037083741613533946,-0.11070923496475851,-0.003949796258006271,-0.0044156329378771154,-0.1207425126003124,-0.00463743272361296,-0.005184415722847252,-0.1307676408709864,-0.00538005466514801,-0.006014669840651222,-0.14078394069708347,-0.0061776124497585905,-0.0069063384517390235,-0.15079073359692677,-0.0070300527233546455,-0.00785936055647344,-0.16078734173281886,-0.007937318414222974,-0.00887367099926201,-0.1707730879569567,-0.008899348736893156,-0.009949200472970538,-0.18074729585730034,-0.009916079196255038,-0.011085875523617821,-0.19070928980339175,-0.010987441591927485,-0.012283618555351256,-0.20065839499212026,-0.012113364022878137,-0.013542347835703019,-0.2105939374934326,-0.013293770892293838,-0.014861977501126465,-0.22051524429598343,-0.014528582912701392,-0.016242417562812327,-0.23042164335272353,-0.015817717111338336,-0.01768357391278437,-0.24031246362642297,-0.017161086835773356,-0.019185348330274087,-0.25018703513512586,-0.018558601759775906,-0.020747638488373937,-0.2600446889975332,-0.020010167889434743,-0.022370337960968774,-0.2698847574783117,-0.021515687569524867,-0.02405333622994492,-0.2797065740333248,-0.023075059490122472,-0.02579651869267642,-0.2895094733547826,-0.024688178693467507,-0.02759976666978803,-0.29929279141630905,-0.026354936581073227,-0.029462957413194223,-0.30905586551792097,-0.028075220921082472,-0.03138596411441396,-0.31879803433091836,-0.029848915855870007,-0.033368655913160385,-0.32851863794268127,-0.03167590190989046,-0.03541089790620505,-0.3382170179013709,-0.03355605599777136,-0.03751255115651596,-0.34789251726053166,-0.03548925143265065,-0.039673472702668855,-0.3575444806235915,-0.03747535793475826,-0.041893515568531194,-0.36717225418825705,-0.03951424164024088,-0.044172528773217895,-0.3767751857908005,-0.04160576511022969,-0.04651035734131854,-0.38635262495023615
1770565171.4062636,12.621662378311157,8.949671030044556,0.8117759784478421,0.0,0.0,0.0,-2.432164431808079e-05,-2.847359411459099e-05,-0.010079684951948666,-0.0001042756365922297,-0.00012012781933305473,-0.020158705644979603,-0.00023985550047601138,-0.00027495707429243434,-0.030236359033882443,-0.0004310508795225676,-0.0004929513509489864,-0.04031194216882139,-0.000677847537907017,-0.0007740962352762785,-0.050384752244368426,-0.0009802273614194555,-0.0011183729082706205,-0.06045408664852647,-0.0013381683587284894,-0.0015257581472637588,-0.07051924301173909,-0.0017516446629152061,-0.0019962243275427386,-0.08057951925588312,-0.002220626533277489,-0.00252973942427683,-0.09063421364324126,-0.002745080357404535,-0.0031262670147513727,-0.10068262482545061,-0.0033249686535214385,-0.003785766280908389,-0.11072405189242424,-0.003960250073103684,-0.004508192012193791,-0.12075779442124215,-0.004650879403761348,-0.00529349460871098,-0.13078315252500824,-0.005396807572392827,-0.006141620084680609,-0.14079942690166983,-0.006197981648607853,-0.007052510072206287,-0.15080591888279646,-0.007054344848419594,-0.00802610182534595,-0.16080193048231456,-0.007965836538205519,-0.009062328224488606,-0.17078676444519433,-0.008932392238936814,-0.01016111778103617,-0.18075972429608572,-0.009953943630676036,-0.011322394642390052,-0.19072011438790018,-0.01103041855734265,-0.012546078597242135,-0.20066723995033434,-0.012161741031746182,-0.0138320850811698,-0.2106004071383327,-0.013347831240886603,-0.015180325182534605,-0.22051892308048596,-0.014588605551521552,-0.016590705648684173,-0.23042209592736096,-0.015883976516000053,-0.018063128892456894,-0.24030923489975975,-0.017233852878362318,-0.019597492998988997,-0.250179650336904,-0.018638139580705145,-0.021193691732823445,-0.26003265374454093,-0.02009673776981256,-0.022851614545320243,-0.26986755784296856,-0.02160954480405118,-0.024571146582367608,-0.27968367661497573,-0.02317645426052981,-0.02635216869239342,-0.2894803253536941,-0.02479735594252285,-0.028194557434676523,-0.2992568207103592,-0.026472135887156883,-0.030098185087957086,-0.30901248074197607,-0.02820067637335998,-0.03206291965934564,-0.3187466249588873,-0.029982855930073177,-0.03408862489353007,-0.32845857437223963,-0.031818549344723515,-0.03617516028227986,-0.33814765154134585,-0.03370762767195804,-0.038322381074247076,-0.34781318062093847,-0.035649958242638204,-0.04053013828506326,-0.3574544874083125,-0.03764540467309404,-0.04279827870773166,-0.3670708993903535,-0.03969382687463734,-0.04512664492331389,-0.3766617457904475,-0.04179508106333339,-0.0475150753119105,-0.3862263576152702
1770565171.4522727,13.15192437171936,9.360759258270264,0.8348464683884639,0.0,0.0,0.0,-2.334733403246436e-05,-2.7395615080635605e-05,-0.010080687481490694,-0.00010201850560913534,-0.00011778455165834041,-0.020160726997693862,-0.0002360068724240035,-0.0002711616119651477,-0.030239421313164757,-0.00042530196586591394,-0.00048751724132777496,-0.04031607328550681,-0.0006698894917426842,-0.0007668375288285251,-0.05038998591359314,-0.0009697513312698387,-0.0011091042082675094,-0.06046046238577832,-0.0013248655423238928,-0.001514294659426129,-0.07052680612809703,-0.0017352063609600936,-0.0019823819096317194,-0.08058832085244624,-0.0022007442031945247,-0.002513334635623264,-0.09064431060474766,-0.0027214456670504377,-0.0031071171657180313,-0.10069407981308709,-0.003297273534868675,-0.003763689482278995,-0.11073693333582725,-0.003928186775882031,-0.0044830072244828705,-0.12077217650969099,-0.004614140549053361,-0.005265021691388564,-0.13079911519781132,-0.005355086206177247,-0.006109679845305832,-0.14081705583774495,-0.0061509712952450115,-0.007016924315463908,-0.15082530548944628,-0.0070017395640728395,-0.007986693401979874,-0.1608231718831983,-0.007907330964192754,-0.009018921080126436,-0.17080996346749694,-0.008867681655006187,-0.010113537004898887,-0.18078498945688587,-0.009882724008199862,-0.011270466515880897,-0.1907475598797385,-0.010952386612423646,-0.012489630642408779,-0.20069698562598326,-0.012076594278230105,-0.013770946109033922,-0.2106325784947697,-0.013255268043275386,-0.015114325341282986,-0.22055365124207152,-0.014488325177781047,-0.016519676471715438,-0.23045951762822325,-0.01577567919025651,-0.01798690334627805,-0.24034949246538778,-0.017117239833481707,-0.019515905530955925,-0.25022289166495104,-0.018512913110749492,-0.021106578318719513,-0.2600790322848405,-0.01996260128236743,-0.022758812736767248,-0.26991723257676425,-0.021466202872418485,-0.024472495554063223,-0.27973681203336825,-0.023023612675780108,-0.026247509289169402,-0.2895370914353066,-0.024634721765401355,-0.02808373221837188,-0.2993173928982238,-0.02629941749983735,-0.02998103838410049,-0.3090770399196438,-0.02801758353104076,-0.031939297603641364,-0.3188153574257642,-0.029789099812409597,-0.033958375478141706,-0.3285316718181511,-0.0316138426070909,-0.03603813340190617,-0.3382253110203321,-0.033491684496539637,-0.03817842857198429,-0.347895604524284,-0.03542249438933226,-0.04037911399804816,-0.3575418834368119,-0.03740613753023439,-0.04264003851255987,-0.36716348052581727,-0.039442475509521804,-0.044961046781227705,-0.37675973026644977,-0.041531366272554326,-0.04734197931375073,-0.3863299688871423
1770565171.5702887,13.751924371719362,9.658908247947693,0.7827041376640828,0.0,0.0,0.0,-2.3462858635761372e-05,-2.6828612934598623e-05,-0.010087656725762062,-0.00010560507358540272,-0.00012100044935395007,-0.02017460240219012,-0.00024642087617748366,-0.0002825075402674003,-0.030260046157179657,-0.0004458998974022875,-0.0005113366372227692,-0.04034319723638564,-0.000704027168724812,-0.000807469213345106,-0.05042326506522205,-0.0010207831232583885,-0.0011708814647893029,-0.060499459310847416,-0.0013961435972988394,-0.001601544312606454,-0.07057098994413132,-0.0018300798322190474,-0.0020994234050238075,-0.08063706730159706,-0.002322558476723799,-0.0026644791201381433,-0.0906969021473358,-0.002873541589464714,-0.003296666569022355,-0.10074970573488704,-0.0034829866420150596,-0.003995935599244991,-0.11079468986908067,-0.004150846522204225,-0.004762230798802498,-0.12083106696783605,-0.0048770695378115795,-0.0055954915004638285,-0.13085805012391277,-0.005661599420619433,-0.006495651786527095,-0.1408748531666086,-0.006504375330824782,-0.007462640493987891,-0.15088069072339966,-0.007405331861809503,-0.00849638122011888,-0.1608747782815181,-0.008364399045268587,-0.009596792328460188,-0.17085633224946223,-0.009381502356696053,-0.010763786955220163,-0.18082457001843447,-0.0104565627212281,-0.011997273016086003,-0.19077871002370242,-0.011589496519843008,-0.013297153213443665,-0.20071797180587772,-0.012780215595917344,-0.01466332504400655,-0.21064157607210854,-0.01402862726213795,-0.016095680806852357,-0.22054874475718053,-0.015334634307769133,-0.017594107611867416,-0.23043870108452144,-0.01669813500627454,-0.019158487388597913,-0.24031066962710473,-0.0181190231232931,-0.02078869689550731,-0.2501638763682476,-0.019597187924968385,-0.022484607729639127,-0.2599975487622979,-0.02113251418663077,-0.024246086336684486,-0.2698109157952064,-0.022724882201831706,-0.026072994021453518,-0.27960320804497824,-0.024374167791729347,-0.027965186958749833,-0.28937365774200025,-0.02608024231482493,-0.029922516204647257,-0.2991214988292384,-0.027842972677048924,-0.031944827708167825,-0.30884596702230055,-0.029662221342196395,-0.03403196232336028,-0.3185462998693611,-0.03153784634271061,-0.036183755821778005,-0.3282217368109413,-0.033469701290814086,-0.03840003890535544,-0.3378715192395413,-0.03545763538998622,-0.04068063721968203,-0.34749489055911936,-0.03750149344678656,-0.04302537136767254,-0.35709109624441315,-0.03960111588302293,-0.045434056923632886,-0.3666593839000989,-0.04175633874826313,-0.04790650444772005,-0.3761990033197831,-0.043966993732689655,-0.050442519500795285,-0.38570920654482327
1770565171.6140218,14.269139528274536,9.709919571876526,0.7562531637201715,0.0,0.0,0.0,-2.5022390568954313e-05,-2.8819958937024245e-05,-0.010089424670558516,-0.00011115189861345628,-0.00012838399453501219,-0.02017806263063377,-0.00025838195938915885,-0.00029868284283846106,-0.030265047782798447,-0.0004667007627344632,-0.0005397011673836793,-0.04034951417151757,-0.0007360912540844114,-0.0008514175605154085,-0.05043059605748983,-0.0010665311359348056,-0.0012338045452246523,-0.0605074279919704,-0.00145799286975643,-0.0016868285775075527,-0.07057914489106881,-0.0019104436783592036,-0.002210450049245107,-0.08064488211001541,-0.0024238455487060745,-0.002804623291603493,-0.0907037755173903,-0.0029981552351764,-0.0034692965789546873,-0.10075496156930798,-0.0036333242632785377,-0.00420441213331706,-0.11079757738355173,-0.004329298933811338,-0.005009906129315559,-0.12083076081365113,-0.005086020327474161,-0.005885708699661054,-0.13085365052289644,-0.0059034243099250405,-0.006831743941148369,-0.14086538605828333,-0.0067814415372865495,-0.007847929921172494,-0.15086510792438193,-0.007719997462098912,-0.00893417868476243,-0.16085195765712368,-0.008719012339719811,-0.01009039626213201,-0.17082507789749934,-0.009778401235170391,-0.011316482676747123,-0.18078361246516253,-0.010898074030426846,-0.0126123319539086,-0.19072670643193185,-0.012077935432156944,-0.013977832129850022,-0.2006535061951855,-0.013317884979900869,-0.015412865261349693,-0.21056315955114216,-0.014617817054695656,-0.016917307435855962,-0.2204548157680219,-0.01597762088814245,-0.018491028782124958,-0.23032762565908044,-0.017397180571915867,-0.02013389348136992,-0.24018074165551095,-0.01887637506771462,-0.021845759778921107,-0.25001331787920705,-0.020415078217652503,-0.023626479996395267,-0.2598245102153804,-0.02201315875508893,-0.025475900544373684,-0.26961347638502703,-0.023670480315898038,-0.02739386193558767,-0.2793793760172363,-0.02538690145017539,-0.029380198798610358,-0.2891213707213356,-0.027162275634381346,-0.03143473989205373,-0.2988386241588656,-0.028996451283919894,-0.033557308119269436,-0.3085303021153786,-0.030889271766152072,-0.03574772054355238,-0.31819557257205516,-0.0328405754138427,-0.03800578840384568,-0.3278336057771323,-0.03485019553903934,-0.04033131713094555,-0.3374435743171362,-0.0369179604473823,-0.042724106364204914,-0.3470246531879153,-0.03904369345284438,-0.0451839499687341,-0.35657601986546583,-0.04122721289289925,-0.0477106360530974,-0.36609685437654454,-0.0434683321441169,-0.05030394698750361,-0.37558633936906266,-0.045766859638185116,-0.05296365942248939,-0.38504366018225455
1770565171.6842356,14.350612163543701,9.863309741020203,0.9690569368463645,0.0,0.0,0.0,-2.765756902709645e-05,-3.2929313974873074e-05,-0.010090715009715348,-0.00011989062967046852,-0.0001417716281596073,-0.020180513096564615,-0.0002766901722864554,-0.00032651633456376575,-0.03026840995820801,-0.0004980408884988852,-0.0005871454205985669,-0.04035342147777907,-0.0007839211726924761,-0.0009236334708340938,-0.05043456381988937,-0.0011343031241205608,-0.0013359476694786824,-0.06051085352660587,-0.001549152549626927,-0.001824047803580248,-0.07058130761339135,-0.0020284289669815075,-0.0023878862669492297,-0.08064494366499864,-0.0025720856088295996,-0.003027408064802786,-0.09070077993130948,-0.0031800694272542222,-0.0037425508191297726,-0.10074783542310835,-0.003852321098951166,-0.00453324477477598,-0.11078513000778199,-0.004588775031016241,-0.005399412806249057,-0.12081168450493564,-0.005389359367344144,-0.006340970425242432,-0.13082652078191612,-0.006253995995638327,-0.007357825788877503,-0.14082866184923276,-0.007182600555031189,-0.008449879708663307,-0.1508171319558669,-0.008175082444313845,-0.009617025660172791,-0.16079095668446058,-0.009231344830774644,-0.010859149793434705,-0.17074916304637489,-0.010351284659645629,-0.012176130944040166,-0.1806907795766092,-0.011534792664155968,-0.013567840644962768,-0.19061483642857177,-0.012781753376191383,-0.015034143139091072,-0.2005203654686922,-0.01409204513755856,-0.016574895392472293,-0.21040640037086697,-0.015465540111853434,-0.018189947108265894,-0.22027197671072882,-0.01690210429693216,-0.01987914074140565,-0.2301161320597301,-0.018401597537983594,-0.021642311513968848,-0.23993790607903195,-0.019963873541202007,-0.0234792874312511,-0.2497363406131894,-0.02158877988805864,-0.025389889298545118,-0.2595104797836233,-0.0232761580501708,-0.027373930738621946,-0.26925937008187045,-0.02502584340476697,-0.029431218209912836,-0.2789820604626024,-0.02683766525074645,-0.031561551025390044,-0.2886776024364037,-0.028711446825332016,-0.03376472137214476,-0.2983450501623015,-0.03064700532131381,-0.036040514331660035,-0.3079834605400357,-0.03264415190488301,-0.03838870790077708,-0.31759189330206294,-0.034702691734053354,-0.04080907301335257,-0.32716941110528314,-0.03682242397766879,-0.04330137356260505,-0.3367150796224817,-0.039003141834995446,-0.045865366424148124,-0.3462279676334769,-0.041244632555895853,-0.048500801479708276,-0.3557071471159642,-0.04354667746158371,-0.05120742164152501,-0.365151693336049,-0.04590905196595683,-0.05398496287743078,-0.3745606849384582,-0.04833152559750654,-0.05683315423660847,-0.38393320403642206
1770565171.733358,14.184656381607056,9.924512386322021,1.0180562644449471,0.0,0.0,0.0,-2.8509111975026044e-05,-3.534925728698514e-05,-0.010093234107690828,-0.00012429933630350493,-0.00014943607385575834,-0.020185471023987538,-0.00028735618493025915,-0.0003422521979505879,-0.03027564807281602,-0.0005176580866623899,-0.0006137810876639214,-0.04036270279500506,-0.0008151763894407112,-0.0009639979126782384,-0.05044557306016269,-0.0011798753633567955,-0.0013928695568806695,-0.060523197178517875,-0.0016117122044153145,-0.0019003546218501056,-0.07059451401271595,-0.0021106370390412722,-0.0024864034312164244,-0.08065846308955567,-0.002676592929331669,-0.0031509580358913894,-0.09071398471165654,-0.0033095158790510284,-0.0038939522201706543,-0.10076002006904429,-0.004009334840370162,-0.004715311508706235,-0.11079551135064299,-0.004775971721347472,-0.0056149531743487305,-0.12081940185566195,-0.005609341394151984,-0.006592786246858439,-0.13083063610486578,-0.006509351704027262,-0.007648711522484474,-0.1408281599517157,-0.007475903478995247,-0.008782621574410862,-0.1508109206933705,-0.008508890540299026,-0.009994400764068535,-0.16077786718153575,-0.009608199713583374,-0.011283925253311991,-0.17072794993314902,-0.01077371084081196,-0.012651063017459394,-0.1806601212408898,-0.012005296792919935,-0.014095673859194698,-0.19057333528350257,-0.013302823483200523,-0.015617609423330335,-0.2004665482359212,-0.014666149881424291,-0.017216713212428944,-0.21033871837918305,-0.01609512802868956,-0.018892820603282463,-0.22018880621012157,-0.017589603053002386,-0.02064575886424685,-0.23001577455082517,-0.019149413185584482,-0.02247534717343063,-0.23981858865785158,-0.02077438977790741,-0.02438139663773536,-0.24959621633118587,-0.02246435731945114,-0.026363710312745935,-0.2593476280229303,-0.024219133456185236,-0.02842208322346874,-0.2690717969457153,-0.02603852900977062,-0.030556302385915408,-0.2787676991808196,-0.027922347997479943,-0.03276614682952988,-0.2884343137859881,-0.02987038765283449,-0.03505138762045655,-0.2980706229029369,-0.03188243844695531,-0.0374117878856468,-0.3076756118645328,-0.033958284110626555,-0.03984710283780162,-0.3172482693016374,-0.03609770165706846,-0.0423570798011476,-0.32678758724960366,-0.03830046140541775,-0.044941458238043505,-0.3362925612544139,-0.040566327004912896,-0.047599969776414786,-0.3457621904784486,-0.04289505545978172,-0.050332338238012954,-0.3551954778058734,-0.04528639715482875,-0.053138279667497075,-0.36459142994763566,-0.047740095881719485,-0.05601750236233402,-0.37394905754605645,-0.050255888865959025,-0.058969706903514635,-0.3832673752790099
1770565171.7850344,14.271111488342285,9.988707304000854,0.8914500087346932,0.0,0.0,0.0,-2.8623357040411227e-05,-3.4603706714384415e-05,-0.010095609732342956,-0.0001264872093845922,-0.00014851290832189624,-0.020190202363690152,-0.0002935756782655274,-0.0003417197881354511,-0.030282680082863042,-0.0005298653562769186,-0.0006142079053159644,-0.0403719453086939,-0.0008353253099188966,-0.0009659521966604023,-0.050456900809395105,-0.0012099170829622456,-0.0013969189793275724,-0.06053644982189041,-0.0016535947006307758,-0.0019070659545013585,-0.07060949617109528,-0.002166304674601386,-0.0024963422119909963,-0.08067494438913321,-0.0027479860088212766,-0.0031646882357679006,-0.09073169983447521,-0.0033985702061416793,-0.003912035910438431,-0.10077866881098937,-0.004117981275767375,-0.004738308528651887,-0.1108147586868876,-0.0049061357415212045,-0.005643420799442959,-0.12083887801355664,-0.00576294265092266,-0.006627278857507679,-0.13084993664426042,-0.0066883035850795695,-0.007689780273411904,-0.14084684585270074,-0.0076821126693918124,-0.008830814064731194,-0.15082851845142353,-0.008744256585065897,-0.01005026070812091,-0.16079386891005784,-0.00987461458143912,-0.011347992152315151,-0.17074181347337436,-0.011073058489112012,-0.012723871832053198,-0.18067127027915114,-0.012339452733887632,-0.01417775468293191,-0.19058115947583337,-0.013673654351516143,-0.015709487157182414,-0.20047040333997435,-0.015075513003243137,-0.017318907240369476,-0.2103379263934451,-0.016544870992159996,-0.019005844469011657,-0.22018265552039992,-0.018081563280354453,-0.020770119949120328,-0.23000352008398478,-0.019685417506859582,-0.022611546375655604,-0.23979945204277622,-0.021356254006399223,-0.02452992805289703,-0.24956938606693815,-0.02309388582892774,-0.026525060915726765,-0.2593122596540834,-0.02489811875996212,-0.02859673255182305,-0.269027013244828,-0.026768751341704086,-0.030744722224761458,-0.2787125903380253,-0.028705574894949955,-0.03296880089802145,-0.2883679376056677,-0.030708373541785954,-0.03526873125989566,-0.297992005007443,-0.032776924229066313,-0.03764426774929907,-0.30758374590493315,-0.03491099675267183,-0.04009515658247546,-0.3171421171754434,-0.03711035378254608,-0.04262113578059806,-0.3266660793254486,-0.03937475088850668,-0.04522193519826154,-0.33615459660364544,-0.04170393656682865,-0.04789727655286206,-0.34560663711359696,-0.04409765226759717,-0.05064687345486241,-0.35502117292595825,-0.04655563242282661,-0.05347043143893881,-0.36439718019027095,-0.04907760447534276,-0.056367647996005896,-0.3737336392463133,-0.05166328890842533,-0.059338212606116665,-0.38302953473499535
1770565171.8383834,14.787887334823608,10.299709439277649,0.8069909799997987,0.0,0.0,0.0,-2.9970733351559244e-05,-3.3223776605030084e-05,-0.010099470066621982,-0.00013287313471384754,-0.00014650985623083863,-0.02019787961965016,-0.0003086936635410298,-0.000339846766310343,-0.030294067368653352,-0.0005574103938623813,-0.0006132138286063554,-0.040386872278702975,-0.0008789930168037262,-0.0009665811615895349,-0.0504751337038895,-0.001273402844072891,-0.0013999096838746973,-0.06055769152079421,-0.0017405928124087757,-0.0019131511187150904,-0.07063338626190087,-0.002280507488993521,-0.002506247999554111,-0.08070105924893185,-0.0028930830778271677,-0.0031791336766338364,-0.09075955272609373,-0.003578247427064051,-0.0039317323246596,-0.10080770999321663,-0.004335920037310105,-0.00476395895151973,-0.11084437553877209,-0.005166012070880121,-0.005675719408059461,-0.12086839517275452,-0.006068426362013887,-0.0066669103989078805,-0.13087861615941043,-0.007043057428050027,-0.007737419494356666,-0.14087388734980055,-0.008089791481556287,-0.008887125143289253,-0.1508530593141794,-0.00920850644341484,-0.010115896687158964,-0.16081498447417725,-0.010399071956861107,-0.011423594375014433,-0.17075851723476906,-0.011661349402474508,-0.012810069379570665,-0.1806825141160154,-0.012995191914119398,-0.014275163814323866,-0.19058583388456027,-0.014400444395834329,-0.015818710751708015,-0.2004673376848702,-0.015876943539667766,-0.017440534242291184,-0.21032588917020031,-0.017424517844458143,-0.019140449335009354,-0.22016035463327166,-0.0190429876355561,-0.020918262098435343,-0.2299696031366451,-0.020732165085486698,-0.022773769643080526,-0.23975250664277656,-0.022491854235549162,-0.024706760144726676,-0.24950794014373898,-0.02432185101835169,-0.026717012868785278,-0.25923478179059567,-0.026221943281278765,-0.028804298195681526,-0.26893191302241054,-0.028191910810888243,-0.03096837764726007,-0.2785982186948801,-0.030231525358235395,-0.03320900391420947,-0.28823258720857264,-0.03234055066512109,-0.035525920884502286,-0.2978339106367598,-0.03451874249126092,-0.0379188636728473,-0.3074010848528256,-0.036765848642372284,-0.04038755865115082,-0.3169330096572386,-0.03908160899917624,-0.04293172347998327,-0.3264285889040725,-0.04146575554731059,-0.045551067141047646,-0.33588673062706054,-0.043918012408151005,-0.04824528997064594,-0.34530634716516906,-0.046438095870536385,-0.05101408369413983,-0.3546863552876763,-0.049025714423395116,-0.053857131461401614,-0.36402567631874155,-0.05168056878926812,-0.05677410788325121,-0.3733232362614505,-0.05440235195872514,-0.059764679068875275,-0.3825779659213223
1770565171.8794823,15.38788733482361,10.707793593406677,0.7843713284744586,0.0,0.0,0.0,-3.17938762408341e-05,-3.351378939479126e-05,-0.010101035323117662,-0.000139370702729768,-0.00014824694417464747,-0.020200951788860295,-0.0003227186171705788,-0.00034418451564578593,-0.030298527837767264,-0.0005818165929300654,-0.0006213017336289629,-0.040392542193445916,-0.0009166344415811707,-0.0009795640094553693,-0.050481774010282116,-0.0013271328165542018,-0.0014189269401500494,-0.060565003021098664,-0.001813263217895707,-0.0019393363138023394,-0.07064100968474384,-0.0023749679981344297,-0.002540728116122668,-0.08070857533359196,-0.0030121803692536395,-0.003223028538184939,-0.09076648232093855,-0.003724824410768987,-0.0039861539853535514,-0.10081351416827174,-0.0045128150789109055,-0.004830011087393969,-0.11084845571240255,-0.005376058216910464,-0.005754496709765642,-0.12087009325243613,-0.006314450566387407,-0.006759497966095884,-0.13087721469656596,-0.007327879779839012,-0.007844892231833217,-0.1408686097086736,-0.00841622443422826,-0.009010547159078527,-0.15084306985471596,-0.009579354045669678,-0.010256320692592242,-0.16079938874888275,-0.010817129085211052,-0.011582061086975565,-0.17073636219950583,-0.012129400995709127,-0.012987606925023742,-0.18065278835470353,-0.013516012209797265,-0.014472787137249104,-0.19054746784774182,-0.014976796168942832,-0.0160374210225715,-0.2004192039420949,-0.01651157734359207,-0.017681318270173687,-0.21026680267618766,-0.01812017125440001,-0.019404278982518997,-0.22008907300780273,-0.01980238449454278,-0.021206093699528444,-0.22988482695813406,-0.02155801475310975,-0.02308654342391446,-0.23965287975547028,-0.023386850839572544,-0.02504539964766811,-0.24939204997849018,-0.02528867270932805,-0.02708242437969658,-0.2591011596991527,-0.027263251490312296,-0.02919737017460767,-0.2687790346251647,-0.02931034951068201,-0.03138998016263773,-0.2784245042420089,-0.03142972032756045,-0.03365998808071944,-0.28803640195451463,-0.03362110875684416,-0.03600711830468579,-0.2976135652279554,-0.0358842509040668,-0.03843108588260606,-0.3071548357286541,-0.038218874196316636,-0.040931596569250196,-0.3166590594640811,-0.04062469741520358,-0.043508346861677025,-0.3261250869224271,-0.04310143073087191,-0.04616102403594226,-0.3355517732116335,-0.04564877573705449,-0.04888930618492173,-0.3449379781978648,-0.048266425487164345,-0.05169286225724529,-0.35428256664340496,-0.05095406453141916,-0.05457135209733674,-0.3635844083439619,-0.05371136895499411,-0.057524426486554814,-0.3728423782653629,-0.05653800641719868,-0.06055172718543038,-0.3820553566796249
1770565171.9965193,15.925912141799927,10.905644059181213,0.8674622958112569,0.0,0.0,0.0,-3.4818129438364166e-05,-3.534482065180498e-05,-0.010104539970533035,-0.00015059281435288142,-0.00015727033113399267,-0.020207802834040674,-0.0003473155439990619,-0.0003657528112647652,-0.030308398183675568,-0.00062496666701154,-0.0006607566283030255,-0.04040493597971178,-0.0009835153941086285,-0.0010422342418523974,-0.05049602674085152,-0.001422919802329749,-0.0015101262104040584,-0.060580281735455,-0.0019431268408051567,-0.0020643611995174865,-0.0706563131726672,-0.002544072338057159,-0.002704855991637987,-0.08072273439341496,-0.0032256810108318348,-0.0034315154975496642,-0.09077816006124859,-0.0039878664744600265,-0.0042442327694622445,-0.1008212063530012,-0.004830531254746183,-0.005142889015729955,-0.11085049114923988,-0.005753566801383428,-0.006127353617200445,-0.12086463422448243,-0.006756853502892991,-0.007197484145191481,-0.13086225743715335,-0.007840260703085947,-0.008353126381092948,-0.14084198491925307,-0.009003646719045012,-0.009594114337591463,-0.15080244326571418,-0.010246858860623924,-0.010920270281514693,-0.16074226172341904,-0.011569733451461681,-0.012331404758292183,-0.17066007237985184,-0.0129720958515088,-0.013827316618029394,-0.1805545103513602,-0.01445376048106249,-0.01540779304319133,-0.19042421397099976,-0.01601453084630736,-0.017072609577891917,-0.200267824975936,-0.017654199566358254,-0.018821530158785155,-0.2100839886943776,-0.019372548401801436,-0.020654307147553782,-0.2198713542320157,-0.021169348284730147,-0.022570681364990915,-0.229628574657943,-0.02304435935027051,-0.02457038212667007,-0.23935430719002768,-0.024997330969593383,-0.026653127280198606,-0.24904721337971625,-0.027028001784407563,-0.028818623244049442,-0.2587059592962398,-0.02913609974292973,-0.031066565047965747,-0.2683292157101988,-0.03132134213732605,-0.03339663637493303,-0.2779156582765005,-0.033583435642620334,-0.03580850960471282,-0.2874639677166245,-0.03592207635706347,-0.03830184585893204,-0.2969728300001909,-0.038336949843958405,-0.0408762950477217,-0.3064409365258058,-0.04082773117493506,-0.04353149591789869,-0.3158669843011601,-0.043394084974669206,-0.046267076102683866,-0.32524967612235633,-0.0460356654670391,-0.04908265217294973,-0.33458772075243837,-0.04875211652271352,-0.05197782968999053,-0.3438798330991005,-0.051543071708164745,-0.054952203259807625,-0.3531247343915504,-0.05440815433609962,-0.05800535658890258,-0.3623211523565026,-0.057346977517301806,-0.06113686254157025,-0.37146782139327683,-0.06035914421387812,-0.06434628319868414,-0.3805634827479792
1770565172.027767,16.01480269432068,11.221097588539124,0.9947456132557566,0.0,0.0,0.0,-3.503643252170499e-05,-3.669295852325349e-05,-0.010105882630228697,-0.0001516426008226728,-0.0001631797964127365,-0.020210428256043987,-0.0003498112986785974,-0.00037943356580185034,-0.030312180721702303,-0.0006295235650535173,-0.0006854143815919314,-0.040409684274011,-0.000990748686832485,-0.001081069427200501,-0.05050148377213187,-0.0014334442032479478,-0.001566332962173204,-0.06058612489729637,-0.001957555911999206,-0.0021411263316583416,-0.07066215436240242,-0.0025630178770640567,-0.0028053579777426218,-0.08072812012146248,-0.003249752438201517,-0.0035589234526465147,-0.0907825715788728,-0.004017670222144232,-0.004401705433777291,-0.1008240597984736,-0.004866670155478969,-0.005333573740637575,-0.11085113771237005,-0.0057966394792133506,-0.006354385353587001,-0.12086236032948414,-0.006807453765026703,-0.007463984434454233,-0.13085628494380708,-0.007898976933202696,-0.008662202348996399,-0.14083147134232246,-0.00907106127224118,-0.009948857691202694,-0.15078648201257008,-0.01032354746014642,-0.01132375630943868,-0.16071988234982068,-0.011656264587388603,-0.012786691334427442,-0.17063024086383144,-0.013069030181535364,-0.014337443209063643,-0.18051612938515266,-0.014561650233549774,-0.01597577972005617,-0.19037612327095604,-0.016133919225750942,-0.01770145603139474,-0.20020880161035445,-0.017785620161433292,-0.019514214719635735,-0.21001274742918394,-0.01951652459614019,-0.021413785811002155,-0.21978654789421848,-0.021326392670587384,-0.02339988682029227,-0.22952879451678773,-0.023214973145231604,-0.02547222279159147,-0.23923808335576882,-0.02518200343647928,-0.027630486340781392,-0.2489130152199228,-0.02722720965453012,-0.029874357699840186,-0.25855219586954614,-0.02935030664285019,-0.032203504762927555,-0.26815423621740925,-0.03155099801926875,-0.03461758313424794,-0.2777177525289517,-0.033828976218692915,-0.037116236177684905,-0.2872413666217067,-0.036183922537434035,-0.039699095068199686,-0.296723706063925,-0.0386155071791393,-0.04236577884498625,-0.30616340437236994,-0.04112338930232212,-0.04511589446637551,-0.3155591012092555,-0.04370721706948425,-0.04794903686648061,-0.3249094425782985,-0.04636662769782272,-0.05086478901357507,-0.33421308101985686,-0.04910124751151416,-0.05386272197019553,-0.34346867580512574,-0.05191069199556905,-0.0569423949549603,-0.3526748931293638,-0.05479456585124817,-0.06010335540609493,-0.3618304063041215,-0.05775246305303307,-0.06334513904665547,-0.37093389594844356,-0.06078396690714259,-0.06666726995144018,-0.37998405017901865
1770565172.05599,15.805047512054443,11.239581227302551,1.0593420201559098,0.0,0.0,0.0,-3.50899158445266e-05,-3.789775945325203e-05,-0.010106090142982376,-0.00015187647386287836,-0.00016719858164364337,-0.020210810243208914,-0.0003503510326212496,-0.00038787579988576167,-0.030312673276742315,-0.0006304929286662065,-0.0006998892996338363,-0.04041019264011967,-0.0009922694795657262,-0.001103185524385394,-0.05050188236913582,-0.0014356359887190686,-0.0015976974835631673,-0.06058625735753264,-0.001960535751934775,-0.0021833447623740955,-0.0706618335755621,-0.002566900065775819,-0.0028600335336439646,-0.0807271282883908,-0.00325464823767069,-0.0036276565716259514,-0.09078066027431406,-0.004023687597788917,-0.00448609326778103,-0.10082095004274721,-0.004873913512679278,-0.005435209648527925,-0.11084652005196216,-0.005805209400668709,-0.0064748583949600005,-0.12085589492653717,-0.006817446749019617,-0.007604878864526175,-0.1308476016744878,-0.007910485132843098,-0.00882509711467268,-0.14082016990404705,-0.009084172235765254,-0.010135325928442173,-0.15077213204006282,-0.010338343872343609,-0.011535364842026464,-0.16070202353998103,-0.011672824012230243,-0.013025000174268747,-0.1706083831093821,-0.01308742480607819,-0.014604005058111056,-0.18048975291703964,-0.014581946613187227,-0.01627213947398229,-0.19034467880946962,-0.01615617803088496,-0.01802915028512186,-0.2001717105249377,-0.017809895925638967,-0.019874771274833836,-0.2099694019068945,-0.01954286546589535,-0.02180872318566604,-0.21973631111680628,-0.021354840156638872,-0.02383071376050835,-0.2294710008463502,-0.023245561875669632,-0.025940437785604165,-0.23917203852894303,-0.025214760911590896,-0.028137577135468723,-0.24883799655057193,-0.0272621560035025,-0.03042180081970758,-0.25846745245989616,-0.02938745438239402,-0.03279276503172847,-0.2680589891775894,-0.03159035181423156,-0.035250113199339315,-0.2776111952048912,-0.03387053264473187,-0.03779347603722492,-0.28712266483133697,-0.0362276698458172,-0.04042247160129472,-0.29659199834163685,-0.03866142506374395,-0.0431367053448934,-0.30601780222167113,-0.041171448668898214,-0.04593577017686638,-0.315398689363574,-0.043757379807250765,-0.04881924652147138,-0.3247332792698742,-0.0464188464534639,-0.051786702380127336,-0.3340201982566626,-0.0491554654656424,-0.054837693394991664,-0.3432580796557574,-0.05196684264172052,-0.05797176291435633,-0.35244556401583627,-0.05485257277747671,-0.06118844205985334,-0.3615812993025073,-0.057812239726167426,-0.06448724979545946,-0.37066394109728745,-0.060845416459771505,-0.06786769299829032,-0.3796921527954605
1770565172.0966341,15.538783550262451,11.193905353546143,0.9770063813888286,0.0,0.0,0.0,-3.5178766697777654e-05,-3.954244765597219e-05,-0.010106881288880785,-0.00015206554941010322,-0.0001721979590058414,-0.020212354615187923,-0.0003506489009277991,-0.0003979412369437716,-0.0303149016731381,-0.000630905099118427,-0.0007167329979112753,-0.040413004596620325,-0.000992798150490542,-0.0011285199777995747,-0.05050514618725556,-0.0014362797956017205,-0.0016332349399525428,-0.06058981014235602,-0.0019612895163095513,-0.002230796685269024,-0.07066548128274995,-0.002567754544864494,-0.0029211100644030083,-0.08073064578043748,-0.0032555898748432475,-0.0037040659920598426,-0.09078379138604363,-0.004024698273920981,-0.004579541463386312,-0.10082340765603398,-0.0048749702984805,-0.005547399572452137,-0.11084798617965902,-0.00580628431005618,-0.0066074895328201155,-0.12085602080559321,-0.0068185064936101564,-0.0077596467002018134,-0.13084600786823447,-0.007911490877638061,-0.009003692597195391,-0.14081644641363006,-0.009085079356101262,-0.010339434940101859,-0.1507658384249953,-0.010339101712182332,-0.011766667667815757,-0.16069268904779088,-0.01167337564386014,-0.013285170972785846,-0.1705955068143248,-0.013087706791300767,-0.014894711334041234,-0.18047280386784584,-0.014581888766060114,-0.016595041552277964,-0.19032309618609425,-0.016155703182093785,-0.01838590078700072,-0.20014490380427624,-0.017808919688569624,-0.02026701459571417,-0.20993675103742906,-0.019541296004477997,-0.022238094975158003,-0.2196971667021429,-0.021352577955034518,-0.02429884040457946,-0.22942468433760635,-0.02324249950986987,-0.02644893589103687,-0.23911784242594247,-0.025210782823000915,-0.028688053016727416,-0.24877518461180215,-0.027257138274577097,-0.031015849988331946,-0.25839525992118156,-0.02938126451439587,-0.03343197168836948,-0.2679766229794314,-0.03158284850718062,-0.035936049728553666,-0.27751783422842474,-0.03386156557961426,-0.03852770250514319,-0.28701746014285057,-0.03621707946912149,-0.041206535256277835,-0.29647407344560167,-0.03864904237439224,-0.043972140121291456,-0.30588625332222275,-0.04115709500763892,-0.04682409620199314,-0.31525258563438846,-0.043740866648579464,-0.04976196962590724,-0.3245716631323777,-0.04639997520013811,-0.05278531361146278,-0.33384208566651313,-0.049134027245855555,-0.05589366853512246,-0.3430624603975341,-0.05194261810899982,-0.05908656200044116,-0.35223140200587055,-0.054825331913369066,-0.06236350890904365,-0.36134753289978816,-0.05778174164577698,-0.0657240115335106,-0.37040948342237107,-0.06081140922021161,-0.06916755959216225,-0.37941589205731346
1770565172.1585042,15.438775777816772,11.290947675704956,0.8978694974659635,0.0,0.0,0.0,-3.4344134459237725e-05,-4.37170197491341e-05,-0.010107597602415185,-0.0001493789819976553,-0.00018401038492340415,-0.02021371977795616,-0.0003450790074658404,-0.0004208647779651404,-0.030316799682861828,-0.0006214061689608771,-0.0007542499099869792,-0.04041527094506075,-0.0009783099237245622,-0.0011841205254680112,-0.05050756790702968,-0.0014157272359798202,-0.001710416409270435,-0.060592125868541354,-0.0019335825867041034,-0.002333062395975631,-0.07066738132926388,-0.0025317879853382548,-0.003051968381538199,-0.08073177223117398,-0.0032102429834290317,-0.003867029337256168,-0.09078373820074673,-0.00396883469020316,-0.004778125326055198,-0.10082172079088413,-0.004807437790070512,-0.005785121521084248,-0.11084416372254478,-0.0057259145620536965,-0.006887868226619851,-0.12084951312603778,-0.006724114901141046,-0.00808620090127572,-0.1308362177819427,-0.007801876341559683,-0.009379940183514112,-0.14080272936161886,-0.008959024081965064,-0.010768891919454977,-0.15074750266726628,-0.01019537101254312,-0.012252847192978615,-0.16066899587150146,-0.011510717744020715,-0.01383158235811711,-0.1705656707564102,-0.01290485263858003,-0.01550485907372958,-0.18043599295204102,-0.014377551842672007,-0.017272424340455866,-0.19027843217430218,-0.01592857932172376,-0.01913401053994285,-0.20009146246222465,-0.017557686896734627,-0.021089335476337425,-0.2098735624145553,-0.019264614282755162,-0.02313810242003964,-0.219623215425643,-0.02104908912924306,-0.025280000153709188,-0.22933890992058104,-0.02291082706228982,-0.027514703020518203,-0.23901913958956958,-0.024849531728711603,-0.02984187097464281,-0.24866240362146214,-0.026864894841997344,-0.032261149633985596,-0.25826720693645894,-0.02895659623010714,-0.034772170335120894,-0.267832060417912,-0.0311243038851134,-0.037374550190454284,-0.2773554811432059,-0.0333676740146771,-0.040067892147587506,-0.28683599261367737,-0.03568635109535118,-0.04285178505087959,-0.29627212498354005,-0.03807996792770273,-0.04572580370519451,-0.30566241528777655,-0.040548145693245545,-0.04868950894182574,-0.31500540766896457,-0.043090494013174115,-0.05174244768658726,-0.32429965360300056,-0.04570661100889004,-0.05488415303006056,-0.33354371212368655,-0.048396083364311386,-0.05811414429998673,-0.34273615004614516,-0.051158486389955356,-0.061431927135792395,-0.35187554218902806,-0.053993384088784464,-0.06483699356523806,-0.3609604715954837,-0.05690032922380571,-0.0683288220831767,-0.36998952975284966,-0.05987886338741261,-0.0719068777324107,-0.3789613168110358
1770565172.20255,15.477030515670776,11.27247154712677,0.8052787589553163,0.0,0.0,0.0,-3.315219022198394e-05,-4.2939810925854966e-05,-0.010107703207382497,-0.00014629607911408678,-0.0001817965210716617,-0.02021396487859146,-0.0003394021481674353,-0.0004165591366057013,-0.030317241853288164,-0.0006124286678919979,-0.0007472020179574654,-0.04041599142692527,-0.0009653217041890721,-0.0011736848837330606,-0.05050867158633239,-0.001398015126587531,-0.0016959528168665585,-0.0605937412451961,-0.0019104306183425743,-0.0023139362730063527,-0.0706696604793984,-0.002502477688395431,-0.0030275510911352346,-0.08073489076217763,-0.0031740536851922047,-0.003836698506422582,-0.09078789519907615,-0.0039250438123597355,-0.004741265165306681,-0.10082713876263862,-0.004755321146236088,-0.005741123142804883,-0.11085108852682514,-0.005664746655253002,-0.006836129962048965,-0.12085821390110367,-0.006653169221167323,-0.008026128616042693,-0.13084698686418564,-0.007720425662138185,-0.009310947591638275,-0.14081588219736918,-0.008866340757646425,-0.010690400895728034,-0.15076337771745452,-0.010090727275252419,-0.012164288083647336,-0.16068795450919582,-0.01139338599918823,-0.013732394289784356,-0.1705880971572537,-0.01277410576077975,-0.015394490260392107,-0.18046229397761362,-0.014232663470694167,-0.017150332388597665,-0.19030903724843443,-0.015768824153007788,-0.018999662751603214,-0.20012682344029148,-0.017382340981089095,-0.020942209150073318,-0.20991415344578004,-0.01907295531529153,-0.022977685149702335,-0.2196695328084431,-0.020840396742450185,-0.025105790124955632,-0.22939147195098888,-0.022684383117176448,-0.027326209304977943,-0.23907848640276358,-0.024604620604944304,-0.029638613821661892,-0.24872909702644394,-0.026600803726961615,-0.03204266075986922,-0.25834183024391555,-0.028672615406819632,-0.03453799320979717,-0.2679152182613021,-0.030819727018913567,-0.03712424032148204,-0.27744779929311153,-0.033041798438626806,-0.039801017361431414,-0.2869381177854643,-0.035338478094271215,-0.04256792577137668,-0.29638472463837057,-0.037709403020775384,-0.045424553229136556,-0.305786177427021,-0.040154198915112876,-0.048370473711582665,-0.31514104062205905,-0.04267248019346182,-0.051405247559697255,-0.3244478858087997,-0.04526385005008723,-0.054528421545713295,-0.3337052919053619,-0.047927900517936946,-0.05773952894232665,-0.34291184537968133,-0.05066421253094211,-0.061038089593969745,-0.35206614046536994,-0.05347235598801252,-0.0644236099901359,-0.3611667793763899,-0.05635188981871708,-0.06789558334074297,-0.3702123725205088,-0.05930236205063949,-0.07145348965352506,-0.3792015387115033
1770565172.2535138,15.502884864807129,11.138590693473816,0.7906112323435179,0.0,0.0,0.0,-3.214596755590943e-05,-4.0466299325030353e-05,-0.010108715106628422,-0.00014415917920244104,-0.0001751569591992647,-0.0202160443330478,-0.00033601132466284066,-0.000404061686598116,-0.03032047847449066,-0.0006076621710943743,-0.00072715611925305,-0.04042050875852046,-0.0009590595690964078,-0.0011444018292896695,-0.05051462707034073,-0.0013901394604980198,-0.0016557463289662532,-0.060601326178005926,-0.001900825887923984,-0.002261123078511895,-0.07067909995750055,-0.0024910310061376888,-0.0029604514960630676,-0.08074644361765267,-0.0031606550951593097,-0.0037536369696971332,-0.09080185392484862,-0.003909586575157265,-0.004640570871561002,-0.1008438294275149,-0.004737702023110734,-0.005621130574092822,-0.11087087068033401,-0.005644866191240757,-0.0066951794683342905,-0.1208814804681608,-0.006630932027207157,-0.007862566984330846,-0.13087416402960567,-0.00769574069606826,-0.009123128613616681,-0.1408474292802513,-0.008839121604000156,-0.010476685933781246,-0.1507997870354697,-0.010060892423771945,-0.011923046635113567,-0.16072975123280642,-0.011360859121973148,-0.013462004549320356,-0.17063583915389802,-0.012738815987989253,-0.015093339680313697,-0.18051657164589058,-0.014194545664721052,-0.016816818237063675,-0.19037047334232574,-0.01572781918104315,-0.018632192668511006,-0.200196072883461,-0.017338395985996857,-0.020539201700534523,-0.209991903135992,-0.01902602398471234,-0.022537570374967966,-0.21975650141214362,-0.020790439576054597,-0.024627010090660213,-0.22948840968809692,-0.022631367691987765,-0.026807218646572886,-0.23918617482172,-0.024548521838651784,-0.029077880286908876,-0.2488483487695697,-0.026541604139145282,-0.03143866574826499,-0.2584734888031317,-0.028610305378008363,-0.03388923230880177,-0.2680601577242673,-0.030754305047398595,-0.03642922383942307,-0.277606924079834,-0.032973271394953305,-0.03905827085695779,-0.28711236237544835,-0.03526686147333112,-0.04177599057933585,-0.2965750532883591,-0.037634721191425156,-0.044581986982749996,-0.3059935838793982,-0.04007648536724044,-0.047475850860795185,-0.31536654780397905,-0.04259177778242756,-0.05045715988557647,-0.3246925455221099,-0.04518021123846433,-0.053525478670776366,-0.33397018450739074,-0.04784138761447725,-0.056680358836672315,-0.34319807945496317,-0.05057489792669394,-0.0599213390770944,-0.35237485248838174,-0.053380322389517856,-0.06324794522831353,-0.3614991333653762,-0.056257230478215965,-0.06665969033984953,-0.3705695596824731,-0.059205180993210205,-0.07015607474718882,-0.37958477707844773
1770565172.3109796,15.552129004063453,11.280546717891076,0.599411068669936,0.0,0.0,0.0,-3.205649526429312e-05,-3.687433887363508e-05,-0.010112306077392733,-0.00014629213951551856,-0.00016676941101865646,-0.020223250623848946,-0.00034268464763897386,-0.00038967012676680403,-0.03033131021241558,-0.0006211993556141628,-0.0007055473829146584,-0.040434961850827796,-0.0009817892257377627,-0.0011143580671087374,-0.05053268321098437,-0.001424394853710985,-0.0016160450643414085,-0.060622952858323004,-0.0019489444775902614,-0.0022105372655566377,-0.07070425048106102,-0.0025553539885999014,-0.0028977495783642756,-0.08077505711926683,-0.003243526943805106,-0.003677582939861273,-0.09083385539372776,-0.00401335458064341,-0.004549924331557888,-0.10087912973457973,-0.004864715833312374,-0.005514646796406634,-0.11090936660966419,-0.005797477351011062,-0.006571609457931413,-0.1209230547525782,-0.0068114935180325405,-0.007720657541453944,-0.130918685390383,-0.007906606475704382,-0.00896162239741428,-0.14089475247093688,-0.00908264614617387,-0.010294321526781919,-0.15084975288981814,-0.01033943025803432,-0.011718558608553682,-0.16078218671680394,-0.011676764373788635,-0.013234123529334169,-0.17069055742187075,-0.01309444191914599,-0.014840792414994398,-0.18057337210068258,-0.01459224421414723,-0.01653832766440384,-0.19042914169953298,-0.016169940506114235,-0.01832647798523071,-0.20025638123970665,-0.017827288004418365,-0.02020497843180521,-0.21005361004122722,-0.01956403191706272,-0.022173550445039974,-0.2198193519459573,-0.02137990548907265,-0.02423190189440166,-0.2295521355400171,-0.023274630042688815,-0.02637972712192745,-0.23925049437548832,-0.025247915019356696,-0.028616706988279776,-0.24891296719136982,-0.027299458023506203,-0.030942508920832317,-0.2585380981337516,-0.029428944868114846,-0.033356786963780055,-0.26812443697517435,-0.03163604962204756,-0.035859181830265846,-0.27767053933314084,-0.03392043465916605,-0.038449320956515584,-0.28717496688774696,-0.036281750709200325,-0.04112681855797397,-0.29663628759839933,-0.0387196369103746,-0.0438912756874321,-0.30605307591958636,-0.04123372086377981,-0.04674228029513855,-0.315423913015671,-0.04382361868948449,-0.049679407290884534,-0.3247473869746727,-0.046488935084375474,-0.05270221860805396,-0.33402209302100544,-0.04922926338171981,-0.05581026326962871,-0.3432466337271412,-0.052044185612438884,-0.05900307745613911,-0.352419619224166,-0.05493327256808555,-0.06228018457554958,-0.36153966741119703,-0.0578960838655146,-0.06564109533506858,-0.37060540416362925,-0.060932168013237135,-0.06908530781487238,-0.3796154635401804
1770565172.3574185,15.50467097103809,11.314558799028163,0.6128570205582123,0.0,0.0,0.0,-3.426708624914144e-05,-3.722810108729858e-05,-0.010113544502905223,-0.0001539216179354274,-0.00016874362881570757,-0.020225652574236325,-0.0003589450262157966,-0.00039452544822473083,-0.03033472436403631,-0.0006493052359235204,-0.0007145375103583136,-0.040439160502722324,-0.001024956670642857,-0.0011287288579681953,-0.050537362354124066,-0.001485840259919757,-0.0016370336335759237,-0.06062773226840609,-0.00203188344860748,-0.002239371089892256,-0.07070867383483422,-0.002663000208345638,-0.002935645602592291,-0.08077859213434567,-0.00337909105117086,-0.0037257466854443253,-0.09083589399188347,-0.004180043045256914,-0.0046095490077900265,-0.10087898822845469,-0.0050657298327818,-0.0055869124143731585,-0.11090628591287303,-0.006036011649918993,-0.00665768194751374,-0.1209162006131458,-0.007090735348949662,-0.007821687871624097,-0.13090714864746533,-0.008229734422492372,-0.009078745700062962,-0.14087754933476548,-0.009452829029846439,-0.010428656224323343,-0.15082582524480317,-0.01075982602544478,-0.011871205545549586,-0.1607504024477259,-0.01215051898941171,-0.013406165108378573,-0.1706497107630851,-0.01362468826022091,-0.015033291737099781,-0.1805221840082566,-0.01518210096944839,-0.01675232767412845,-0.19036626024622844,-0.016822511078614884,-0.01856300062078572,-0.20018038203271693,-0.01854565941811194,-0.020465023780379402,-0.2099629966625721,-0.0203512737282055,-0.02245809590357845,-0.2197125564154332,-0.022239068702110443,-0.02454190133607401,-0.22942751880059556,-0.02420874603112938,-0.02671611006851952,-0.2391063468010501,-0.02625999445184847,-0.028980377788741938,-0.24874750911665702,-0.028392489795382798,-0.031334345936215806,-0.2583494804064145,-0.030605895038663584,-0.033777641758791596,-0.2679107415297852,-0.03289986035775905,-0.03630987837166934,-0.27742977978704153,-0.035274023183220496,-0.03893065481860814,-0.28690508915859153,-0.03772800825744499,-0.041639556135362105,-0.29633517054324876,-0.040261427694045254,-0.04443615341533225,-0.30571853199540666,-0.04287388103921776,-0.04732000387742446,-0.31505368896108144,-0.04556495533509903,-0.05029065093610248,-0.3243391645127854,-0.04833422518510027,-0.0533476242736249,-0.3335734895831934,-0.05118125282120992,-0.05649043991445475,-0.34275520319756614,-0.05410558817325351,-0.05971860030182992,-0.35188285270489283,-0.057106768940099896,-0.06303159437648231,-0.36095499400771713,-0.06018432066280246,-0.06642889765749314,-0.3699701917906096,-0.06333775679966397,-0.06990997232527181,-0.37892701974725085
1770565172.3869214,15.473322795599119,11.34615909985583,0.6126048951695154,0.0,0.0,0.0,-3.7275584252973385e-05,-3.912987390272439e-05,-0.010113883931149667,-0.00016347064464133972,-0.00017499243680733223,-0.02022621232816294,-0.0003785690822716046,-0.00040755997503979363,-0.03033527834868626,-0.0006825397921524264,-0.0007367884519879954,-0.04043937570102614,-0.0010753366684448605,-0.001162617515534728,-0.050536798932156006,-0.001556898612244615,-0.0016849705082445867,-0.06062584371558146,-0.0021271495418950016,-0.0023037544803030624,-0.07070480713901546,-0.002785998405828839,-0.0030188602052056406,-0.08077198799181462,-0.0035333391979371497,-0.0038301621981942664,-0.09082568705212855,-0.004369050975462045,-0.0047375187374380495,-0.10086420737371327,-0.00529299787941078,-0.005740771887954646,-0.11088585457236061,-0.006305029157487551,-0.006839747528268279,-0.12088893711189522,-0.007404979189539132,-0.008034255379799893,-0.1308717665896908,-0.00859266751551008,-0.009324089038984478,-0.14083265802165734,-0.009867898865902789,-0.010709026012110148,-0.15076993012665146,-0.011230463194737242,-0.012188827752873116,-0.16068190561026183,-0.012680135715004892,-0.013763239702642161,-0.17056691144792124,-0.014216676936610714,-0.015431991333425868,-0.18042327916729842,-0.015839832706797,-0.01719479619353535,-0.1902493451299213,-0.017549334253042073,-0.01905135195593472,-0.20004345081198435,-0.019344898228426693,-0.021001340469271216,-0.2098039430842925,-0.02122622675946051,-0.02304442781157632,-0.21952917449129486,-0.023193007496360423,-0.025180264346628786,-0.22921750352916023,-0.025244913665772462,-0.027408484782970133,-0.23886729492284856,-0.027381604125928227,-0.02972870823556261,-0.24847691990213072,-0.02960272342422655,-0.03214053829007916,-0.25804475647651043,-0.03190790185723075,-0.034643563069814635,-0.2675691897090017,-0.034296755533071266,-0.03723735530520693,-0.2770486119887159,-0.03676888643624318,-0.03992147240595624,-0.2864814233022121,-0.03932388249478773,-0.042695456535730446,-0.29586603150356533,-0.041961317649846314,-0.045558834689443696,-0.30520085258310614,-0.04468075192757548,-0.04851111877309551,-0.3144843109347877,-0.04748173151341057,-0.05155180568615669,-0.3237148396221338,-0.05036378882866559,-0.05468037740648822,-0.3328908806427242,-0.0533264426094563,-0.05789630107777874,-0.34201088519117095,-0.05636919798793328,-0.06119902909948598,-0.35107331392054336,-0.059491546575811266,-0.06458799921926689,-0.3600766372021961,-0.06269296655018046,-0.06806263462788073,-0.36901933538395654,-0.06597292274158564,-0.07162234405654941,-0.37789989904662863
1770565172.499376,15.471125000420255,11.372676984441966,0.5882848057622426,0.0,0.0,0.0,-4.215163726307473e-05,-4.7099075666612486e-05,-0.010117911167178379,-0.00017972860896800635,-0.0001998176906659663,-0.02023393172278292,-0.00041270523268019507,-0.00045812421500291144,-0.03034605927226417,-0.0007410369422591562,-0.0008219661182808503,-0.0404522921916665,-0.0011646602966800812,-0.001291269980099768,-0.05055063002383582,-0.0016834929925915532,-0.0018659415045892973,-0.06063907387439632,-0.002297433880606931,-0.0025458655390739387,-0.07071562680741793,-0.003006362985326172,-0.0033309060968667393,-0.08077829424069598,-0.0038101415290841436,-0.004220906384186926,-0.09082508434056516,-0.004708611959420706,-0.005215688831196159,-0.10085400841616923,-0.0057015979802671375,-0.006315055127147255,-0.11086308131310874,-0.006788904586842736,-0.007518786259638446,-0.12085032180638873,-0.007970318104254671,-0.008826642557965374,-0.1308137529925886,-0.009245606229793465,-0.010238363740562265,-0.14075140268117653,-0.01061451807891571,-0.011753668966522867,-0.15066130378489107,-0.01207678423490496,-0.013372256891191,-0.16054149470911264,-0.013632116802200896,-0.015093805725809638,-0.17039001974014756,-0.015280209463386284,-0.01691797330121679,-0.1802049294323482,-0.01702073753982042,-0.018844397135575553,-0.18998428099399245,-0.018853358055907002,-0.020872694506124872,-0.19972613867184588,-0.020777709806983825,-0.023002462524936897,-0.20942857413433077,-0.02279341343082076,-0.0252332782186659,-0.21908966685322634,-0.024900071482711873,-0.027564698612272905,-0.2287075044838238,-0.02709726851414691,-0.02999626081670958,-0.238280183243462,-0.029384571155046463,-0.032527482120543946,-0.24780580828836826,-0.03176152819954459,-0.035157860085509786,-0.25728249408872944,-0.03422767069530194,-0.03788687264596083,-0.2667083648019198,-0.03678251203633162,-0.04071397821221009,-0.276081554643811,-0.03942554805931952,-0.043638615777733786,-0.2854002082580914,-0.04215625714342001,-0.046660205030218824,-0.29466248108352117,-0.04497410031350713,-0.04977814646643149,-0.3038665397190502,-0.0478785213468611,-0.05299182151088511,-0.3130105622867275,-0.05086894688326873,-0.056300592638282784,-0.32209273879232947,-0.053944786538516136,-0.05970380349971112,-0.33111127148363556,-0.057105433021251276,-0.06320077905256002,-0.34006437520628124,-0.06035026225319306,-0.06679082569414271,-0.3489502777571169,-0.06367863349266342,-0.07047323139898969,-0.35776722023500346,-0.06708988946141767,-0.07424726585978915,-0.36651345738897445,-0.07058335647474821,-0.07811218063194643,-0.37518725796369673
1770565172.5321038,15.469574519643801,11.382681285424283,0.5798309855563809,0.0,0.0,0.0,-4.215163726307473e-05,-4.7099075666612486e-05,-0.010117911167178379,-0.00017972860896800635,-0.0001998176906659663,-0.02023393172278292,-0.00041270523268019507,-0.00045812421500291144,-0.03034605927226417,-0.0007410369422591562,-0.0008219661182808503,-0.0404522921916665,-0.0011646602966800812,-0.001291269980099768,-0.05055063002383582,-0.0016834929925915532,-0.0018659415045892973,-0.06063907387439632,-0.002297433880606931,-0.0025458655390739387,-0.07071562680741793,-0.003006362985326172,-0.0033309060968667393,-0.08077829424069598,-0.0038101415290841436,-0.004220906384186926,-0.09082508434056516,-0.004708611959420706,-0.005215688831196159,-0.10085400841616923,-0.0057015979802671375,-0.006315055127147255,-0.11086308131310874,-0.006788904586842736,-0.007518786259638446,-0.12085032180638873,-0.007970318104254671,-0.008826642557965374,-0.1308137529925886,-0.009245606229793465,-0.010238363740562265,-0.14075140268117653,-0.01061451807891571,-0.011753668966522867,-0.15066130378489107,-0.01207678423490496,-0.013372256891191,-0.16054149470911264,-0.013632116802200896,-0.015093805725809638,-0.17039001974014756,-0.015280209463386284,-0.01691797330121679,-0.1802049294323482,-0.01702073753982042,-0.018844397135575553,-0.18998428099399245,-0.018853358055907002,-0.020872694506124872,-0.19972613867184588,-0.020777709806983825,-0.023002462524936897,-0.20942857413433077,-0.02279341343082076,-0.0252332782186659,-0.21908966685322634,-0.024900071482711873,-0.027564698612272905,-0.2287075044838238,-0.02709726851414691,-0.02999626081670958,-0.238280183243462,-0.029384571155046463,-0.032527482120543946,-0.24780580828836826,-0.03176152819954459,-0.035157860085509786,-0.25728249408872944,-0.03422767069530194,-0.03788687264596083,-0.2667083648019198,-0.03678251203633162,-0.04071397821221009,-0.276081554643811,-0.03942554805931952,-0.043638615777733786,-0.2854002082580914,-0.04215625714342001,-0.046660205030218824,-0.29466248108352117,-0.04497410031350713,-0.04977814646643149,-0.3038665397190502,-0.0478785213468611,-0.05299182151088511,-0.3130105622867275,-0.05086894688326873,-0.056300592638282784,-0.32209273879232947,-0.053944786538516136,-0.05970380349971112,-0.33111127148363556,-0.057105433021251276,-0.06320077905256002,-0.34006437520628124,-0.06035026225319306,-0.06679082569414271,-0.3489502777571169,-0.06367863349266342,-0.07047323139898969,-0.35776722023500346,-0.06708988946141767,-0.07424726585978915,-0.36651345738897445,-0.07058335647474821,-0.07811218063194643,-0.37518725796369673
1770565172.5379612,15.479432627730931,11.389764467741616,0.5628896951519166,0.0,0.0,0.0,-4.215163726307473e-05,-4.7099075666612486e-05,-0.010117911167178379,-0.00017972860896800635,-0.0001998176906659663,-0.02023393172278292,-0.00041270523268019507,-0.00045812421500291144,-0.03034605927226417,-0.0007410369422591562,-0.0008219661182808503,-0.0404522921916665,-0.0011646602966800812,-0.001291269980099768,-0.05055063002383582,-0.0016834929925915532,-0.0018659415045892973,-0.06063907387439632,-0.002297433880606931,-0.0025458655390739387,-0.07071562680741793,-0.003006362985326172,-0.0033309060968667393,-0.08077829424069598,-0.0038101415290841436,-0.004220906384186926,-0.09082508434056516,-0.004708611959420706,-0.005215688831196159,-0.10085400841616923,-0.0057015979802671375,-0.006315055127147255,-0.11086308131310874,-0.006788904586842736,-0.007518786259638446,-0.12085032180638873,-0.007970318104254671,-0.008826642557965374,-0.1308137529925886,-0.009245606229793465,-0.010238363740562265,-0.14075140268117653,-0.01061451807891571,-0.011753668966522867,-0.15066130378489107,-0.01207678423490496,-0.013372256891191,-0.16054149470911264,-0.013632116802200896,-0.015093805725809638,-0.17039001974014756,-0.015280209463386284,-0.01691797330121679,-0.1802049294323482,-0.01702073753982042,-0.018844397135575553,-0.18998428099399245,-0.018853358055907002,-0.020872694506124872,-0.19972613867184588,-0.020777709806983825,-0.023002462524936897,-0.20942857413433077,-0.02279341343082076,-0.0252332782186659,-0.21908966685322634,-0.024900071482711873,-0.027564698612272905,-0.2287075044838238,-0.02709726851414691,-0.02999626081670958,-0.238280183243462,-0.029384571155046463,-0.032527482120543946,-0.24780580828836826,-0.03176152819954459,-0.035157860085509786,-0.25728249408872944,-0.03422767069530194,-0.03788687264596083,-0.2667083648019198,-0.03678251203633162,-0.04071397821221009,-0.276081554643811,-0.03942554805931952,-0.043638615777733786,-0.2854002082580914,-0.04215625714342001,-0.046660205030218824,-0.29466248108352117,-0.04497410031350713,-0.04977814646643149,-0.3038665397190502,-0.0478785213468611,-0.05299182151088511,-0.3130105622867275,-0.05086894688326873,-0.056300592638282784,-0.32209273879232947,-0.053944786538516136,-0.05970380349971112,-0.33111127148363556,-0.057105433021251276,-0.06320077905256002,-0.34006437520628124,-0.06035026225319306,-0.06679082569414271,-0.3489502777571169,-0.06367863349266342,-0.07047323139898969,-0.35776722023500346,-0.06708988946141767,-0.07424726585978915,-0.36651345738897445,-0.07058335647474821,-0.07811218063194643,-0.37518725796369673
1770565172.5885093,15.515752139841192,11.368197238973634,0.5481374118096383,0.0,0.0,0.0,-4.198728627341557e-05,-4.807746771989443e-05,-0.010116958888771977,-0.00017930272318112303,-0.0002017390236208596,-0.02023202018103843,-0.000411913344888258,-0.0004609595348681917,-0.030343183865121828,-0.0007397673429328337,-0.0008256929965543831,-0.04044845070001504,-0.0011627940764697793,-0.0012958725407956285,-0.05054582261068937,-0.0016809040862386872,-0.0018714104499535492,-0.06063330308317203,-0.00229398911225251,-0.0025521981739795195,-0.07070889755931503,-0.0030019221152037022,-0.003338106351878163,-0.0807706138311772,-0.0038045573015835867,-0.004228984837285784,-0.09081646243494165,-0.004701730152509968,-0.005224662728158667,-0.10084445704429057,-0.005693257456257289,-0.006324948400565369,-0.11085261486315959,-0.006778937344482923,-0.00752962954657635,-0.12083895701779428,-0.007958549332142406,-0.008838473216243413,-0.13080150894803097,-0.009231854361085734,-0.010251225863660679,-0.1407383007977246,-0.010598594847326104,-0.011767613397097976,-0.15064736780424656,-0.012058494731971774,-0.013387341233196754,-0.16052675068697547,-0.013611259535810894,-0.015110094355217756,-0.17037449603470367,-0.015256576417538626,-0.016935537375328984,-0.1801886566918835,-0.016994114235614963,-0.01886331460092164,-0.1899672921436366,-0.018823523613741015,-0.02089305010494087,-0.19970846889945001,-0.02074443700994086,-0.023024347800217452,-0.2094102608754833,-0.022756468789235307,-0.025256791517785787,-0.21907074977541163,-0.024859215299893083,-0.027589945089172552,-0.22868802546972836,-0.027052254953244537,-0.03002335243263989,-0.2382601863734333,-0.029335148307041987,-0.03255653764336605,-0.2477853398220314,-0.03170743815235019,-0.03518900508754556,-0.25726160244576735,-0.03416864960394985,-0.03792023950039047,-0.2666871005420226,-0.036718290194236225,-0.04074970608801312,-0.2760599704458008,-0.03935584997059426,-0.04367685063317049,-0.28537835889822843,-0.042080801596231114,-0.046701099604849056,-0.2946404234129983,-0.04489260045444585,-0.04982186027166846,-0.30384433264068206,-0.047790684756316065,-0.0530385208190818,-0.3129882667308416,-0.05077447565177988,-0.056350450470349124,-0.32207041769186634,-0.05384337734409138,-0.05975699961126031,-0.33108898974846546,-0.05699677720762696,-0.06325749991858269,-0.34004219969674515,-0.06023404590901922,-0.06685126449220793,-0.34892827725679965,-0.06355453753159448,-0.07053758799097226,-0.35774546542274716,-0.06695758970308922,-0.07431574677212274,-0.36649202081014076,-0.07044252372662037,-0.0781849990344026,-0.3751662140006864
1770565172.6403074,15.515654957238455,11.342258436187738,0.5741733971982708,0.0,0.0,0.0,-3.992369398966398e-05,-4.540252643711589e-05,-0.010116467529598782,-0.00017358901823862497,-0.0001926557860691468,-0.02023116087045133,-0.0004009600379663767,-0.0004417422441716433,-0.03034218610159601,-0.0007219832714580362,-0.0007926252971637562,-0.040447649988945976,-0.0011365877000791042,-0.0012452492794624683,-0.05054566033980824,-0.0016446847815741162,-0.001799539473906298,-0.06063432635720769,-0.002246168466646694,-0.002455402125746522,-0.07071175899394981,-0.002940915218817888,-0.0032127244602032905,-0.08077607130635567,-0.0037287840375591014,-0.004071374703583364,-0.09082537880760311,-0.004609616484695256,-0.0050312021079555,-0.10085779982060779,-0.005583236714073254,-0.006092036979378868,-0.1108714558303781,-0.006649451504490196,-0.007253690709679237,-0.12086447183577803,-0.007808050295875168,-0.008515955811766939,-0.130834976700632,-0.009058805228717829,-0.009878605958490029,-0.14078110350410583,-0.010401471186736429,-0.011341396025015358,-0.15070098989029865,-0.011835785842777263,-0.012904062134729624,-0.16059277841697975,-0.013361469707936927,-0.014566321708651783,-0.17045461690340535,-0.014978226183898252,-0.016327873518347608,-0.18028465877715025,-0.016685741618470064,-0.018188397742336465,-0.19008106341988923,-0.018483685364320348,-0.02014755602597973,-0.1998419965120634,-0.020371709840891893,-0.022204991544839642,-0.20956563037636727,-0.022349450599488778,-0.02436032907149679,-0.21925014431999187,-0.024416526391521476,-0.02661317504581357,-0.22889372497556001,-0.026572539239897868,-0.028963117648630625,-0.2384945666406898,-0.02881707451354678,-0.03140972687888238,-0.248050871616123,-0.031149701005060024,-0.03395255463411721,-0.25756085054235445,-0.0335699710114385,-0.03659113479440723,-0.26702272273470024,-0.03607742041792718,-0.03932498330963196,-0.27643471651674095,-0.03867156878492325,-0.04215359829011947,-0.2857950695520785,-0.04135191943794129,-0.04507646010062824,-0.29510202917434397,-0.04411795956061835,-0.04809303145765173,-0.30435385271539417,-0.04696916029074185,-0.05120275753002791,-0.3135488078316367,-0.04990497681928207,-0.054405066042834606,-0.3226851728284211,-0.0529248484924108,-0.057699367384551274,-0.3317612369824362,-0.056028198916487026,-0.06108505471746718,-0.34077530086205315,-0.05921443606598995,-0.06456150409131527,-0.3497256766455535,-0.062482952394379274,-0.06812807456011051,-0.35861068843718397,-0.0658331249478617,-0.0717841083021707,-0.36742867258097733,-0.06926431548204272,-0.07552893074329738,-0.3761779779722818
1770565172.6907058,15.491259331992866,11.315700794568546,0.6251266640630515,0.0,0.0,0.0,-3.864531305282897e-05,-4.222027505225888e-05,-0.010116327640893074,-0.00017000230998233813,-0.00018301719244612815,-0.020230984491681522,-0.00039403945579843925,-0.00042237310492578424,-0.030342160446211845,-0.0007107086289823757,-0.0007602527265973871,-0.040448046021290124,-0.0011199451300988035,-0.0011966031392440296,-0.05054683268051666,-0.0016216676933747429,-0.0017313538017962615,-0.0606367131579512,-0.002215778501243332,-0.0023644165629564924,-0.07071588178155085,-0.0029021632018497714,-0.0030956856769750103,-0.08078253479632254,-0.003680690929516341,-0.003925037822574802,-0.09083487068713268,-0.004551214328162809,-0.00485233212502178,-0.10087109050111576,-0.005513569577678051,-0.005877410181336466,-0.1108893981696244,-0.006567576423238169,-0.007000096088642627,-0.12088800082966338,-0.0077130382075658414,-0.00822019647564778,-0.1308651091447498,-0.008949741906125148,-0.009537500537249943,-0.14081893762514217,-0.010277458165245562,-0.01095178007226442,-0.15074770494738107,-0.011695941343168308,-0.012462789524263907,-0.16064963427308435,-0.013204929554007686,-0.014070266025524544,-0.17052295356693925,-0.014804144714619565,-0.015773929444070123,-0.18036589591383542,-0.016493292594368616,-0.017573482433806,-0.1901766998350813,-0.01827206286778537,-0.019468610487733684,-0.19995360960364753,-0.020140129170103688,-0.021458981994236695,-0.2096948755583813,-0.022097149155668766,-0.023544248296427546,-0.21939875441713488,-0.024142764559205075,-0.025724043754545175,-0.2290635095887526,-0.02627660125993342,-0.027997985811391797,-0.23868741148386027,-0.02849826934852559,-0.030365675060797372,-0.24826873782440184,-0.03080736319688456,-0.0328266953190994,-0.25780577395186716,-0.03320346153073785,-0.035380613699625384,-0.26729681313415643,-0.035686127505031,-0.03802698069016449,-0.27674015687102593,-0.03825490878210764,-0.04076533023341462,-0.2861341151980606,-0.04090933761266228,-0.04359517981039056,-0.29547700698911916,-0.04364893091945112,-0.046516030526778,-0.304767160257197,-0.04647319038374617,-0.0495273672022184,-0.3140029124536541,-0.04938160253451695,-0.05262865846250832,-0.3231826107657532,-0.052373638840324005,-0.05581935683469699,-0.3323046124124563,-0.05544875580390768,-0.05909889884506496,-0.341367284938425,-0.058606395059455224,-0.062466705119966284,-0.3503690065061736,-0.061845983472528974,-0.06592218048951638,-0.35930816618632166,-0.0651669332426374,-0.06946471409410668,-0.36818316424589437,-0.06856864200843107,-0.0730936794937273,-0.3769924124346192
1770565172.7458677,15.423976847872778,11.288739757336005,0.7193701854156809,0.0,0.0,0.0,-3.783372899158501e-05,-3.79803865771342e-05,-0.010115963135808126,-0.00016730689107949636,-0.0001705647887583894,-0.020230370817991478,-0.0003884001397012456,-0.0003977282057944049,-0.030341508268711112,-0.0007010785951285396,-0.000719429602116656,-0.04044766126455944,-0.0011052918503807502,-0.0011356119142945772,-0.0505471164271877,-0.0016009739797708568,-0.0016462020607100319,-0.06063816151379019,-0.002188043550082413,-0.002251110953947489,-0.07071908570739602,-0.00286640363437564,-0.0029502335158977985,-0.08078817990691897,-0.0036359418284203143,-0.0037434486955730192,-0.09084373701691673,-0.00449653026975265,-0.004630619489629266,-0.10088405223700976,-0.005448025659352957,-0.005611592965594096,-0.1109074233509113,-0.006490269285940396,-0.006686200287794517,-0.1209121510150192,-0.007623087052880711,-0.007854256745981189,-0.1308965390465207,-0.008846289507702368,-0.009115561786643989,-0.1408588947109613,-0.01015967187421612,-0.01046989904701363,-0.1507975290092291,-0.011563014087232534,-0.011917036391743572,-0.16071075696390583,-0.013056080829871582,-0.01345672595226596,-0.17059689790493587,-0.014638621573458004,-0.015088704168814993,-0.1804542757545653,-0.016310370619995667,-0.016812691835110565,-0.19028121931150221,-0.018071047147213685,-0.018628394145694557,-0.20007606253425017,-0.019920355256176712,-0.020535500745911824,-0.2098371448235671,-0.021857984021451338,-0.022533685784527396,-0.21956281130400143,-0.023883607543819994,-0.024622607968970898,-0.22925141310445768,-0.02599688500553356,-0.026801910623198914,-0.23890130763774428,-0.028197460728093236,-0.029071221748165465,-0.24851085887905602,-0.030484964232551835,-0.03143015408489026,-0.2580784376433437,-0.032859010302324396,-0.03387830518011419,-0.2676024218615244,-0.03531919904849734,-0.036415257454530774,-0.27708119685548516,-0.03786511597762521,-0.039040578273582066,-0.2865131556118338,-0.040496332062003426,-0.0417538200208071,-0.29589669905435023,-0.04321240381240512,-0.04455452017373019,-0.3052302363150916,-0.04601287335326982,-0.047442201382276505,-0.31451218500410677,-0.04889726850033116,-0.05041637154970148,-0.3237409714777125,-0.05186510284067045,-0.053476523916020306,-0.3329150311052876,-0.054915875815182605,-0.056622137143923466,-0.3420328085345382,-0.0580490728034403,-0.05985267540716365,-0.35109275795519085,-0.06126416521094225,-0.0631675884813992,-0.3600933433610672,-0.0645606105587304,-0.06656631183747841,-0.3690330388104967,-0.06793785257536125,-0.07004826673714926,-0.3779103286850232
1770565172.779842,15.365383422992632,11.288204934716216,0.778498432915615,0.0,0.0,0.0,-3.6931772849738094e-05,-3.6566681379793105e-05,-0.010115913454676538,-0.000165484029778407,-0.00016659361529998382,-0.020230307851351104,-0.0003856406612775632,-0.00039005373027856593,-0.030341490007722148,-0.0006973702226687137,-0.0007069043135093439,-0.040447767279238114,-0.0011006259393673595,-0.001117087018012335,-0.05054744784245717,-0.001595345714713367,-0.001620527872401435,-0.06063884097826949,-0.002181452140366355,-0.0022171372932677114,-0.07072025735493472,-0.0028588525092643527,-0.0029068101001762476,-0.080790009310887,-0.003627438831143571,-0.0036894255332740387,-0.09084641113726072,-0.004487087850616676,-0.004564847273505977,-0.100887779360089,-0.005437661067806541,-0.005532923465435546,-0.11091243302212829,-0.006479004761532036,-0.006593486742666423,-0.12091869396426162,-0.0076109500150419555,-0.007746354255860696,-0.13090488710643336,-0.00883331274429278,-0.008991327703349039,-0.1408693407280685,-0.010145893728765544,-0.010328193364327701,-0.15081038674792963,-0.011548478644816671,-0.011756722134636782,-0.16072636100336465,-0.013040838101557123,-0.013276669565113735,-0.17061560352889843,-0.01462272767925394,-0.014887775902515768,-0.18047645883412178,-0.01629388797024772,-0.016589766133004242,-0.19030727618083154,-0.018054044622379122,-0.01838235002818376,-0.20010640985937472,-0.01990290838491722,-0.020265222193688297,-0.20987221946415116,-0.02184017515698198,-0.02223806212030624,-0.21960307016822814,-0.0238655260384527,-0.024300534237635677,-0.22929733299702096,-0.02597862738335399,-0.026452287970261095,-0.238953385100994,-0.028179130855710305,-0.028692957796442008,-0.2485696100273364,-0.030466673487859607,-0.031022163309303647,-0.2581443979905666,-0.032840877741216565,-0.03343950928051957,-0.2676761461420211,-0.03530135156947497,-0.03594458572647548,-0.2771632588381818,-0.03784768848423881,-0.038536967976903105,-0.286604147907797,-0.040479467623071176,-0.04121621674597286,-0.2959972329177517,-0.04319625381994924,-0.04398187820583306,-0.30534094143764257,-0.045997597678114,-0.04683348406258374,-0.31463370930301265,-0.048883035645302164,-0.04977055163467207,-0.3238739808772032,-0.051852090091347884,-0.05279258393369641,-0.33306020931177704,-0.0549042693881411,-0.05589906974760542,-0.34219085680547123,-0.058039067991929316,-0.059089483726278244,-0.351264394861635,-0.06125596652794897,-0.06236328646947167,-0.3602793045441102,-0.06455443187737209,-0.06571992461711908,-0.36923407673151093,-0.06793391726655387,-0.06915883094196668,-0.3781272123698603
1770565172.8380203,15.322043248614488,11.293996828832624,0.8160467131773526,0.0,0.0,0.0,-3.741210873599712e-05,-3.718335283497141e-05,-0.010115879012882193,-0.00016753548580564708,-0.00016841187392064292,-0.020230207367272247,-0.0003903528890308426,-0.00039365832975698524,-0.030341261160175853,-0.0007058312770570447,-0.000712879462014749,-0.04044731704672933,-0.001113921814984996,-0.001126015994908604,-0.05054665253393408,-0.0016145598826943553,-0.0016329926453003637,-0.060637546274245835,-0.0022076650858578357,-0.002233718135530576,-0.07071827835896874,-0.0028931412696439622,-0.0029280852089762824,-0.08078713061140402,-0.003670876535106128,-0.0037159706483323143,-0.0908423868797037,-0.00454074325825514,-0.004597235296612987,-0.10088233332937896,-0.005502598111812009,-0.005571724080870624,-0.11090525873541358,-0.006556282089637284,-0.006639266038626877,-0.12090945477393275,-0.007701620533832753,-0.007799674347012319,-0.1308932163133772,-0.008938423164510902,-0.00905274635460935,-0.1408548417051333,-0.010266484112227052,-0.010398263615992989,-0.1507926330735695,-0.01168558195306866,-0.011835991928963691,-0.16070489660542983,-0.013195479746395764,-0.013365681374465775,-0.17058994283853474,-0.014795925075226198,-0.014987066359184727,-0.18044608694974038,-0.016486650089258655,-0.01669986566081611,-0.19027164904210747,-0.01826737155052625,-0.018503782475998303,-0.20006495443123007,-0.02013779088167285,-0.02039850447090097,-0.20982433393067626,-0.02209759421684392,-0.022383703834460634,-0.21954812413649166,-0.024146452455183175,-0.0244590373342542,-0.22923466771071713,-0.026284021316925983,-0.026624146375001004,-0.23888231366387278,-0.028509941402079932,-0.028878657059683396,-0.24848941763635998,-0.030823838251682514,-0.031222180253275333,-0.2580543421787331,-0.033225322411625575,-0.033654311649068305,-0.2675754570307935,-0.03571398949903557,-0.03617463183758313,-0.27705113939945847,-0.038289420271198346,-0.03878270637805591,-0.2864797742353569,-0.04095118069701676,-0.04147808587248612,-0.29585975450810587,-0.043698822030988765,-0.04426030604223386,-0.30518948148021924,-0.04653188088969362,-0.047128887807153595,-0.3144673649796041,-0.04944987933077297,-0.05008333736725068,-0.3236918236705964,-0.05245232493439343,-0.05312314628684679,-0.3328612853234908,-0.05553871088717682,-0.05624779158123994,-0.3419741870825183,-0.0587085160685836,-0.05945673580584424,-0.3510289757322264,-0.06196120513973502,-0.06274942714779441,-0.36002410796221596,-0.06529622863465855,-0.06612529951999908,-0.36895805063018955,-0.0687130230539413,-0.0695837726576272,-0.3778292810232672
1770565172.899563,15.309162925537999,11.301035347807233,0.8218885172792342,0.0,0.0,0.0,-3.8792463015015486e-05,-3.890571001914423e-05,-0.010115828110763905,-0.0001720072280386604,-0.00017355447560796157,-0.02023003203641654,-0.00039962477761096207,-0.0004039185317874217,-0.03034082436473081,-0.0007216089109655824,-0.0007299531983198563,-0.04044641828639324,-0.0011379067504273884,-0.0011515968876050619,-0.05054502791077735,-0.001648448750757244,-0.001668771115564351,-0.06063486858155468,-0.002253148711442376,-0.002281380515510632,-0.07071415719208775,-0.0029519037919301322,-0.002989312855002056,-0.08078111250054897,-0.003744594529802454,-0.0037924390556762703,-0.09083395544471026,-0.004631084861887839,-0.004690613216061755,-0.10087090945634729,-0.005611222148307063,-0.005683672637362216,-0.11089020077520291,-0.006684837199448428,-0.006771437852209491,-0.12089005876245464,-0.007851744305867749,-0.007953712656379874,-0.13086871621363017,-0.009111741271107797,-0.00923028414346824,-0.14082440967091617,-0.010464609447431421,-0.010600922742513886,-0.15075537973480482,-0.011910113774462015,-0.012065382258571393,-0.16065987137502336,-0.013448002820724484,-0.013623399916219353,-0.17053613424069114,-0.015078008828079404,-0.015274696405999289,-0.18038242296965004,-0.016799847759042533,-0.01701897593377655,-0.1901969974969131,-0.01861321934698122,-0.018855926273014436,-0.19997812336217696,-0.020517807149178956,-0.020785218819952343,-0.20972407201634394,-0.02251327860275866,-0.02280650865167821,-0.21943312112699948,-0.02459928508345471,-0.024919434587084878,-0.22910355488279066,-0.026775461967223496,-0.027123619250699744,-0.23873366429665271,-0.02904142869468153,-0.02941866913937636,-0.2483217475078292,-0.03139678883835965,-0.03180417469183612,-0.2578661100826329,-0.03384113017276158,-0.03427971036104792,-0.26736506531389403,-0.03637402474721439,-0.036844834689432795,-0.2768169345190434,-0.03899502896149791,-0.03949909038688041,-0.2862200473367767,-0.04170368364423994,-0.04224200441156356,-0.2955727420222492,-0.04449951413406308,-0.04507308805353629,-0.3048733657407467,-0.04738203036346921,-0.047991837021101075,-0.31412027485978233,-0.050350726945446525,-0.05099773152992963,-0.32331183523956736,-0.053405083262783884,-0.05409023639492164,-0.3324464225218038,-0.056544563560076776,-0.057268801124785204,-0.34152242241674885,-0.05976861703840851,-0.060532860019322246,-0.3505382309884997,-0.06307667795269009,-0.0638818322694018,-0.3594922549384488,-0.06646816571164126,-0.06731512205960323,-0.368382911886859,-0.06994248498039538,-0.07083211867351163,-0.37720863065250926
1770565172.938974,15.327574921085985,11.303805543377704,0.8007063261607754,0.0,0.0,0.0,-4.046827061449313e-05,-4.100264461360665e-05,-0.010115761805312021,-0.00017725781610906843,-0.00017987288854392626,-0.020229809469351455,-0.00041034589816138544,-0.00041658270853452655,-0.03034027910688882,-0.0007396920318412468,-0.0007510860507269402,-0.04044530749207987,-0.0011652379930714605,-0.0011833188391478107,-0.05054303240183466,-0.0016869078293578052,-0.0017131989875172875,-0.0606315929590018,-0.0023046078737861183,-0.0023406264143764955,-0.07070912997530474,-0.0030182267622839275,-0.0030654830615312843,-0.08077378629396666,-0.0038276354541434505,-0.003887632915808871,-0.0908237071319612,-0.00473268725580217,-0.004806922034123353,-0.10085704042182554,-0.005733217847876611,-0.005823178571845482,-0.11087193715297314,-0.006829045315444333,-0.006936212814471462,-0.1208665517124431,-0.008019970181568565,-0.008145817212584953,-0.1308390422250234,-0.009305775444059286,-0.009451766420105801,-0.14078757089268534,-0.010686226615464,-0.010853817335818493,-0.1507103043332665,-0.012161071766280828,-0.012351709148172657,-0.1606054139183401,-0.01373004157138593,-0.01394516338334733,-0.1704710761102081,-0.01539284935966674,-0.015633883956570182,-0.18030547279795625,-0.017149191166851853,-0.01741755722668223,-0.19010679163250915,-0.0189987457915278,-0.019295852053937926,-0.1998732263606232,-0.020941174854332417,-0.021268419861030063,-0.20960297715775647,-0.02297612286031394,-0.023334894697328183,-0.21929425095975363,-0.025103217264444193,-0.02549489330631866,-0.2289452617932851,-0.027322068540273983,-0.027748015196234047,-0.23855423110497942,-0.02963227025171793,-0.0300938427138587,-0.2481193880891884,-0.032033399127955484,-0.03253194112149697,-0.2576389700143241,-0.034525015141434426,-0.03506185867708988,-0.26711122254770825,-0.03710666158896241,-0.03768312671746555,-0.2765344000788735,-0.039777865175871605,-0.040395259744707854,-0.2859067660412575,-0.042538136103240975,-0.043197755515627656,-0.2952265932322305,-0.045386968158159985,-0.04609009513431982,-0.3044921641313966,-0.04832383880701732,-0.049071743147789226,-0.31370177121711157,-0.051348209291797245,-0.052142147644628045,-0.32285371728115725,-0.0544595247293659,-0.05530074035672601,-0.3319463157415159,-0.05765721421372931,-0.05854693676399512,-0.3409778909531858,-0.06094069092124413,-0.06188013620208928,-0.3499467785169818,-0.06430935221876193,-0.06529972197309927,-0.358851325586263,-0.06776257977468678,-0.0688050614592023,-0.36768989117153145,-0.07129973967292608,-0.07239550623924558,-0.3764608464428461
1770565172.9832368,15.372068716980403,11.297369472490486,0.7626486011535781,0.0,0.0,0.0,-4.1805339983768586e-05,-4.268858211007973e-05,-0.010115700067198224,-0.00018137553412771174,-0.00018501247067322522,-0.02022961239773406,-0.00041868531372670067,-0.0004269432748443215,-0.030339810891373657,-0.0007536907964665034,-0.0007684336345532213,-0.040444370155149414,-0.00118632949478077,-0.001209417229524036,-0.05054136587003341,-0.0017165203277512166,-0.0017498087919052253,-0.06062887515740635,-0.002344163636548746,-0.0023895041225080803,-0.07070497694525223,-0.0030691412034125547,-0.0031283801106505005,-0.08076775233400882,-0.003891316274163629,-0.003966294757602302,-0.09081528496200462,-0.004810533584248323,-0.004903087203627571,-0.10084566137041236,-0.005826619388307069,-0.005938577758618927,-0.11085697136764963,-0.006939381493262594,-0.007072567936317864,-0.12084730839315752,-0.008148609294921332,-0.008304840492114636,-0.13081476988048754,-0.009454073818081058,-0.009635159464420506,-0.14075745761962793,-0.010855527760137122,-0.011063270219604461,-0.15067347811850046,-0.012352705538178977,-0.01258889950048588,-0.1605609429635587,-0.013945323339567994,-0.014211755478373833,-0.17041796917941893,-0.015633079175986983,-0.015931527808643195,-0.18024267958745566,-0.017415652940951126,-0.01774788768983695,-0.19003320316329317,-0.019292706470769295,-0.01966048792628339,-0.19978767539312486,-0.02126388360894424,-0.021668962994216383,-0.20950423862879283,-0.023328810273999353,-0.02377292911138601,-0.21918104244156011,-0.02548709453071903,-0.02597198431014638,-0.22881624397450767,-0.027738326664789155,-0.028265708514006685,-0.23840800829348976,-0.03008207926082346,-0.030653663617630944,-0.2479545087365804,-0.03251790728376085,-0.03313539357027112,-0.25745392726194416,-0.035045348163618234,-0.035710424462617824,-0.2669044547940659,-0.0376639218835828,-0.038378264617052016,-0.2763042915682723,-0.04037313107142676,-0.04113840468128047,-0.2856516474734808,-0.04317246109422741,-0.04399031772533733,-0.29494474239310997,-0.04606138015637418,-0.046933459341933,-0.30418180654408605,-0.04903933940084429,-0.04996726775013158,-0.31336108081388214,-0.052105773013727506,-0.053091163902336896,-0.3224808170955252,-0.055260098331980256,-0.05630455159456683,-0.3315392786205067,-0.05850171595438846,-0.05960681757999486,-0.34053474028953457,-0.061830009855717974,-0.06299733168573733,-0.34946548900106233,-0.06524434750403103,-0.06647544693286418,-0.358329823977534,-0.06874407998114605,-0.07004049965961001,-0.36712605708928103,-0.07232854210621825,-0.07369180964776248,-0.37585251317601154
1770565173.062387,15.393391727173475,11.29365863535352,0.7450364280974714,0.0,0.0,0.0,-4.250692168419329e-05,-4.398734625273182e-05,-0.010115643350683736,-0.00018387145887092395,-0.00018899703187596318,-0.020229444372769616,-0.00042406424038180185,-0.0004350024716751362,-0.030339428206672805,-0.0007630365974269939,-0.0007819573596073179,-0.040443620738168415,-0.0012007205731084927,-0.0012297956778231096,-0.0505400489838652,-0.001737028935689661,-0.0017784317095575642,-0.06062674147645843,-0.002371855195628463,-0.0024277600558675985,-0.07070172864968681,-0.003105073626371049,-0.0031776556562126217,-0.08076304322291802,-0.003936539288901646,-0.004027973812874379,-0.09080872058528817,-0.0048660880600439466,-0.004978550219211223,-0.1008367991793198,-0.005893536664508477,-0.0060292009917413064,-0.11084532088394362,-0.007018682710679692,-0.0071797227060484345,-0.12083233139684948,-0.008241304730135797,-0.008429892436503555,-0.1307958806160914,-0.009561162220893583,-0.009779467799794137,-0.14073402302087254,-0.010977995694369837,-0.011228187002252936,-0.15064481805143565,-0.012491526726050174,-0.012775768890976922,-0.16052633048798487,-0.01410145800985533,-0.014421913008726335,-0.17037663082856463,-0.01580747341619439,-0.016166299652593218,-0.18019379566582217,-0.017609238053693573,-0.01800858993642794,-0.18997590806258013,-0.019506398334588473,-0.019948425857011485,-0.19972105792614556,-0.021498582043767086,-0.021985430363960643,-0.20942734238128238,-0.023585398411450086,-0.024119207433352458,-0.21909286614177498,-0.02576643818949412,-0.02634934214505345,-0.2287157418805093,-0.028041273731303298,-0.028675400763738652,-0.23829409059800033,-0.030409459075333253,-0.03109693082358459,-0.24782604198929326,-0.03287053003217141,-0.03361346121661959,-0.25730973480916697,-0.03542400427517656,-0.03622450228471428,-0.2667433172355684,-0.038069381434659905,-0.03892954591519428,-0.276124947231207,-0.04080614319558935,-0.04172806564005633,-0.28545279290323866,-0.04363375339879788,-0.04461951673876871,-0.29472503286096857,-0.04655165814567609,-0.047603336344635504,-0.30393985657150346,-0.04955928590632884,-0.05067894355470434,-0.31309546471328387,-0.05265604763117447,-0.05384573954319591,-0.3221900695274269,-0.0558413368659651,-0.05710310767843312,-0.33122189516681166,-0.05911452987020535,-0.0604504136432472,-0.3401891780428383,-0.062474985738946526,-0.06388700555883702,-0.3490901671697938,-0.06592204652793238,-0.06741221411205775,-0.3579231245067565,-0.06945503738207197,-0.0710253526861136,-0.3666863252969732,-0.07307326666721468,-0.07472571749462949,-0.3753780584046424
1770565173.0834925,15.43943668527172,11.28096353724364,0.7116865681091037,0.0,0.0,0.0,-4.240153788213635e-05,-4.37749988848159e-05,-0.010115646298260016,-0.0001835675509706765,-0.00018842222174285871,-0.020229456867931067,-0.0004234686727971845,-0.0004339153231789634,-0.030339461665141794,-0.0007620563044952081,-0.0007802083142476627,-0.040443691387339026,-0.001199262624266747,-0.001227235571411274,-0.05054017785688393,-0.0017350006005931134,-0.0017749118493225657,-0.0606269544044291,-0.002369164009187615,-0.002423132297429516,-0.07070205625200182,-0.00310162745368675,-0.003171772480398921,-0.08076352089571887,-0.003932246390075897,-0.004020688402354888,-0.09080938848805846,-0.0048608571548447305,-0.004969716534927477,-0.10083770221961469,-0.005887276996866876,-0.006018673849106039,-0.11084650870026011,-0.007011304112997614,-0.007167357850891043,-0.1208338583396425,-0.008232717687382676,-0.008415546620737438,-0.13079780572694125,-0.009551277934470477,-0.009762998856781887,-0.14073641000980977,-0.010966726145719434,-0.011209453921845426,-0.15064773527242986,-0.01247878473999125,-0.012754631894202431,-0.16052985091260472,-0.01408715731762032,-0.014398233622105946,-0.1703808320178165,-0.015791528718148793,-0.016139940782058812,-0.18019875974017607,-0.017591565081716005,-0.017979415940819223,-0.18998172167019117,-0.0194869139140903,-0.019916302621128597,-0.19972781220928051,-0.021477204155330623,-0.021950225371149015,-0.20943513294096114,-0.0235620462520645,-0.024080789837596688,-0.219101793000637,-0.02574103223336827,-0.026307582842557152,-0.22872590944391627,-0.02801373579023486,-0.028630172463967315,-0.23830560761338598,-0.03037971235861363,-0.031048108119748632,-0.24783902150377263,-0.03283849920600599,-0.033560920655574984,-0.2573242941254171,-0.035389615521600096,-0.03616812243625825,-0.2667595778659938,-0.038032562509926926,-0.03886920744073371,-0.2761430348504031,-0.04076682348801958,-0.04166365136062677,-0.28547283729876677,-0.04359186398605686,-0.04455091170238192,-0.2947471678824578,-0.04650713185147144,-0.0475304278929338,-0.30396422007809326,-0.049512057356502506,-0.05060162138890006,-0.3131221985194235,-0.05260605330917177,-0.053763895789274534,-0.3222193193470476,-0.05578851516766134,-0.057016636951598955,-0.3312538105558874,-0.0590588211580711,-0.06035921311159039,-0.34022391234035243,-0.0624163323955327,-0.06379097500620125,-0.34912787743712886,-0.06586039300865662,-0.06731125600008786,-0.3579639714655251,-0.0693903302672878,-0.07091937221546286,-0.36673047326530794,-0.07300545471354543,-0.07461462266530632,-0.37542567523196363
1770565173.1302884,15.475741058913819,11.268479806034168,0.687865925676476,0.0,0.0,0.0,-4.16400589495747e-05,-4.264475735624355e-05,-0.010115677160727109,-0.00018119937540411022,-0.00018514569074786608,-0.02022956337129189,-0.00041865070430625883,-0.00042747611352021643,-0.030339725185296075,-0.0007539480868237931,-0.0007695902548610708,-0.04044422986832512,-0.001187026859135442,-0.0012114232685505263,-0.050541145767424266,-0.0017178036647925144,-0.0017528912453574925,-0.06062854268036788,-0.0023461764706539483,-0.002393891229080414,-0.0707044922246515,-0.00307202458639173,-0.0031343012362291508,-0.08076706820613587,-0.003895208687562972,-0.003973980279344265,-0.09081434698727284,-0.004815570842244222,-0.004912768393949246,-0.10084440785484236,-0.005832934541222917,-0.0059504866691305214,-0.1108553333871305,-0.006947104731740218,-0.00708693728173942,-0.12084520982047821,-0.008157867854778766,-0.008321903534209535,-0.1308121274151309,-0.009464991885888228,-0.00965514989598226,-0.14075418082031854,-0.010868226379540841,-0.01108642204853259,-0.150669469438497,-0.012367302517008481,-0.012615446933986571,-0.16055609778868055,-0.013961933157752054,-0.01424193280732109,-0.17041217586879628,-0.01565181289431345,-0.01596556929213606,-0.18023581951699116,-0.01743661811069956,-0.017786027439988316,-0.19002515077182264,-0.01931600704424712,-0.019702959793275868,-0.1997782982312638,-0.02128961985095663,-0.021716000451660514,-0.20949339741045483,-0.023357078674282897,-0.02382476514201613,-0.21916859109813197,-0.02551798771736887,-0.026028851291889185,-0.22880202971166586,-0.0277719333187092,-0.028327838106457538,-0.23839187165064185,-0.030118484031228878,-0.030721286648972765,-0.24793628364891424,-0.0325571907047619,-0.033208739924670584,-0.2574334411250671,-0.035087586571914214,-0.035789722968133444,-0.2668815285312151,-0.037709187337294475,-0.038463742934088475,-0.2762787397000774,-0.040421491270095596,-0.041230289191623505,-0.2856232781902579,-0.04322397930000946,-0.04408883342180317,-0.2949133576296671,-0.0461161151164562,-0.04703882971866625,-0.30414720205701773,-0.04909734527110945,-0.05007971469358523,-0.31332304626133145,-0.05216709928369768,-0.05321090758296789,-0.3224391361193896,-0.0553247897510615,-0.05643181035928047,-0.3314937289310648,-0.05856981245944606,-0.05974180784537111,-0.34048509375246844,-0.06190154650000714,-0.06314026783207172,-0.349411511726851,-0.06531935438750877,-0.06662654119905594,-0.3582712764131919,-0.06882258218218965,-0.07019996203892977,-0.3670626941124154,-0.07241055961477523,-0.0738598477845315,-0.37578408419117076
1770565173.1839788,15.470533042300229,11.260515178649948,0.7010385696742868,0.0,0.0,0.0,-4.064564270547395e-05,-4.143876000647842e-05,-0.010115717752821253,-0.00017789622587854734,-0.00018143346270967878,-0.020229702098290343,-0.00041172702089012705,-0.00041995724512081014,-0.030340070369273373,-0.0007420953211855282,-0.0007569649035534387,-0.040444940571750715,-0.0011689404502340864,-0.0011923929020379287,-0.05054243173514081,-0.0016921837728237918,-0.001726159384148347,-0.06063066426243348,-0.002311728709698844,-0.00235816418823963,-0.07070776028006759,-0.003027460755537395,-0.0030882888660921717,-0.0807718439874878,-0.00383924750026615,-0.003916396704960376,-0.09082104200631554,-0.004746938653707844,-0.004842332753021049,-0.10085348372906909,-0.005750366073557001,-0.005865923848216909,-0.11086730166736777,-0.0068493437966787975,-0.006986978650489847,-0.12086063179955571,-0.008043668073725172,-0.008205287677397923,-0.1308316139176801,-0.009333117407061746,-0.009520623343109472,-0.14077839197375974,-0.010717452591998505,-0.01093274000076708,-0.15069911442527895,-0.012196416761316579,-0.012441373988213537,-0.16059193457984328,-0.013769735433082773,-0.014046243677071208,-0.17045501093893184,-0.015437116561743017,-0.015747049525165768,-0.1802865075406832,-0.017198250592485215,-0.017543474132284496,-0.19008459430165056,-0.019052810518861298,-0.01943518229925872,-0.19984744735746263,-0.021000451943657857,-0.02142182109035949,-0.20957324940232686,-0.023040813143004,-0.02350301989899482,-0.21926019002731204,-0.025173515133704406,-0.025678390516696223,-0.2289064660573467,-0.02739816174378517,-0.02794752720538181,-0.2385102818868713,-0.02971433968623928,-0.03031000677288242,-0.2480698498140812,-0.03212161863595789,-0.03276538865171672,-0.25758339037369854,-0.034619551309833206,-0.03531321498110065,-0.26704913266821073,-0.037207673550018035,-0.03795301069217592,-0.27646531469751423,-0.03988550441032642,-0.04068428359644174,-0.28583018368690216,-0.04265254624575944,-0.04350652447737326,-0.2951419964133346,-0.045508284805139264,-0.04641920718520963,-0.3043990195299308,-0.048452189326834504,-0.04942178873489424,-0.31359952988862305,-0.05148371263755884,-0.052513709407148626,-0.3227418148609122,-0.0546022912542246,-0.055694392852661465,-0.33182417265666486,-0.057807345488832325,-0.05896324619937309,-0.3408449126408933,-0.061098279556376804,-0.0623196601628357,-0.3498023556484584,-0.06447448168574954,-0.06576300915962867,-0.35869483429663845,-0.0679353242336168,-0.06929265142380768,-0.3675206932955036,-0.07148016380125236,-0.07290792912636634,-0.37627828975603994
1770565173.2435482,15.429927482009813,11.247533043554585,0.7546262650600672,0.0,0.0,0.0,-4.006255207654731e-05,-4.0946395595667603e-05,-0.010115737143009155,-0.00017566849567775234,-0.00017962513678496702,-0.020229776863617946,-0.00040679430125169463,-0.0004160097043589368,-0.030340272639749276,-0.000733399000152782,-0.0007500557409226777,-0.0404453785963452,-0.0011554241921214097,-0.0011817010589936976,-0.050543249842368944,-0.0016727940559461156,-0.0017108656523555008,-0.06063204280762731,-0.0022854153633062864,-0.002337451710664352,-0.07070991557935193,-0.0029931774957928795,-0.0030613436373065394,-0.08077502823847782,-0.003795952465104068,-0.003882408070502894,-0.09082554319555815,-0.004693594936412109,-0.004800493907656692,-0.1008596255262535,-0.005685942254897164,-0.005815432332940504,-0.1108754433063346,-0.006772814475443258,-0.006927036848116963,-0.12087116794613746,-0.00795401439549091,-0.008135103306587812,-0.1308449745244095,-0.009229327591040474,-0.00943940995066501,-0.14079504212148608,-0.0105985224557996,-0.010839717452057111,-0.1507195541517364,-0.012061350243467687,-0.012335768955563526,-0.1606166986952183,-0.013617545113149556,-0.013927290125968644,-0.17048466882848085,-0.015266824177890125,-0.015613989198127306,-0.18032166295445515,-0.01700888755632119,-0.017395557030232496,-0.19012588513137255,-0.018843418427410843,-0.019271667160255423,-0.1998955454006502,-0.0207700830883056,-0.02124197586554783,-0.20962886011368442,-0.02278853101525468,-0.023306122225595572,-0.2193240522574923,-0.024898394927605188,-0.025463728187911948,-0.22897935177914117,-0.027099290854856708,-0.027714398637058903,-0.23859299590890798,-0.02939081820676293,-0.03005772146678341,-0.24816322948210878,-0.03177255984646751,-0.03249326765525579,-0.2576883052595397,-0.034244082166660944,-0.03502059134339643,-0.2671664842464709,-0.036804935168744335,-0.0376392299162764,-0.2765960360101356,-0.03945465254498584,-0.04034870408757719,-0.2859752389956557,-0.04219275176365465,-0.043148517987094265,-0.29530238084034666,-0.04501873415711689,-0.046038159251268154,-0.30457575868634407,-0.04793208501287761,-0.049017099116726894,-0.31379367949149506,-0.05093227366755199,-0.052084792516822534,-0.32295446033845754,-0.05401875360374876,-0.055240678181144136,-0.33205642874195107,-0.05719096254984803,-0.05848417873798909,-0.34109792295410296,-0.060448322582655416,-0.06181470081977407,-0.35007729226783413,-0.06379024023291374,-0.0652316351713664,-0.3589928973182295,-0.06721610659365282,-0.06873435676131588,-0.367843110381837,-0.07072529743135784,-0.07232222489596707,-0.37662631567384197
1770565173.2830253,15.39628133128294,11.240519754531691,0.7952857048098332,0.0,0.0,0.0,-3.969727330266758e-05,-4.076193257885838e-05,-0.010115748379629846,-0.00017424557986255935,-0.00017879247615340093,-0.020229820145144635,-0.0004036216304668635,-0.0004140657718202551,-0.030340390744867454,-0.0007277850292199363,-0.0007465384183319325,-0.040445636258722766,-0.001146678280830618,-0.001176149479926303,-0.050543733727266914,-0.0016602268009842367,-0.0017028204973192499,-0.06063286148054536,-0.0022683389297974295,-0.002326455501858527,-0.0707111994667173,-0.0029709059483533484,-0.003046941032836253,-0.08077692958038835,-0.0037678020983142775,-0.00386414615795694,-0.09082823599059212,-0.004658884604608117,-0.004777922496957341,-0.1008633054683615,-0.005643993701184638,-0.005788104248373871,-0.11088032771383051,-0.0067229526598368726,-0.006894508219452768,-0.12087749568280778,-0.007895567822082433,-0.0080969338591976,-0.13085300591276275,-0.009161628634098997,-0.00939516329454815,-0.1408050588481656,-0.010520907684707693,-0.010788961369684151,-0.15073185916512255,-0.011973160746397494,-0.012278075688446823,-0.1606316160952478,-0.013518126819383226,-0.01386223665987046,-0.1705025437487133,-0.015155528178689268,-0.015541157546815973,-0.18034286143641895,-0.016885070424250442,-0.01731453451769754,-0.19015079399122434,-0.018706442534021008,-0.019182046701293035,-0.19992457208818426,-0.02061931692008226,-0.02114335624462838,-0.20966243256373046,-0.02262334948773856,-0.023198108373925372,-0.21936261873374197,-0.024718179697591117,-0.025345931458601947,-0.22902338071044614,-0.026903430630578398,-0.027586437078313396,-0.2386429757180942,-0.029178709055971357,-0.02991922009302242,-0.24821966840735352,-0.031543605502311244,-0.03234385871608532,-0.25775173116836,-0.03399769433127722,-0.03485991459034127,-0.2672374444423747,-0.03654053381447043,-0.0374669328671908,-0.27667509703198767,-0.03917166621310063,-0.04016444228864933,-0.28606298640981376,-0.041890617860561204,-0.04295195527236094,-0.29539941902562417,-0.04469689924787728,-0.04582896799955692,-0.3046827106118584,-0.04759000511201199,-0.04879496050594343,-0.3139111864874621,-0.05056941452701458,-0.051849396775501724,-0.32308318185999496,-0.05363459099799416,-0.05499172483718407,-0.33219704212595536,-0.056784982557901986,-0.05822137686448791,-0.3412511231692663,-0.060020021867104895,-0.0615377692778903,-0.35024379165786984,-0.063339126315732,-0.06494030285012424,-0.35917342533837626,-0.06674169812877592,-0.06842836281427762,-0.368038413328714,-0.07022712447392992,-0.07200131897469571,-0.376837156408729
1770565173.3470862,15.370131268976266,11.236823299374239,0.8251322222739588,0.0,0.0,0.0,-3.898859567641916e-05,-4.049679017642822e-05,-0.01011576589535356,-0.0001716644858961143,-0.00017742925061916656,-0.02022989101896082,-0.00039800368969287173,-0.0004107737138579068,-0.03034058845792344,-0.0007179656781332469,-0.0007404894788304038,-0.04044607190492931,-0.0011314933814770142,-0.0011665188180733361,-0.050544555973848417,-0.0016385131992599634,-0.0016887869879213062,-0.06063425651516596,-0.0022389350132972653,-0.00230720224171218,-0.07071339093119704,-0.002932652203605099,-0.0030216558459964264,-0.08078017849102702,-0.0037195416672377427,-0.0038320220997476043,-0.09083284064512231,-0.004599463840036788,-0.004738158356570594,-0.1008696013395556,-0.005572262721288636,-0.005739905049903645,-0.11088868732979008,-0.006637765901285931,-0.006837085721209805,-0.12088832849396766,-0.007795784591788044,-0.00802950705115274,-0.13086675814564513,-0.00904611365937524,-0.009316958893751419,-0.1408222133459235,-0.010388531661690618,-0.010699214313507658,-0.15075293521491537,-0.011822800886563468,-0.012176029625499974,-0.16065716924249496,-0.013348667394007042,-0.013747144438436595,-0.17053316559827622,-0.014965861061083417,-0.015412281700660103,-0.18037917944076418,-0.016674095629627482,-0.017171147749095554,-0.19019347122562485,-0.01847306875682158,-0.019023432361133387,-0.1999743070130192,-0.020362462068611937,-0.02096880880943801,-0.2097199587739469,-0.022341941215957426,-0.02300693391967238,-0.2194287046955462,-0.024411155933900648,-0.025137448131128295,-0.2290988294852949,-0.02656974010345102,-0.027359975560251815,-0.23872862467405975,-0.028817311816268867,-0.0296741240670525,-0.24831638891794047,-0.031153473442139056,-0.03207948532438471,-0.2578604282988544,-0.03357781169922233,-0.03457563489008886,-0.2673590566238098,-0.03608989772707189,-0.03716213228197969,-0.2768105957228138,-0.038689287162402296,-0.039838521055668506,-0.2862133757453631,-0.04137552021759742,-0.04260432888520551,-0.29556573545546505,-0.04414812176194334,-0.04545906764652792,-0.3048660225251364,-0.04700660140557213,-0.04840223350369936,-0.3141125938263282,-0.04995045358610147,-0.051433306997925074,-0.3233038157212259,-0.052979157657954905,-0.05455175313932729,-0.33243806435087186,-0.056092177984346875,-0.057757021501464584,-0.341513725922061,-0.059288964031916386,-0.06104854631857846,-0.3505291969924574,-0.06256895046799252,-0.06442574658555009,-0.35948288475388307,-0.06593155726047452,-0.06788802616054929,-0.36837320731372675,-0.06937618978030902,-0.07143477387035796,-0.37719859397442507
1770565173.3879848,15.352156242711459,11.234960351184046,0.8449701967289591,0.0,0.0,0.0,-3.863966988017985e-05,-4.032082974316085e-05,-0.010115775425404474,-0.00017045876456271632,-0.00017663163970756742,-0.0202299276385342,-0.00039543283564687194,-0.00040890993931103276,-0.030340687586071866,-0.0007135211410961899,-0.0007371164524020156,-0.04044628680803767,-0.0011246666523646392,-0.0011611951241293694,-0.050544957747108696,-0.0016287960643714152,-0.0016810731307468347,-0.060634934057780455,-0.0022258198083226536,-0.002296660892350564,-0.0707144509153165,-0.0029156320673778074,-0.0030078520885474403,-0.08078174532443193,-0.003698110795157959,-0.003814523677051468,-0.09083505642765705,-0.00457311773709282,-0.004716535915204962,-0.10087262581332698,-0.0055404984546026815,-0.0057137323844207825,-0.11089269782314358,-0.006600082352111107,-0.006805940017541343,-0.12089351985925569,-0.007751682706883615,-0.0079929691291096,-0.13087334269080417,-0.008995096701687149,-0.009274613448546725,-0.1408304207598779,-0.010330105460264617,-0.010650650156230668,-0.1507630124868274,-0.011756474085618314,-0.012120839922469309,-0.1606693805748829,-0.013273951701095478,-0.013684926949361333,-0.17054779231402256,-0.014882271494268864,-0.015342639015537571,-0.18039651988403932,-0.016581150763604634,-0.01709368752377496,-0.19021384065675187,-0.01837029096790934,-0.01893776755147475,-0.19999803749730766,-0.020249377778547458,-0.020874557903996175,-0.2097473990645251,-0.02221808113442028,-0.022903721170836302,-0.21946022011022254,-0.024276055299696522,-0.025024903784646092,-0.22913480177748108,-0.0264229389242846,-0.02723773608307249,-0.23876945189779009,-0.02865835510703602,-0.02954183237341569,-0.2483624852870224,-0.030981911461668694,-0.0319367910000902,-0.25791222404018804,-0.03339320018539883,-0.03442219441487798,-0.26741699782491485,-0.03589179813026929,-0.036997609249961386,-0.27687514417360437,-0.038477266877161874,-0.039662586393723005,-0.2862850087742123,-0.04114915281248084,-0.04241666106929936,-0.2956449457596027,-0.04390698720749385,-0.04525935291587443,-0.30495331799542424,-0.04675028630031687,-0.04819016607269911,-0.3142084973664601,-0.04967855138052842,-0.05120858926582166,-0.3234088650613996,-0.05269126887639849,-0.05431409589751406,-0.33255281185598273,-0.05578791044471676,-0.05750614413837866,-0.34163873839446796,-0.05896793306320458,-0.06078417702211894,-0.35066505546937365,-0.06223077912549445,-0.06414762254295797,-0.3596301842994448,-0.06557587653866023,-0.06759589375568721,-0.3685325568057957,-0.06900263882328139,-0.07112838887832852,-0.3773706158861811
1770565173.4327352,15.352897501143254,11.235082610161184,0.8441066793200281,0.0,0.0,0.0,-3.843837526329822e-05,-4.013281987197755e-05,-0.01011578327663584,-0.00016977510636566887,-0.0001758914919433841,-0.020229955528629773,-0.00039398547413077985,-0.0004072542825816884,-0.03034075977030233,-0.0007110286257820072,-0.0007341828502267424,-0.040446439601050016,-0.0011208475820392,-0.0011566222520513084,-0.05054523951045949,-0.00162336924701687,-0.0016745009535054853,-0.06063540518326713,-0.00221850442092209,-0.0022877308407433785,-0.07071518380411099,-0.002906147815549887,-0.0029962072359298467,-0.08078282436202214,-0.003686178072573449,-0.0037998089154246788,-0.09083657795460268,-0.0045584577846259616,-0.004698398130841033,-0.10087469809183733,-0.005522833519170407,-0.005691820632974475,-0.11089544099948598,-0.006579135845153197,-0.006779905698598482,-0.12089706592200457,-0.007727179362436991,-0.007962466160121726,-0.13087783542494147,-0.008966762734007585,-0.009239298438102006,-0.14083601569675688,-0.010297668720949303,-0.010610182576611173,-0.15076987685001308,-0.01171966422018279,-0.012074882281444918,-0.16067769322188286,-0.013232500304958641,-0.013633144961170749,-0.17055774367392396,-0.01483591226809987,-0.01528470177100707,-0.1804083118910678,-0.016529619667985693,-0.01702926765952573,-0.19022768667977025,-0.01831332637726859,-0.01886654141816988,-0.2000141622652725,-0.02018672063431625,-0.02079620573357862,-0.2097660385879208,-0.02214947509736947,-0.02281792724270928,-0.21948162159849358,-0.02420124690140647,-0.024931356590747775,-0.22915922355248383,-0.02634167771770394,-0.027136128491796987,-0.23879716330328699,-0.028570393816084325,-0.029431861792332658,-0.24839376659424228,-0.030887006129838575,-0.03181815953741566,-0.2579473663494772,-0.033291110323313125,-0.03429460903964929,-0.2674563029635045,-0.035782286862149286,-0.03686078195086951,-0.2769189245895218,-0.038360101086162925,-0.0395162343365557,-0.28633358742636295,-0.04102410328485175,-0.042260506752949054,-0.2956986560040522,-0.043773828775517,-0.04509312432686506,-0.3050125034679105,-0.046608797983986074,-0.04801359683818644,-0.3142735118611658,-0.04952851652792211,-0.05102141880502201,-0.32348007240601745,-0.05253247530270587,-0.054116069571516795,-0.3326305857831058,-0.055620150569875154,-0.057297013398298055,-0.34172346240933904,-0.05879100404810635,-0.06056369955554157,-0.3507571227140286,-0.06204448300672238,-0.06391556241864209,-0.3597299974132854,-0.06538002036171048,-0.06735202156647101,-0.3686405277826285,-0.06879703477423371,-0.0708724818822047,-0.37748716592776044
1770565173.5427208,15.36721792280936,11.238945423207328,0.825923444607779,0.0,0.0,0.0,-3.883213962871328e-05,-3.962980322932472e-05,-0.010115792913885719,-0.0001712026229802553,-0.00017465196541636478,-0.020229970707603375,-0.00039708847088768706,-0.0004050428225488836,-0.03034076901167023,-0.0007164503908801026,-0.0007307620740061368,-0.040446424046139205,-0.0011292327840370104,-0.0011517527895891202,-0.05054517292828177,-0.0016353637546872965,-0.0016679414194517694,-0.06063525398011433,-0.0022347551229510796,-0.002279237806931375,-0.07071490703571448,-0.002927302440122261,-0.0029855352042759756,-0.08078237374827338,-0.0037128850068891012,-0.0037867102912659905,-0.09083589789683093,-0.004591365894389633,-0.004682623196726837,-0.10087372569264005,-0.005562591968098232,-0.005673117522928777,-0.1108941060851066,-0.0066263939145392095,-0.006758020372869751,-0.12089529106725172,-0.007782586270822721,-0.007937142380436425,-0.1308755359806433,-0.009030967456997873,-0.009210277743438192,-0.1408330998197431,-0.01037131981121737,-0.010577204259508371,-0.15076624553561677,-0.011803409627707588,-0.012037683364866348,-0.1606732403389538,-0.013326987197537402,-0.013591460175933856,-0.17055235600234409,-0.014941786852178701,-0.015238263533798197,-0.18040186916175888,-0.01664752700985101,-0.016977806051514614,-0.1902200616171835,-0.018443910224642035,-0.018809784164239538,-0.20000522063234874,-0.020330623238395677,-0.020733878182186017,-0.20975563923350968,-0.022307337035358435,-0.022749752346392073,-0.21946961650721897,-0.024373706899574576,-0.024857054887292198,-0.22914545789704288,-0.026529372475020182,-0.02705541808608188,-0.23878147549916853,-0.028773957828465542,-0.02934445833886438,-0.24837598835685068,-0.031107071515054853,-0.03172377622356856,-0.2579273227536463,-0.03352830664659191,-0.03419295656962615,-0.2674338125053866,-0.036037240962519784,-0.03675156853039624,-0.2768937992508345,-0.03863343690358211,-0.03939916565832439,-0.286305632740978,-0.041316441688153266,-0.0421352859828233,-0.29566767112690806,-0.04408578739122384,-0.04495945209086129,-0.3049782812462313,-0.04694099102602796,-0.0478711712102447,-0.31423583890796697,-0.04988155462829797,-0.05086993529557967,-0.3234387291758797,-0.05290696534313191,-0.05395522111689816,-0.332585346650197,-0.056016695514458585,-0.05712649035093293,-0.34167409574766366,-0.05921020277708457,-0.06038318967502538,-0.3507033909798834,-0.062486930151307296,-0.0637247508636501,-0.3596716572298999,-0.06584630614007737,-0.06715059088753901,-0.36857733002696813,-0.06928774482869353,-0.070660112015388,-0.3774188558194688
1770565173.5620193,15.369625190748517,11.240865403254666,0.8215961966212815,0.0,0.0,0.0,-3.910392671595158e-05,-3.9806682935348536e-05,-0.010115785944162847,-0.0001720589444548563,-0.00017523204350783524,-0.020229945451255484,-0.0003988423075937219,-0.00040625175316151476,-0.030340704084692614,-0.0007194148091828934,-0.0007328247121845544,-0.040446288004541184,-0.0011337207878245536,-0.001154893056919803,-0.05054492427872439,-0.001641688137438008,-0.0016723821699164414,-0.06063484119406643,-0.0022432283199100385,-0.0022852006930209343,-0.07071426856712346,-0.0029382363806281057,-0.002993240543404981,-0.080781438054746,-0.00372659096689368,-0.003796376932527665,-0.09083458346431872,-0.004608154349212463,-0.004694468388028463,-0.10087194106362278,-0.005582772445457769,-0.005687356778547275,-0.11089174989026646,-0.006650274847902831,-0.0067748673414671345,-0.12089225206063005,-0.007810474853117278,-0.007956808713574712,-0.13087169307827046,-0.009063169494722547,-0.009232972964633244,-0.14082832214173152,-0.010408139579000482,-0.010603135633861983,-0.15076039245170622,-0.011845149723348877,-0.012067055769315823,-0.16066616151749666,-0.013373948397577192,-0.013624475970158083,-0.17054389146271812,-0.014994267968035234,-0.015275122431819152,-0.1803918493301936,-0.016705824744567055,-0.01701870499403301,-0.1902083073859854,-0.018508319030281765,-0.01885491719174318,-0.19999154342251024,-0.020401435174132645,-0.020783436308869217,-0.20973984106068475,-0.022384841626295237,-0.022803923434924347,-0.2194514900510487,-0.02445819099633472,-0.024916023524474154,-0.22912478657381252,-0.0266211201141524,-0.0271193654594261,-0.23875803353777697,-0.0288732500937006,-0.02941356211413881,-0.24834954087807234,-0.03121418639945473,-0.0317982104233397,-0.2578976258526648,-0.03364351891563097,-0.03427289145283912,-0.26740061333757825,-0.036160822018137334,-0.03683717047302855,-0.2768568361207794,-0.0387656546492455,-0.039490597035149885,-0.28626463519467493,-0.04145756039497044,-0.04223270505032265,-0.2956223600471695,-0.044236067565144,-0.04506301287131494,-0.3049283689512326,-0.047100689276168665,-0.0479810233770441,-0.3141810292529248,-0.05005092353643687,-0.050986224059792036,-0.32337871765783194,-0.05308625333440081,-0.05407808711512004,-0.3325198205158574,-0.05620614672927742,-0.05725606953446727,-0.34160273410432207,-0.059410056944372486,-0.06051961320041659,-0.3506258649093231,-0.06269742246300772,-0.0638681449846113,-0.35958762990530135,-0.06606766712703362,-0.06730107684830511,-0.3684864568327684,-0.06952020023791121,-0.07081780594552828,-0.37732078447414563
1770565173.5940487,15.378499884701089,11.246307766621417,0.8072791393019604,0.0,0.0,0.0,-3.936625422531454e-05,-4.0004559521139014e-05,-0.01011577884707159,-0.00017288784952505145,-0.00017589024441528198,-0.020229919416628484,-0.00040054215109569264,-0.0004076321581016964,-0.03034063664898652,-0.0007222899105038469,-0.000735188486182567,-0.040446146088651734,-0.0011380752726132671,-0.0011585005038228843,-0.050544664199261694,-0.0016478257854428122,-0.0016774925861148832,-0.06063440867836467,-0.002251452412953612,-0.002292072221425205,-0.07071359877198104,-0.0029488495507631754,-0.003002130027722416,-0.08078045558889126,-0.0037398950447836785,-0.003807539771882021,-0.0908332024145953,-0.004624450212781131,-0.004708158391965544,-0.10087006502488777,-0.005602359868851618,-0.005703826022469752,-0.11088927199899344,-0.006673452350810313,-0.006794366022541577,-0.12088905503220826,-0.007837539550488404,-0.007979585007153733,-0.1308676492479901,-0.0090944169469326,-0.009259272881235549,-0.1408232935094447,-0.010443863642501348,-0.01063320287675297,-0.15075423073015137,-0.011885642401851438,-0.012101131592731226,-0.1606587081842742,-0.013419499693808,-0.013662799038213031,-0.17053497781590304,-0.015045165736110647,-0.015317928678144804,-0.18038129654757093,-0.01676235454302778,-0.017066227482182793,-0.19019592658789258,-0.018570763975830632,-0.018907385976410437,-0.19997713573826972,-0.020470075796118228,-0.020841078297957918,-0.20972319769860973,-0.022459955721983792,-0.02286696225251423,-0.21943239237200307,-0.024540053487012665,-0.02498467937472156,-0.2291030061683058,-0.02671000290210138,-0.02719385499144142,-0.23873333230657384,-0.028969421920086988,-0.029494098287881323,-0.24832167111629555,-0.03131791270317512,-0.03188500237657026,-0.25786633033736905,-0.03375506169315502,-0.03436614436917094,-0.267365625418772,-0.03628043968438912,-0.036937085451116014,-0.27681787981587075,-0.03889360189956415,-0.039597370959055134,-0.2862214252863161,-0.0415940880681907,-0.04234653046109926,-0.2955746021844744,-0.04438142250783694,-0.04518407783984786,-0.3048757597543406,-0.0472551142080827,-0.04810951137818456,-0.31412325642088307,-0.050214656917178566,-0.051122313847826,-0.3233154600797677,-0.053259529231395125,-0.05422195260060826,-0.3324507483854105,-0.0563891946870463,-0.05740787966249479,-0.34152750903730805,-0.05960310185517065,-0.06067953183028918,-0.35054414006459483,-0.06290068443885402,-0.06403633077103585,-0.3594990501087778,-0.06628136137317608,-0.06747768312409083,-0.3683906587045975,-0.06974453692776345,-0.07100298060584503,-0.37721739655896686
1770565173.6341805,15.385955996191703,11.253622933518956,0.7925078609138034,0.0,0.0,0.0,-3.984200888541622e-05,-4.038607185653851e-05,-0.010115764648918918,-0.00017444210681547755,-0.00017735108117366896,-0.020229865543693583,-0.0004037780201146461,-0.00041086874780331845,-0.03034049309198243,-0.0007278105251540346,-0.0007408955165781321,-0.0404458383228885,-0.0011464834553692239,-0.0011673705651042811,-0.05054409321061708,-0.0016597237113094787,-0.0016902158146436907,-0.060633450997964286,-0.0022674412737165644,-0.0023093359440837418,-0.07071210651957867,-0.0029695292196308203,-0.0030246184069919416,-0.08077825652493793,-0.003765863741521617,-0.003835933451752523,-0.09083010000098318,-0.004656304169438765,-0.0047431341447813575,-0.10086583849435278,-0.005640692996180915,-0.00574605639681503,-0.11088367643315813,-0.006718855905476452,-0.006844518992269387,-0.12088182144824416,-0.007890601803171832,-0.00803832362166229,-0.13085848469387654,-0.009155722851421789,-0.009327254917094758,-0.14081188116779855,-0.010513994505875283,-0.0107110804907842,-0.15074023003060041,-0.01196517555585057,-0.0121895509766428,-0.1606417549243437,-0.013509008167492141,-0.013762400074893617,-0.17051468429038388,-0.015145217929901873,-0.015429344599716437,-0.18035725168633426,-0.01687351390423613,-0.017190084529914867,-0.19016769610211465,-0.01869358867575996,-0.019044303062595535,-0.19994426227502773,-0.020605118408849175,-0.020991666669849876,-0.20968520100380758,-0.02260776290493043,-0.02303182515842833,-0.21938876946158337,-0.02470116566334887,-0.02516441173239623,-0.22905323150770257,-0.026884953945152574,-0.02738904305876026,-0.23867685799835808,-0.029158738839782327,-0.02970531933605367,-0.2482579270959634,-0.031522115334654724,-0.03211282436586799,-0.2577947245772204,-0.033974662387626274,-0.03461112562731846,-0.26728554413982514,-0.03651594300232548,-0.03719977435442987,-0.27672868770775605,-0.03914550430633937,-0.039878305616428904,-0.28612246573509054,-0.041862877632240635,-0.0426462384009287,-0.29546519750829553,-0.044667578601440654,-0.04550307569999065,-0.30475521144693735,-0.047559107210853636,-0.04844830459904813,-0.31399084540275785,-0.05053694792235621,-0.05148139636867621,-0.32317044695706276,-0.053600569755026556,-0.05460180655919095,-0.3322923737163694,-0.05674942638014649,-0.057808975098061266,-0.3413549936062606,-0.05998295621894956,-0.06110232639011605,-0.35035668516339236,-0.06330058254309771,-0.06448126942052866,-0.35929583782560315,-0.06670171357786836,-0.06794519786056005,-0.36817085222007234,-0.07018574260803366,-0.07149349017604206,-0.37698014044947725
1770565173.6892576,15.391901234769625,11.261369341842729,0.7788162140121094,0.0,0.0,0.0,-4.033131346003209e-05,-4.1197228869954054e-05,-0.010115740700809795,-0.00017605401329471107,-0.00018029630146320456,-0.02022977872854024,-0.00040714573188221296,-0.0004172694618660193,-0.03034026715296319,-0.0007335666861523488,-0.0007520710812627024,-0.04044535969204774,-0.001155259684851397,-0.001184637666267926,-0.050543211049111914,-0.001672150138985866,-0.0017148878705213308,-0.06063197724979449,-0.002284146075443279,-0.002342722509542283,-0.07070981597878531,-0.0029911381537874875,-0.0030680245788420645,-0.08077488691625262,-0.0037929996862254615,-0.0038906592752902033,-0.09082535207390607,-0.004689586660741895,-0.004810474021731032,-0.10085937613063391,-0.005680737767397406,-0.005827298494845975,-0.11087512676765304,-0.006766274427785536,-0.006940944656256496,-0.12087077500311104,-0.007946000827643166,-0.008151206786862007,-0.1308444955260786,-0.009219703952608379,-0.00945786152440647,-0.14079446702987167,-0.010587153627119266,-0.010860667904266836,-0.15071887254464245,-0.012048102556446571,-0.012359367403455898,-0.16061589976917845,-0.013602286371852446,-0.013953683987831454,-0.1704837414018488,-0.015249423678867146,-0.015643324162503226,-0.18032059547063775,-0.01698921610867482,-0.017427977025428337,-0.19012466566220507,-0.018821348372598964,-0.01930731432418546,-0.1998941616499127,-0.020745488319677666,-0.021280990515917385,-0.20962729942075845,-0.022761286997318098,-0.023348642830431036,-0.2193223016011569,-0.02486837871501913,-0.025509891336443317,-0.2289773977815074,-0.02706638111115052,-0.02776433901096084,-0.23859082483949084,-0.02935489522277643,-0.030111571811780757,-0.2481608272620354,-0.03173350555851048,-0.032551158753099475,-0.25768565746589284,-0.03420178017438916,-0.03508265198421549,-0.2671635761167668,-0.036759270752749575,-0.037705586871311945,-0.27659285244693455,-0.0394055126840973,-0.0404194820823039,-0.28597176457130463,-0.042140025151949284,-0.043223839674735046,-0.2952985998018524,-0.04496231122063623,-0.046118145186707454,-0.3045716549603757,-0.04787185792604867,-0.04910186773082814,-0.3137892366895144,-0.05086813636930993,-0.052174460091155,-0.32294966176197654,-0.05395060181335896,-0.05533535882312456,-0.3320512573879141,-0.0571186937824254,-0.05858398435644327,-0.3410923615203933,-0.06037183616437874,-0.06191974110092346,-0.350071323158903,-0.06370943731593286,-0.06534201755524487,-0.3589865026508458,-0.06713089017068662,-0.06885018641862148,-0.3678362719909568,-0.07063557234998102,-0.07244360470535376,-0.37661901511859563
1770565173.7341657,15.400977955506518,11.2704215134522,0.7606873216657465,0.0,0.0,0.0,-4.049406656594333e-05,-4.2151243424345185e-05,-0.010115716541654163,-0.00017651462953246187,-0.00018330353442045635,-0.02022970254031743,-0.0004080373460100267,-0.0004234299733247376,-0.030340087118393932,-0.0007350202071852374,-0.0007624853523025424,-0.04044500006447616,-0.0011574035460915834,-0.0012004061637106876,-0.05054257217929539,-0.0016751100486465994,-0.0017371106118450543,-0.0606309356214849,-0.0022880447679533736,-0.0023724986280711045,-0.07070822425309205,-0.0029960951418637563,-0.0031064518893345037,-0.08077257398477511,-0.0037991310138000356,-0.003938833840048447,-0.09082212312062139,-0.004697004656831211,-0.004869489717353615,-0.10085501270252242,-0.005689550800999418,-0.005898246579746101,-0.11086938685404273,-0.0067765866638914585,-0.007024913339068019,-0.12086339312371867,-0.007957911984449768,-0.008249280795854862,-0.13083518282772366,-0.009233309060016563,-0.009571121678033069,-0.1407829113918364,-0.01060254278660434,-0.010990190682960666,-0.15070473869264897,-0.012065360702385257,-0.012506224522803193,-0.16059882939795175,-0.013621493034391332,-0.014118941973236489,-0.17046335330623175,-0.015270652748416881,-0.015828043925467387,-0.18029648568522208,-0.01701253560211392,-0.017633213441562674,-0.19009640760943988,-0.01884682020127068,-0.01953411581307602,-0.1998613062966497,-0.020773168059262916,-0.02153039862296215,-0.20958937544319078,-0.022791223659666928,-0.023621691810766704,-0.21927881555810608,-0.024900614522022746,-0.025807607741079763,-0.2289278342960106,-0.027100951270735304,-0.028087741275240385,-0.2385346467886384,-0.02939182770710091,-0.0304616698462789,-0.24809747597500634,-0.031772820884445566,-0.032928953537083035,-0.2576145529301335,-0.03424349118636138,-0.0354891351617735,-0.26708411719225594,-0.036803382408026504,-0.03814174035027393,-0.2765044170884754,-0.03945202184059359,-0.0408862776360595,-0.28587371005878287,-0.042188920358631206,-0.04372223854706817,-0.2951902629783961,-0.04501357251060183,-0.04664909769975738,-0.30445235247835173,-0.04792545661236002,-0.04966631289628921,-0.31365826526429297,-0.050924034843653154,-0.052773325224825765,-0.32280629843339376,-0.05400875334760706,-0.055969559162916314,-0.33189475978936034,-0.057179042333178096,-0.05925442268395702,-0.34092196815545284,-0.06043431618055269,-0.06262730736670362,-0.34988625368546805,-0.06377397354947499,-0.06608758850781686,-0.35878595817262654,-0.06719739749048222,-0.06963462523741956,-0.36761943535630653,-0.07070395555902768,-0.07326776063764438,-0.3763850512265681
1770565173.7850406,15.406318925553448,11.274495111563162,0.7512727535078557,0.0,0.0,0.0,-4.0478608985280885e-05,-4.260359006437593e-05,-0.01011570409861993,-0.00017626205801475915,-0.00018451711948209358,-0.020229672019399368,-0.00040732466623526084,-0.00042571482762492584,-0.030340031008730735,-0.000733623110418555,-0.0007661525698997452,-0.04044490898125461,-0.0011550964329833037,-0.001205767825922562,-0.05054243486650458,-0.0016716660532822781,-0.0017444797110951172,-0.06063073895536423,-0.002283235782152754,-0.002382188991581888,-0.07070795324627199,-0.0029896918397273823,-0.0031187781026847296,-0.08077221179110983,-0.003790902876502257,-0.0039541111706117545,-0.09082165104071174,-0.004686719997658255,-0.00488803403763642,-0.10085441018992804,-0.005676976790631159,-0.0059203742906421535,-0.11086863152218143,-0.00676148935592546,-0.007050941293047248,-0.1208624607534514,-0.007940056341166124,-0.008279526220104106,-0.13083404737562288,-0.009212458978382026,-0.009605902097566288,-0.14078154499913567,-0.010578461124514136,-0.011029823843716225,-0.15070311169487147,-0.012037809305140989,-0.012551028314745808,-0.16059691033521484,-0.013590232761413284,-0.01416923435348142,-0.17046110893422503,-0.015235443500188977,-0.015884142841444442,-0.18029388098685595,-0.016973136347359575,-0.01769543675423757,-0.19009340580716114,-0.018802989004357708,-0.019602781220246637,-0.19985786886542123,-0.02072466210783559,-0.02160582358264717,-0.20958546212413148,-0.022737799292503268,-0.023704193464704138,-0.21927438437278737,-0.024842027257115026,-0.025897502838352772,-0.22892284156140577,-0.027036955833591753,-0.02818534609604782,-0.2385290471327204,-0.029322178059266468,-0.030567300125867943,-0.24809122235299008,-0.031697270252239576,-0.03304292438986124,-0.25760759664135785,-0.03416179208982999,-0.03561176100561751,-0.26707640789770093,-0.036715286690107506,-0.038273334831052115,-0.2764959028289102,-0.039357280696491415,-0.04102715355238566,-0.2858643372735386,-0.04208728436539963,-0.04387270777530343,-0.2951799765247596,-0.04490479165693205,-0.0468094711192773,-0.30444109565157357,-0.04780928032857154,-0.049836900315033135,-0.3136459798182053,-0.050800212031885006,-0.05295443530514527,-0.32279292460163167,-0.053877032412206725,-0.056161499347739605,-0.33188023630718116,-0.0570391712112855,-0.05945749912328605,-0.34090623228214717,-0.06028604237287656,-0.06284182484446062,-0.3498692412273564,-0.06361704415125878,-0.06631385036905679,-0.3587676035066354,-0.06703155922265691,-0.06987293331592512,-0.36759967145411687,-0.07052895479954845,-0.07351841518391983,-0.3763638096793303
1770565173.841916,15.412621743865996,11.27502591609406,0.7444391306644075,0.0,0.0,0.0,-4.029361889907301e-05,-4.271487634706792e-05,-0.010115701703065734,-0.00017546725171724298,-0.00018462053305348216,-0.020229675237628583,-0.0004054943577427917,-0.0004256924166403595,-0.03034005817392306,-0.0007303309295198235,-0.0007658877127148258,-0.040444988743372566,-0.0011499155009519948,-0.0012051453538540497,-0.05054260618142378,-0.001664169158621157,-0.0017433860308504725,-0.06063105107019622,-0.0022729955563188294,-0.0023805122073161625,-0.0707084656808838,-0.0029762809327878183,-0.003116408137643599,-0.08077299431584531,-0.0037738941326707293,-0.003950939888319594,-0.09082278365032094,-0.004665686630661503,-0.004883955362588405,-0.10085598307371184,-0.0056514925588555245,-0.005915284328459517,-0.11087074503035976,-0.006731128737293296,-0.007044738450054925,-0.12086522535976438,-0.007904394707692008,-0.008272111322290146,-0.1308375836361752,-0.009171072770358826,-0.00959717850888258,-0.1407859835074958,-0.01053092802427909,-0.011019697583680203,-0.15070859303343798,-0.011983708410372051,-0.012539408175303034,-0.1606035850228635,-0.013529144757906146,-0.01415603201508906,-0.17046913737025124,-0.015166950834065308,-0.01586927298833588,-0.18030343339122776,-0.016896823396657178,-0.01767881718882862,-0.19010466215709992,-0.018718442249953456,-0.019584332976644,-0.19987101882832725,-0.020631470303652196,-0.021585471039220015,-0.20960070498687328,-0.022635553634951133,-0.02368186445567992,-0.21929192896737434,-0.02473032155372059,-0.02587312876439868,-0.22894290618706475,-0.026915386670764044,-0.028158862033799442,-0.23855185947439794,-0.02919034496915372,-0.03053864493636707,-0.24811701939630293,-0.031554775878628046,-0.03301204082586494,-0.25763662458401543,-0.03400824235303737,-0.035578595817740956,-0.26710892205742437,-0.03655029095082361,-0.0382378388727079,-0.2765321675478734,-0.03918045191851899,-0.040989281883482706,-0.2859046258193585,-0.04189823927724858,-0.043832419764668756,-0.2952245709880621,-0.04470315091222061,-0.04676673054576451,-0.3044902868401649,-0.047594668665188126,-0.04979167546728155,-0.31370006714787724,-0.050572258429865014,-0.05290669907995414,-0.32285221598363173,-0.053635370250278695,-0.05611122934702219,-0.3319450480323788,-0.0567834384220415,-0.0594046777495686,-0.3409768889019281,-0.060015881596521985,-0.06278643939489181,-0.3499460754312788,-0.06333210288789716,-0.06625589312789354,-0.35885095599688144,-0.06673148998306562,-0.06981240164546092,-0.36768989081677517,-0.07021341525440168,-0.07345531161382242,-0.3764612522525447
1770565173.8859143,15.414294833382375,11.269814640249463,0.7479773169926262,0.0,0.0,0.0,-3.950167960499743e-05,-4.2010640672607644e-05,-0.01011572602987139,-0.0001727882016787102,-0.00018217481711769383,-0.020229767150047828,-0.00039983291011352987,-0.00042046981291375934,-0.030340301591604366,-0.00072059226075256,-0.0007568552359762168,-0.040445508217251167,-0.00113500582923294,-0.0011912730258329526,-0.05054356684936304,-0.0016429963218696914,-0.00172364746408238,-0.060632658597836155,-0.002244469589578124,-0.0023538851880321016,-0.07071096618771283,-0.0029393146448322928,-0.0030818752075157177,-0.08077667428651536,-0.0037274036816564602,-0.003907488924884762,-0.09082796983123004,-0.004608592098645949,-0.004830580158172158,-0.10086304235488232,-0.005582718525013244,-0.005850985167423011,-0.11088008431264437,-0.006649604849654664,-0.00696852268418803,-0.12087729140741639,-0.007809056253232349,-0.00818299394417422,-0.1308528629148228,-0.00906086124326579,-0.009494182723046994,-0.1408050020075649,-0.010404791692226587,-0.010901855375377252,-0.15073191607907174,-0.011840602878629584,-0.012405760876726412,-0.1606318170663906,-0.01336803353111293,-0.014005630868861784,-0.17050292177225898,-0.014986805875499184,-0.015701179708094197,-0.18034345218630032,-0.016696625684828992,-0.017492104516729133,-0.19015163580528555,-0.01849718233235822,-0.019378085237622095,-0.19992570595240222,-0.02038814884750915,-0.021358784691828413,-0.20966390209547464,-0.022369181974765555,-0.023433848639337097,-0.21936447016407704,-0.024439922235501045,-0.02560290584287775,-0.2290256628654827,-0.02659999399272962,-0.027865568134789114,-0.23864573999939243,-0.028849005518766725,-0.030221430486937213,-0.24822296877138553,-0.031186549065788556,-0.03267007108367037,-0.2577556241050366,-0.03361220093927704,-0.035211051397798135,-0.2672419889526424,-0.03612552157433714,-0.03784391626958031,-0.27668035460450235,-0.038726055614872815,-0.040568193988711886,-0.28606902099669723,-0.04141333199560737,-0.0433833963792892,-0.29540629701731075,-0.04418686402693331,-0.04628901888774178,-0.3046905008110382,-0.04704614948257657,-0.04928454067371433,-0.3139199600821283,-0.04999067069005929,-0.0523694247038823,-0.3230930123956028,-0.05301989462394473,-0.05554311784868418,-0.33220800547670004,-0.05613327300184767,-0.05880505098195312,-0.3412632975084884,-0.05933024238319295,-0.06215463908342987,-0.35025725742759595,-0.06261022427070434,-0.06559128134413875,-0.3591882652180035,-0.06597262521460545,-0.06911436127460731,-0.36805471220284736,-0.06941683691951395,-0.07272324681591066,-0.37685500133417954
1770565173.9404361,15.40910865431494,11.265818225430799,0.7571599108787253,0.0,0.0,0.0,-3.888372116499768e-05,-4.115708581064973e-05,-0.01011575283452616,-0.00017075434169643518,-0.00017937371175380274,-0.020229860221255537,-0.000395586092390686,-0.00041462785152165775,-0.030340536236750627,-0.000713336789143822,-0.0007468803441060053,-0.040445995563478956,-0.0011239478404004026,-0.0011760749007132046,-0.05054445380506108,-0.0016273442574994603,-0.001702138114703551,-0.06063412780135591,-0.0022234346679158583,-0.0023249794745532843,-0.07071323594332775,-0.0029121113313946736,-0.0030444913798369374,-0.08077999848763942,-0.003693250158975773,-0.0038605491602272204,-0.09083263787091606,-0.0045667107349052025,-0.00477301109750907,-0.10086937902362378,-0.005532336341429535,-0.005781718450603978,-0.11088844968350814,-0.006589953986468798,-0.006886495483600198,-0.12088808070853688,-0.007739374434163086,-0.008087149496783859,-0.13086650638929165,-0.008980392238287465,-0.009383470860665509,-0.1408219647607536,-0.010312785778529282,-0.010775233052996096,-0.15075269791342782,-0.011736317299621471,-0.012262192698765849,-0.16065695230375188,-0.013250732953324905,-0.013844089613178958,-0.17053297906373283,-0.014855762843252449,-0.015520646847596518,-0.18037903430975932,-0.016551121072526768,-0.017291570738439614,-0.19019337945053325,-0.018336505794263425,-0.01915655095904385,-0.19997428149406674,-0.02021159926487045,-0.021115260574456254,-0.20972001335369067,-0.022176067900154913,-0.023167356099164857,-0.21942885415302052,-0.024229562334226566,-0.025312477557750672,-0.2290990895298252,-0.026371717481188217,-0.0275502485484515,-0.238729011938746,-0.028602152599601926,-0.029880276309626242,-0.24831692095281185,-0.030920471359719575,-0.03230215178910799,-0.2578611235636973,-0.03332626191346604,-0.03481544971643369,-0.26735993448067075,-0.03581909696716256,-0.037419728677937594,-0.27681167642818005,-0.0383985338569774,-0.04011453119469524,-0.28621468044202236,-0.041064114627090656,-0.042899383803304277,-0.29556728616404715,-0.04381536611055918,-0.04577379713948763,-0.3048678421353385,-0.046651800012867506,-0.04873726602450458,-0.3141147060878271,-0.04957291299814998,-0.05178926955435428,-0.32330624523427853,-0.052578186778068865,-0.05492927119175596,-0.3324408365566079,-0.05566708820333269,-0.05815671886088969,-0.34151686709246915,-0.05883906935783874,-0.06147104504488085,-0.35053273422006903,-0.062093567655423114,-0.06487166688601127,-0.3594868459411551,-0.06543000593920102,-0.06835798628863904,-0.36837762116212747,-0.0688477925834801,-0.07192939002480912,-0.37720348997322556
1770565174.0648575,15.394239975724854,11.261050593255204,0.7767962216444064,0.0,0.0,0.0,-3.807197583512998e-05,-3.9224119876809714e-05,-0.010115808395612306,-0.00016819019786179886,-0.000173309632215085,-0.02023003888823919,-0.00039033281031605456,-0.00040223329057969447,-0.0303409644676942,-0.00070446224421945,-0.0007259556548707194,-0.04044685868810661,-0.001110525223793966,-0.0011444210980578722,-0.05054599596271295,-0.0016084527755588793,-0.0016575578156788416,-0.060636651858501915,-0.002198160240108023,-0.002265277838099945,-0.07071710339066226,-0.002879547286565423,-0.002967477045536987,-0.08078562931678328,-0.0036524979297168528,-0.003764035185833775,-0.09084051043075803,-0.004516880549814371,-0.0046548158949952356,-0.10088002985633861,-0.005472547915050461,-0.0056396667204716405,-0.1109024733402937,-0.006519337206697946,-0.006718419147189964,-0.12090612954511828,-0.007657070046911376,-0.007890888626327924,-0.13088929034124544,-0.008885552529185135,-0.00915687460682579,-0.14085025109871036,-0.010204575251463083,-0.01051616056963058,-0.15078731097821685,-0.011613913351894085,-0.011968514064666829,-0.16069877322155662,-0.01311332654722727,-0.013513686750527533,-0.17058294544133157,-0.014702559173840538,-0.015151414436878596,-0.18043813990992988,-0.016381340231395276,-0.016881417129569486,-0.1902626738477065,-0.018149383429109784,-0.01870339907844236,-0.20005486971031858,-0.020006387234643597,-0.02061704882783157,-0.20981305547516707,-0.02195203492558431,-0.022622039269744914,-0.21953556492689566,-0.023985994643528064,-0.024718027699717465,-0.2292207379418977,-0.026107919450744577,-0.026904655875328563,-0.23886692077178337,-0.028317447389416956,-0.029181550077371915,-0.2484724663257581,-0.030614201543446157,-0.03154832117366832,-0.2580357344518641,-0.03299779010280964,-0.03400456468551022,-0.26755509221703744,-0.03546780643046314,-0.03654986085672666,-0.2770289141859319,-0.03802382913177413,-0.039183774725356856,-0.2864555826984632,-0.04066542212647526,-0.04190585619792025,-0.29583348814602545,-0.04339213472312521,-0.04471564012627013,-0.30516102924633226,-0.04620350169606455,-0.04761264638701798,-0.31443661331683687,-0.04909904336485325,-0.05059637996351481,-0.3236586565466836,-0.05207826567617639,-0.05366633103037549,-0.3328255842671441,-0.05514066028820403,-0.05682197504053173,-0.3419358312204933,-0.05828570465739083,-0.06006277281479874,-0.35098784182727766,-0.061512862127700706,-0.06338817063394049,-0.35998007045193153,-0.06482158202224104,-0.06679760033321738,-0.3689109816666949,-0.06821129973729115,-0.07029047939940082,-0.37777905051378874
1770565174.0760596,15.392805109444183,11.261644285440791,0.7776373957394908,0.0,0.0,0.0,-3.807197583512998e-05,-3.9224119876809714e-05,-0.010115808395612306,-0.00016819019786179886,-0.000173309632215085,-0.02023003888823919,-0.00039033281031605456,-0.00040223329057969447,-0.0303409644676942,-0.00070446224421945,-0.0007259556548707194,-0.04044685868810661,-0.001110525223793966,-0.0011444210980578722,-0.05054599596271295,-0.0016084527755588793,-0.0016575578156788416,-0.060636651858501915,-0.002198160240108023,-0.002265277838099945,-0.07071710339066226,-0.002879547286565423,-0.002967477045536987,-0.08078562931678328,-0.0036524979297168528,-0.003764035185833775,-0.09084051043075803,-0.004516880549814371,-0.0046548158949952356,-0.10088002985633861,-0.005472547915050461,-0.0056396667204716405,-0.1109024733402937,-0.006519337206697946,-0.006718419147189964,-0.12090612954511828,-0.007657070046911376,-0.007890888626327924,-0.13088929034124544,-0.008885552529185135,-0.00915687460682579,-0.14085025109871036,-0.010204575251463083,-0.01051616056963058,-0.15078731097821685,-0.011613913351894085,-0.011968514064666829,-0.16069877322155662,-0.01311332654722727,-0.013513686750527533,-0.17058294544133157,-0.014702559173840538,-0.015151414436878596,-0.18043813990992988,-0.016381340231395276,-0.016881417129569486,-0.1902626738477065,-0.018149383429109784,-0.01870339907844236,-0.20005486971031858,-0.020006387234643597,-0.02061704882783157,-0.20981305547516707,-0.02195203492558431,-0.022622039269744914,-0.21953556492689566,-0.023985994643528064,-0.024718027699717465,-0.2292207379418977,-0.026107919450744577,-0.026904655875328563,-0.23886692077178337,-0.028317447389416956,-0.029181550077371915,-0.2484724663257581,-0.030614201543446157,-0.03154832117366832,-0.2580357344518641,-0.03299779010280964,-0.03400456468551022,-0.26755509221703744,-0.03546780643046314,-0.03654986085672666,-0.2770289141859319,-0.03802382913177413,-0.039183774725356856,-0.2864555826984632,-0.04066542212647526,-0.04190585619792025,-0.29583348814602545,-0.04339213472312521,-0.04471564012627013,-0.30516102924633226,-0.04620350169606455,-0.04761264638701798,-0.31443661331683687,-0.04909904336485325,-0.05059637996351481,-0.3236586565466836,-0.05207826567617639,-0.05366633103037549,-0.3328255842671441,-0.05514066028820403,-0.05682197504053173,-0.3419358312204933,-0.05828570465739083,-0.06006277281479874,-0.35098784182727766,-0.061512862127700706,-0.06338817063394049,-0.35998007045193153,-0.06482158202224104,-0.06679760033321738,-0.3689109816666949,-0.06821129973729115,-0.07029047939940082,-0.37777905051378874
1770565174.1038814,15.385621529628457,11.26178708854337,0.7846781724526359,0.0,0.0,0.0,-3.817026232857777e-05,-3.921314919441411e-05,-0.01011580832238091,-0.00016849750352439886,-0.00017327699421806455,-0.020230036665722685,-0.0003909602484687158,-0.00040216784053316714,-0.0303409562041934,-0.0007055212733074775,-0.0007258457848085603,-0.04044683867753564,-0.001112127611814008,-0.0011442547217403872,-0.050545956686478266,-0.001610710564442531,-0.0016573223536421834,-0.06063658398800104,-0.0022011857100709947,-0.002264960202802733,-0.07071699579040164,-0.0028834529204311843,-0.002967063626609572,-0.08078546904811446,-0.0036573963772236653,-0.0037635118354355734,-0.09084028275623114,-0.00452288459191462,-0.004654167913285529,-0.10087971824467218,-0.0054797704282112,-0.005638878841199221,-0.11090205947195939,-0.006527891127211561,-0.006717475523406983,-0.12090559331853921,-0.007667068335225261,-0.00788977281623326,-0.13088860987960646,-0.008897108134259282,-0.009155569559743237,-0.1408494027573786,-0.010217801075164462,-0.010514648612127146,-0.15078626935277048,-0.01162892221343668,-0.011966776886816353,-0.16069751115642014,-0.013130231147666633,-0.013511705392324864,-0.1705814340390149,-0.014721472060631697,-0.015149169274809483,-0.18043634854086932,-0.01640237376302281,-0.01687888786334133,-0.19026057016070486,-0.018172649739798884,-0.01870056471788095,-0.20005241964358178,-0.020031998199160867,-0.020613887679948845,-0.20981022326793453,-0.021980102124137084,-0.022618528925982803,-0.21953231313166122,-0.02401662932677095,-0.024714145023372793,-0.2292170274372183,-0.026141232504901944,-0.026900376989163966,-0.23886271077567195,-0.028353549301530015,-0.029176850351417677,-0.24846771440965734,-0.030653202366753295,-0.03154317521322,-0.25803039655519755,-0.03303979942226859,-0.033998946319326886,-0.26754912266233394,-0.035512933328423577,-0.03654374312543451,-0.27702226569452004,-0.038072182153809205,-0.039177129870062916,-0.286448206406731,-0.040717109247380576,-0.041898655649040904,-0.29582533362224184,-0.043447263313093676,-0.044707854492579024,-0.3051520445080255,-0.04626217848704553,-0.04760424544491793,-0.3144267448487258,-0.04916137441710438,-0.0505873326465382,-0.3236478493191565,-0.05214435634501633,-0.053656605418917674,-0.33281378175528176,-0.05521061519097448,-0.05681153835182183,-0.3419229754236294,-0.05835962764063595,-0.06005159139311219,-0.3509738732890934,-0.061590856234572194,-0.0633762099410576,-0.359964928281078,-0.06490374946013688,-0.06678482493913226,-0.36889460355793857,-0.06829774184573614,-0.07027685297328476,-0.37776137276967425
1770565174.1296508,15.363444183397457,11.265969064897286,0.8026735423297228,0.0,0.0,0.0,-3.8336550704115055e-05,-3.931089709516515e-05,-0.010115805921192758,-0.00016905701128821542,-0.00017362453400665253,-0.020230024482893,-0.0003921401461330501,-0.0004029166937500946,-0.030340919866135407,-0.000707548868169426,-0.0007271468589544982,-0.040446756822284595,-0.0011152302452431579,-0.0011462582188159086,-0.05054580097084162,-0.0016151155091993807,-0.0016601776788473833,-0.060636319097101495,-0.002207120067684667,-0.002268815873423602,-0.07071657944961073,-0.0028911435186649154,-0.0029720671811179536,-0.08078485203737351,-0.0036670696676565366,-0.0037698097428294822,-0.09083940892675606,-0.004534766547667959,-0.004661905482696566,-0.10087852453803765,-0.0054940864418480395,-0.0056482001317937425,-0.11090047594155773,-0.006544865908837505,-0.006728523254607629,-0.1209035431534083,-0.0076869258108190515,-0.007902688278287374,-0.13088600943062062,-0.0089200713442613,-0.009170492524664621,-0.14084616156579577,-0.010244092073351332,-0.01053171724503751,-0.1507822901811284,-0.01165876196611008,-0.011986127657712738,-0.1606926900217734,-0.013163839433184322,-0.013533472988299194,-0.17057566024850454,-0.0147590673693087,-0.015173486512746331,-0.18042950472961583,-0.016444173197430603,-0.016905885603119845,-0.19025253233201472,-0.018218868915490308,-0.018730371776106768,-0.2000430572114573,-0.020082851145848436,-0.020646630744241726,-0.20979939910187595,-0.02203580118735218,-0.022654332469845544,-0.21951988360374985,-0.024077385070031355,-0.02475313122166688,-0.2292028424714683,-0.026207253612414938,-0.026942665634217267,-0.23884661389963804,-0.02842504248145825,-0.02922255876978933,-0.2484495428082855,-0.030730372255070415,-0.03159241818314748,-0.2580099811269044,-0.033122848487231495,-0.034051835988880126,-0.26752628807730067,-0.03560206177568803,-0.03660038893140167,-0.27699683045518597,-0.038167587832215376,-0.0392376384575924,-0.2864199829104708,-0.04081898755543487,-0.041963130792063846,-0.29579412822621065,-0.04355580710617315,-0.044776397015036426,-0.30511765759615495,-0.046377577985350874,-0.04767695314281638,-0.3143889709008539,-0.04928381711438741,-0.05066430021085791,-0.3236064769822735,-0.05227402691810764,-0.0537379243593964,-0.33276859391687336,-0.0553476954101367,-0.05689729692163794,-0.34187374928709896,-0.058504296280768024,-0.06014187451449007,-0.3509203804512429,-0.061743288987289625,-0.06347109913181824,-0.35990693481162855,-0.06506411884675291,-0.06688439824021176,-0.36883187008106927,-0.06846621713116846,-0.07038118487724306,-0.37769365454755877
1770565174.1868434,15.34944974073086,11.271956046228027,0.8106810036655758,0.0,0.0,0.0,-3.9056583468989446e-05,-4.021205878120022e-05,-0.010115780475895437,-0.00017144083872737732,-0.00017654382128432552,-0.020229931244660694,-0.0003971307496731574,-0.0004089701998030913,-0.030340678057620387,-0.0007160879322868898,-0.0007374492494672053,-0.0404462472632298,-0.0011282576413651235,-0.0011619221756004438,-0.05054486611821335,-0.0016335687801239409,-0.0016823133440345647,-0.060634763098543806,-0.0022319339126709386,-0.0022985302943772487,-0.07071416821020758,-0.002923249279343453,-0.003010463756231735,-0.08078131329970155,-0.003707394814910351,-0.0038179876683653185,-0.09083443236420714,-0.004584234169634179,-0.004720959200823334,-0.1008717618613871,-0.005553614733189978,-0.005719218779984748,-0.11089154101875051,-0.006615367661436588,-0.0068125901165549795,-0.12089201214253212,-0.0077693079060357165,-0.00800088023649102,-0.13087142092603143,-0.009015234246913587,-0.009283879514853426,-0.14082801675735773,-0.010352929327559485,-0.01066136171257927,-0.1507600530265268,-0.011782159693155003,-0.012133084016169585,-0.16066578743185594,-0.013302675831527264,-0.01369878708028432,-0.17054348228560276,-0.014914212216919,-0.015358195073237359,-0.18039140481879493,-0.01661648735656777,-0.01711101572538365,-0.19020782748519702,-0.01840920384008612,-0.018956940380389857,-0.19999102826436096,-0.02029204839163409,-0.02089564404937968,-0.20973929096370736,-0.02226469192487487,-0.022926785467944223,-0.21945090551958446,-0.024326789600703953,-0.02505000715600747,-0.22912416829725174,-0.026477980887741705,-0.02726493548053635,-0.238757382389736,-0.028717889625578717,-0.02957118072108443,-0.2483488579155072,-0.031046124090762798,-0.031968337138157644,-0.2578969123149216,-0.03346227706551614,-0.03445598304439017,-0.2673998706453809,-0.03596592590917047,-0.037033680878517904,-0.2768560658751548,-0.03855663263230779,-0.039700977282136576,-0.2862638391758161,-0.041233943973593624,-0.04245740317923109,-0.2956215402132367,-0.043997391479289216,-0.045302473858461964,-0.3049275274370932,-0.04684649158542893,-0.04823568905819468,-0.3141801683688321,-0.049780745702648295,-0.05125653305425687,-0.3233778398880432,-0.05279964030364779,-0.05436447475040794,-0.33251892851719167,-0.05590264701327714,-0.057558967771505376,-0.34160183070465844,-0.05908922270122425,-0.06083945055935123,-0.3506249531060392,-0.062358809577292534,-0.06420534647120217,-0.3595867128636531,-0.06571083528924983,-0.06765606388092553,-0.3684855378842117,-0.06914471302323197,-0.07119099628278396,-0.3773198671145993
1770565174.232325,15.339801518919424,11.281415840976416,0.8108694307286242,0.0,0.0,0.0,-3.964938072153668e-05,-4.1150962715899625e-05,-0.01011575197273785,-0.00017336949223992375,-0.00017949989902269018,-0.020229835352952155,-0.0004011367586546935,-0.00041502174366563364,-0.030340441519002295,-0.0007229107863543585,-0.0007476740547251355,-0.04044576247105045,-0.0011386343712396821,-0.001177397021206298,-0.050543991154371935,-0.0016482335089530366,-0.0017041134737344485,-0.06063332178249654,-0.0022516174081120203,-0.0023277288983547324,-0.07071195016012312,-0.00294867850654496,-0.0030481314534332943,-0.08077807400574953,-0.0037392924905254115,-0.0038651919896570386,-0.09082989327396053,-0.004623318317002201,-0.004778764073128383,-0.10086561047731563,-0.005600598238821037,-0.005788684011550873,-0.11088343100777956,-0.006670957832933198,-0.00689477088350099,-0.12088156345763798,-0.007834206031586226,-0.008096826570780901,-0.13085821993984076,-0.009090135156491066,-0.00939463579384637,-0.14081161640771564,-0.01043852095595953,-0.010787966150303502,-0.15073997297399527,-0.011879122645005478,-0.012276568156467441,-0.1606415142291005,-0.013411682948402478,-0.013860175291975554,-0.17051446955862276,-0.015035928146690306,-0.015538504047447168,-0.1803570734599491,-0.016751568125122063,-0.017311253975181334,-0.1901675658579732,-0.018558296425543075,-0.019178107742883498,-0.1999441924198355,-0.0204557903011924,-0.021138731190411538,-0.20968520486863687,-0.0224437107744171,-0.023192773389531005,-0.21938886129606927,-0.024521702697288924,-0.025339866706668823,-0.22905342647390725,-0.02668939481511261,-0.027579626868654318,-0.23867717216430526,-0.028946399832814464,-0.029911653031435774,-0.2482583774288448,-0.03129231448419924,-0.03233552785176017,-0.25779532893627616,-0.03372671960406307,-0.03485081756180343,-0.2672863212689001,-0.036249180203149496,-0.03745707204673766,-0.2767296572275342,-0.03885924554593512,-0.04015382492522166,-0.2861236481350093,-0.041556449231231155,-0.04294059363280024,-0.29546661413814296,-0.044340309275586194,-0.045816879508197364,-0.3047568845081337,-0.04721032819947554,-0.04878216788248784,-0.31399279793932466,-0.050165993116261576,-0.051835928171131515,-0.32317270284628163,-0.05320677582390919,-0.05497761396885351,-0.33229495765913314,-0.056332132899439995,-0.05820666314735358,-0.3413579311171193,-0.05954150579610838,-0.06152249795582704,-0.3503600025602975,-0.06283432094328208,-0.06492452512427947,-0.3592995622193521,-0.06620998984900912,-0.06841213596961644,-0.36817501150345683,-0.0696679092052534,-0.07198470650448952,-0.3769847632861381
1770565174.2865808,15.345461744111633,11.290454286614214,0.7961707598986181,0.0,0.0,0.0,-3.9928998581271235e-05,-4.169687330700854e-05,-0.010115733909873198,-0.00017434169593674926,-0.0001812371274456974,-0.02022977701409287,-0.0004032131319889321,-0.0004185961653475871,-0.03034030054835446,-0.0007265012671591992,-0.0007537317028985134,-0.040445476384742385,-0.0011441469899691734,-0.0011865837765842034,-0.05054347736228189,-0.0016560741277289277,-0.001717074754332544,-0.06063247761731608,-0.002262189460310106,-0.00234510934955058,-0.07071065291364842,-0.002962382737001463,-0.0030705746383536997,-0.08077618097239087,-0.003756526696443785,-0.0038933400799839044,-0.09082724180145821,-0.004644477089640577,-0.004813257540413458,-0.10086201802464882,-0.005626072706040357,-0.005830161319129651,-0.11087869521025247,-0.006701135402685848,-0.006943868179095843,-0.12087546219912573,-0.007869470136424797,-0.008154177379883363,-0.13085051143217571,-0.009130864999176577,-0.009460870713968263,-0.14080203927719265,-0.01048509125624823,-0.010863712546186385,-0.1507282463549727,-0.011931903387692996,-0.01236244985633961,-0.16062733786467168,-0.013471039132703852,-0.013956812284945528,-0.17049752390833078,-0.01510221953703404,-0.015646512182122346,-0.18033701981451597,-0.01682514900343604,-0.01743124465960014,-0.1901440464610124,-0.01863951534510978,-0.019310687645849024,-0.19991683059651522,-0.02054498984215052,-0.021284501944314332,-0.20965360516125897,-0.022541227300986164,-0.023352331294748268,-0.21935260960652755,-0.024627866116793205,-0.02551380243762685,-0.22901209021298669,-0.026804528338880106,-0.02776852518164064,-0.2386303004077817,-0.02907081973902623,-0.030116092474246955,-0.24820550108034312,-0.031426329882763976,-0.03255608047527082,-0.2577359608968428,-0.03387063220359124,-0.03508804863354137,-0.2672199566132441,-0.03640328408010081,-0.03771153976654989,-0.27665577338688924,-0.039023826916012645,-0.04042608014311494,-0.2860417050865675,-0.04173178622309479,-0.04323117956903987,-0.29537605460100863,-0.044526671706957566,-0.04612633147574689,-0.3046571341457444,-0.04740797735570592,-0.04911101301187203,-0.31388326556828505,-0.05037518153143368,-0.05218468513780419,-0.3230527806515529,-0.053427747064543174,-0.055346792723151274,-0.33216402141552037,-0.05656512135087326,-0.058596764647115746,-0.3412153404169965,-0.05978673645161807,-0.0619340139017615,-0.3502051010475085,-0.06309200919601865,-0.06535793769815341,-0.35913167782922417,-0.06648034128680849,-0.06886791757535018,-0.3679934567088616,-0.06995111940839437,-0.07246331951223103,-0.3767888353495332
1770565174.329899,15.35622425617885,11.295515601267509,0.7803469331781041,0.0,0.0,0.0,-3.991637355164872e-05,-4.173103233379302e-05,-0.010115731486760813,-0.00017438792188136738,-0.00018139136850796556,-0.02022976981883998,-0.00040338923846377784,-0.00041895673053661997,-0.030340283233204278,-0.0007268777963873598,-0.0007543851087512482,-0.040445440605222066,-0.0011447939560565441,-0.0011876167694091467,-0.05054341178030017,-0.001657060975993103,-0.0017185742655118576,-0.060632367905345125,-0.002263585026734882,-0.0023471624508316783,-0.07071048175998873,-0.0029642552078293478,-0.0030732684971436905,-0.08077592808751778,-0.0037589435679188927,-0.0038967619146602047,-0.09082688392544833,-0.004647505127914238,-0.004817494575663902,-0.10086152893568427,-0.005629777907251745,-0.005835300741335397,-0.11087804573420072,-0.006705582953229893,-0.0069499970917703754,-0.1208746202201924,-0.007874724373419592,-0.008161382759180857,-0.13084944190462727,-0.009136989371142459,-0.009469239364274564,-0.14080070423814617,-0.010492148284010652,-0.010873331055805832,-0.1507266049382488,-0.011939954625521281,-0.012373404553290885,-0.16062534631570718,-0.01348014512969782,-0.013969189192879712,-0.17049513560014687,-0.015112439798770493,-0.015660396976376296,-0.18033418526473752,-0.016836541953886976,-0.01744672262339828,-0.1901407133499339,-0.018652138288844197,-0.019327843626666594,-0.19991294378620827,-0.020558898926831562,-0.021303420310415114,-0.20964910671571632,-0.022556477480175315,-0.02337309589190969,-0.21934743881283802,-0.02464451111307313,-0.025536496546065428,-0.2290061836035353,-0.026822620607307723,-0.02779323147315057,-0.23862359178346895,-0.029090410430927457,-0.030142892969564638,-0.248197921534817,-0.031447468809881536,-0.03258505650167806,-0.2577274388417372,-0.03389336780259686,-0.0351192807827199,-0.26721041780441634,-0.03642766337748294,-0.03774510785269978,-0.27664514095164994,-0.03904989549335097,-0.040462063161349475,-0.2860298995518951,-0.04175958818273238,-0.04326965565406929,-0.29536299392274107,-0.04455624963808173,-0.046167377860863355,-0.30464273373873996,-0.047439372300848576,-0.04915470598824814,-0.3138674383375437,-0.050408432953401895,-0.05223110001411724,-0.3230354370242906,-0.053462892813790595,-0.05539600378554529,-0.33214506937418653,-0.05660219763332288,-0.05864884511951348,-0.34119468553322624,-0.0598257777969468,-0.06198903590653817,-0.3501826465170001,-0.06313304842641389,-0.06541597221718409,-0.35910732450753263,-0.06652340948620701,-0.06892903441144256,-0.36796710314809783,-0.06999624589221345,-0.07252758725095518,-0.3767603778359596
1770565174.3812044,15.370573572836085,11.29848315144279,0.7630300663455893,0.0,0.0,0.0,-3.9828850042703204e-05,-4.1584775503857224e-05,-0.010115734421556785,-0.00017419465816571748,-0.00018099107311218807,-0.020229779651397155,-0.00040307195660154615,-0.00041819480409821205,-0.030340306352937396,-0.000726418183190239,-0.000753154191010724,-0.04044548582599371,-0.0011441736890776544,-0.0011858097752304251,-0.0505434903375411,-0.0016562617495042104,-0.0017160844277242663,-0.06063249345229742,-0.002262588577682174,-0.002343883362995858,-0.07071067036307259,-0.0029630433417589717,-0.0030690941562294192,-0.08077619822082341,-0.003757498184863468,-0.0038915867636241767,-0.09082725646435418,-0.00464580824823157,-0.004811213545915521,-0.10086202714960353,-0.005627811697406981,-0.005827809295078674,-0.11087869527845781,-0.006703329751512373,-0.00694119126421004,-0.12087544912703178,-0.007872166715585672,-0.008151159200580831,-0.130850480573357,-0.009134110015975607,-0.009457495381856985,-0.14080198542441863,-0.010488930238790125,-0.010859964655478829,-0.15072816374248188,-0.011936381171390745,-0.012358314481193388,-0.16062722017064862,-0.013476199846925265,-0.013952274976731578,-0.1704973642575853,-0.015108106591890871,-0.015641558966622112,-0.1803368107813639,-0.016831805076718984,-0.01742586203413324,-0.19014378007235697,-0.018646982369372678,-0.019304862576332897,-0.19991649833512812,-0.020553308991947038,-0.021278221862257366,-0.2096531979692604,-0.02255043898026219,-0.023345584094177935,-0.21935211788906414,-0.024638009946438173,-0.025506576471954368,-0.22901150384210614,-0.02681564314444043,-0.027760809260463665,-0.23862960872650324,-0.02908294353858402,-0.030107875860091896,-0.24820469290692265,-0.03143949987498411,-0.03254735288027625,-0.2577350245292313,-0.033884884755939905,-0.035078800216084165,-0.2672188798337384,-0.03641865471723852,-0.03770176112781555,-0.27665454346697343,-0.03904035030836481,-0.04041576232361378,-0.2860403087919441,-0.0417494961756027,-0.04322031404507053,-0.29537447819681756,-0.04454560114801288,-0.04611491015580882,-0.3046553634019691,-0.04742815832627138,-0.04909902823302847,-0.31388128576534313,-0.050396645174353064,-0.05217212966199726,-0.32305057658607106,-0.05345052361404318,-0.05533365973347076,-0.3321615774062907,-0.056589240122260194,-0.05858304774402313,-0.3412126403111136,-0.05981222583117206,-0.06191970709927087,-0.35020212822668473,-0.06311889663108798,-0.0653430354199708,-0.35912841521628236,-0.06650865327610689,-0.06885241465097297,-0.3679898867744023,-0.0699808814925037,-0.07244721117300895,-0.37678494011877556
1770565174.433328,15.38390839721017,11.299377603622961,0.7488007897913341,0.0,0.0,0.0,-3.97779628492495e-05,-4.146508245509747e-05,-0.010115737071858052,-0.00017405314392237198,-0.00018063281244368136,-0.020229788749697566,-0.0004028002220534848,-0.0004174791002534155,-0.03034032873737411,-0.0007259768172580183,-0.0007519622183255843,-0.040445531372850195,-0.0011435234983852825,-0.0011840228087898505,-0.05054357195785562,-0.001655363793849967,-0.0017135838941825232,-0.06063262708737374,-0.00226140420544064,-0.0023405508913464036,-0.07071087497889436,-0.0029615342252027445,-0.0030648116285096894,-0.08077649580137342,-0.0037556263553930568,-0.0038862363655408705,-0.09082767200384051,-0.004643536131501992,-0.0048046778173759415,-0.10086258864359461,-0.005625102148339596,-0.005819971180613705,-0.11087943371392872,-0.00670014608918054,-0.006931934163274377,-0.1208763984713246,-0.007868472757962822,-0.008140367017716107,-0.13085167776205806,-0.00912987011453437,-0.009445052576703458,-0.14080347034815605,-0.010484109312941199,-0.010845756292621364,-0.1507299792326468,-0.011930944742750211,-0.012342226279827478,-0.16062941198404418,-0.013470114073399111,-0.01393419336013521,-0.1704999810600074,-0.01510133830156554,-0.015621371111419329,-0.18033990413011824,-0.01682432180154679,-0.0174034559193353,-0.19014740439771693,-0.018638752378641005,-0.019280127032142998,-0.19992071092073876,-0.020544301325520282,-0.02125104661862495,-0.20965805893149375,-0.02254062348158547,-0.02331585982908864,-0.21935769015533124,-0.024627357295291884,-0.02547419485944179,-0.229017853128132,-0.02680412488943481,-0.02772566301832916,-0.23863680351257072,-0.029070532129382893,-0.030069858797318657,-0.24821280441309151,-0.031426168694247136,-0.03250635994412411,-0.2577441266895396,-0.03387060815097268,-0.0350347275388515,-0.2672290492693928,-0.03640340803133994,-0.03765450607325484,-0.2766658594585358,-0.03902410991186121,-0.04036522353298743,-0.2860528532505222,-0.04173223949655839,-0.0431663914828337,-0.2953883356342675,-0.04452730670260665,-0.046057505154905996,-0.30467062090011715,-0.04740880574882893,-0.04903804353979073,-0.31389803294423646,-0.05037621524702493,-0.0521074694806272,-0.32306890557126466,-0.053428998296118385,-0.05526522977010216,-0.3321815827951804,-0.05656660257910541,-0.058510755250342626,-0.34123441913832364,-0.05978846046278656,-0.061843460915688875,-0.35022577992852005,-0.06309398910026458,-0.06526274601832915,-0.35915404159425446,-0.06648259053618913,-0.06876799417677677,-0.36801759195783923,-0.06995365181472986,-0.07235857348717041,-0.37681483052652603
1770565174.4841068,15.395899407076232,11.296968630016186,0.739218753532046,0.0,0.0,0.0,-3.963850239177159e-05,-4.1141415571118836e-05,-0.01011574532865216,-0.00017366088318643361,-0.0001796798768856796,-0.020229815387168462,-0.0004020423921442313,-0.0004155911135213441,-0.03034039189030682,-0.0007247413153450037,-0.0007488333495883862,-0.040445657180888994,-0.0011416989826874217,-0.001179347311240071,-0.05054379455657507,-0.0016528397784365725,-0.001707056237328778,-0.06063298859646628,-0.0022580711548179943,-0.002331865893205958,-0.0707114254874775,-0.0029572836486557123,-0.003053664587663429,-0.08077729335042055,-0.003750350901051296,-0.0038723231930129867,-0.09082878256574006,-0.004637129680100389,-0.0047876951683006996,-0.10086408609884287,-0.0056174599066426256,-0.00579961658565172,-0.1108813998249628,-0.006691164683040325,-0.006907906159740893,-0.12087892285350238,-0.007858050324980765,-0.008112365280383836,-0.13085485785179304,-0.009117906396296322,-0.009412778048242646,-0.1408074113682157,-0.010470505746796241,-0.010808911313639816,-0.15073479415462354,-0.011915604553103204,-0.0123005147184734,-0.1606352214880094,-0.013452942362487365,-0.013887320741225822,-0.17050691349135919,-0.015082242139689983,-0.015569044745058332,-0.18034809545363442,-0.016803210316728233,-0.017345385028982415,-0.19015699814882603,-0.018615536845672204,-0.01921602288209892,-0.19993185815402184,-0.020518895254384658,-0.02118062264089523,-0.209670918166431,-0.022512942705213496,-0.023238831749590124,-0.21937242731930817,-0.024597320056626355,-0.025390280823515497,-0.22903464149672045,-0.026771651927776294,-0.02763458371552352,-0.2386558236471008,-0.02903554676598698,-0.029971337585407376,-0.2482342440955315,-0.031388596917145156,-0.03240012297232297,-0.2577681808547012,-0.03383037869898783,-0.034920503870198696,-0.26725591993448033,-0.03636045247727094,-0.0375320278061197,-0.27669575565005833,-0.038978362744805865,-0.04023422592167243,-0.28608599092858805,-0.04168363820334957,-0.043026613057235076,-0.295424937614282,-0.04447579184833348,-0.04590868783919841,-0.30471091677190504,-0.0473543210564162,-0.048879932770101726,-0.31394225898861,-0.050318707675844024,-0.05193981432166741,-0.323117304674061,-0.053368418119603134,-0.055087783030717465,-0.3322344043587911,-0.056502903461346725,-0.058323273597954854,-0.34129191899074013,-0.05972159953407979,-0.06164570498959176,-0.3502882202299203,-0.06302392703158391,-0.06505448054180664,-0.3592216907411554,-0.06640929161256356,-0.06854898806801107,-0.3680907244848419,-0.0698770840074956,-0.07212859996890741,-0.37689372700567925
1770565174.5618052,15.39627564756613,11.297038484491447,0.7387726585668875,0.0,0.0,0.0,-3.944580896904046e-05,-4.064481802461652e-05,-0.010115758709205693,-0.00017300633369785474,-0.00017815567751971635,-0.02022985952181767,-0.0004006583043974716,-0.000412507538880853,-0.03034049936628909,-0.00072236167730741,-0.0007436580983602827,-0.04044587578807057,-0.0011380596418344028,-0.0011715477956085836,-0.05054418727093927,-0.001647678630680197,-0.0016960998242926619,-0.06063363355816072,-0.002251128332956622,-0.002317220145788255,-0.0707124159734262,-0.0029483017102855886,-0.0030347975059444835,-0.08077873774150819,-0.003739075015881151,-0.003848703454917473,-0.09083080430857711,-0.0046233078166102275,-0.004758792370069504,-0.10086682366212191,-0.005600843018028044,-0.0057649014819296015,-0.11088500665041763,-0.006671506892383846,-0.006866850903210958,-0.12088356730148306,-0.007835109109591884,-0.008064443660879989,-0.13086072314147137,-0.009091442771162134,-0.009357465731271317,-0.14081469551243728,-0.01044028444708473,-0.010745686078242434,-0.15074370988942376,-0.01188139421566153,-0.012228856694361233,-0.16064599619681227,-0.013414515706277682,-0.01380671264511904,-0.17051978912387938,-0.0150393761451056,-0.015478972116161307,-0.1803633284395042,-0.016755686403733216,-0.017245336463527543,-0.19017485930597028,-0.01856314105070776,-0.019105490266891463,-0.1999526325918058,-0.020461418405985983,-0.021059101385791954,-0.20969490518360667,-0.02245018059828106,-0.023105821018844792,-0.2193999402967869,-0.02452907362529591,-0.025245283765924505,-0.22906600778520012,-0.026697727416832295,-0.02747710769330539,-0.2386913844495784,-0.02895575590076439,-0.02980089440175004,-0.24827435434473227,-0.03130275707186501,-0.03221622909753316,-0.25781320908545735,-0.03373831306347234,-0.03472268066638815,-0.26730624815109355,-0.03626199022198431,-0.03731980175036316,-0.2767517791886821,-0.03887333918416734,-0.040007128827572944,-0.2861481183146666,-0.04157189495726577,-0.04278418229483241,-0.295493590415084,-0.044357177001897445,-0.04565046655315686,-0.30478652944419243,-0.04722868931772103,-0.048605470096114,-0.31402527872148217,-0.050185920531859475,-0.051648665601011744,-0.32320819122701727,-0.053228343990064056,-0.05477951002290568,-0.3323336298950548,-0.05635541785060264,-0.057997444691409335,-0.3413999679058898,-0.059566585180855454,-0.061301895410290054,-0.350405588975873,-0.06286127405660125,-0.0646922725598328,-0.35934888764555123,-0.06623889766397588,-0.06816797120195338,-0.3682282695658772,-0.06969885440408549,-0.07172837118804265,-0.37704215178243905
1770565174.5881586,15.3949204037658,11.297040137759833,0.7401262490988326,0.0,0.0,0.0,-3.940827925173533e-05,-4.061388697421103e-05,-0.010115760271283731,-0.0001728831513863403,-0.00017805606207182433,-0.020229864439954875,-0.000400401462331083,-0.00041230144316360185,-0.030340511052685794,-0.0007219233076513436,-0.000743307706207921,-0.04044589927198462,-0.0011373920396581141,-0.0011710152927892376,-0.050544229196947885,-0.0016467342774976893,-0.0016953474207262158,-0.0606337021838463,-0.002249859920221755,-0.0023162100977476363,-0.07071252116648667,-0.002946662162835537,-0.003033492138233641,-0.08077889097629276,-0.003737017515321167,-0.0038470651830193464,-0.09083101866204826,-0.0046207858246328625,-0.00475678372225728,-0.10086711380924476,-0.005597810299660007,-0.0057624851213345755,-0.11088538885897781,-0.006667917539153694,-0.006863989649840328,-0.12088405942633458,-0.00783091756261175,-0.008061100513577916,-0.130861344618216,-0.009086603844116732,-0.009353603889616606,-0.14081546735053702,-0.010434753349120885,-0.010741268964376209,-0.15074465466474843,-0.011875126574171516,-0.012223847974737995,-0.16064713804362402,-0.013407467589569655,-0.013801076252174515,-0.17052115372625629,-0.015031504084954482,-0.015472672269890523,-0.18036494302220543,-0.016746947417805365,-0.01723833769296658,-0.19017675262474507,-0.018553492664852823,-0.019097757431496366,-0.19995483492314878,-0.020450818676389353,-0.02105059969670831,-0.2096974483139626,-0.022438588133470386,-0.023096516060061505,-0.21940285751120714,-0.02451644760799517,-0.02523514151530535,-0.22906933385545472,-0.02668402762565691,-0.027466094543491925,-0.23869515562172602,-0.028940942731751004,-0.029788977180929512,-0.2482786083261519,-0.03128679155982949,-0.03220337509006507,-0.2578179850313452,-0.03372115690318967,-0.0347088576332832,-0.2673115866504284,-0.03624360578918407,-0.03730497794960826,-0.2767577222496636,-0.03885368955633847,-0.039991273034296185,-0.2861547093496292,-0.041550943934264443,-0.042767263821301645,-0.2955008742248921,-0.04433488912635185,-0.04563245526860592,-0.3047945522021193,-0.04720502989522693,-0.04858633644639037,-0.3140340879565786,-0.05016085565096055,-0.05162838062803969,-0.32321783580697294,-0.05320184054201086,-0.054758045383958766,-0.33234416000855804,-0.05632744354888437,-0.05797477267818646,-0.3414114350444897,-0.05953710858049852,-0.061277988967789083,-0.3504180459153495,-0.06283026457322881,-0.06466710530501593,-0.35936238842679746,-0.0662063255926226,-0.06814151744219842,-0.3682428694752997,-0.0696646909377617,-0.07170060593937458,-0.3770579073318811
1770565174.6324801,15.383048990234247,11.294952856609653,0.7540849437805642,0.0,0.0,0.0,-3.9344647490440734e-05,-4.0652107202573624e-05,-0.010115761522580015,-0.00017268223645335457,-0.0001781711553243836,-0.02022986761445132,-0.0003999895280011596,-0.00041253217190186076,-0.03034051745159967,-0.0007212265518691773,-0.0007436929416852138,-0.040445910825399625,-0.0011363366135323679,-0.0011715940141548867,-0.050544248463143024,-0.001645246304299834,-0.0016961587141067682,-0.060633732348400894,-0.0022478655143852956,-0.0023172931553042727,-0.07071256604116165,-0.002944087448951202,-0.0030348862571948514,-0.08077895499768854,-0.0037337886471236386,-0.003848809764687975,-0.09083110689003963,-0.004616829003974628,-0.004758918270991048,-0.10086723192519309,-0.005593051795467916,-0.005765049243499195,-0.11088554316372118,-0.006662283706363811,-0.006867023052734322,-0.12088425683795626,-0.00782433486107809,-0.008064643004328275,-0.1308615926695919,-0.009078998857489492,-0.009357695374044428,-0.14081577418666288,-0.010426052803689773,-0.010745949445831435,-0.1507450290398472,-0.011865257357669785,-0.012229157552902421,-0.16064758931803452,-0.013396356769934495,-0.013807055121832215,-0.17052169186310376,-0.015019078929039373,-0.015479360719664862,-0.1803655785838549,-0.016733135410040068,-0.01724577610402299,-0.19017749676903856,-0.01853822152584665,-0.01910598627621006,-0.1999556993994273,-0.02043401638147341,-0.021059659537296146,-0.209698445458874,-0.022420182931174454,-0.02310644754717719,-0.219404000244301,-0.024496368038454924,-0.0252459853865972,-0.22907063567456523,-0.026662202538947254,-0.027477891622122406,-0.23869663059814444,-0.028917301306141164,-0.0298017683740558,-0.2482802710995896,-0.031261263319955705,-0.032217201387279876,-0.2578198508046888,-0.0336936717381412,-0.0347237601050151,-0.26731367118428834,-0.03621409397049835,-0.03732099774548086,-0.27676004185671743,-0.03882208175590119,-0.0400084513814453,-0.28615728088876163,-0.04151717124211041,-0.04278564202264991,-0.2955037150951326,-0.04429888306836251,-0.045652074701094024,-0.3047976803363799,-0.04716672245072039,-0.04860723855916431,-0.3140375218151921,-0.05012017927017003,-0.05165060694059334,-0.32322159437103515,-0.05315872816344752,-0.05478163748423114,-0.332348262773074,-0.056281828616580425,-0.05799977222061301,-0.34141590201132693,-0.05948892506112667,-0.06130443767130638,-0.35042289758599976,-0.06277944697309401,-0.06469504495101917,-0.35936764579494895,-0.06615280897452216,-0.06817098987245117,-0.36824855401922163,-0.06960841093770984,-0.07173165305387005,-0.3770640410066229
1770565174.6916792,15.365256662444304,11.29450057404419,0.7723295541359717,0.0,0.0,0.0,-3.9394022774048295e-05,-4.088460095885227e-05,-0.01011575599332238,-0.00017272765838768412,-0.00017876669818754832,-0.02022985279383245,-0.0003999771777895886,-0.0004136216909640596,-0.030340488065466988,-0.0007211021160806698,-0.0007454076979578753,-0.0404458600890086,-0.0011360452797249236,-0.0011740655646932721,-0.050544168083152784,-0.0016447327567413446,-0.0016995188740906648,-0.06063361252540787,-0.0022470739298750715,-0.0023216739600841617,-0.0707123954727707,-0.002942961492745414,-0.003040419924312892,-0.08077872088212065,-0.0037322714689678985,-0.0038556286558831406,-0.0908307949302754,-0.004614863234246905,-0.00476715485419776,-0.10086682633365084,-0.005590579541434972,-0.005774836054848791,-0.11088502666746847,-0.006659246548554303,-0.006878492658568687,-0.12088361068445351,-0.007820673849775476,-0.00807792796323498,-0.13086079663296665,-0.009074654509347834,-0.009372928198922666,-0.14081480657451284,-0.01042096509847552,-0.010763262565998093,-0.15074386670057063,-0.011859365735132585,-0.012248683276247565,-0.1606462076486857,-0.013389600126810045,-0.01382892559703327,-0.17052006481777177,-0.015011395616187312,-0.015503707898468763,-0.18036367868256326,-0.016724463229719856,-0.017272731703605524,-0.19017529510716352,-0.01852849772913438,-0.01913568174162165,-0.1999531656576324,-0.020423177665822405,-0.021092226004003255,-0.20969554791355788,-0.022408165438122563,-0.02314201580370853,-0.21940070577855617,-0.024483107351481317,-0.025284685837303884,-0.22906690978964467,-0.02664763368148148,-0.027519854250061176,-0.23869243742543303,-0.028901358739727274,-0.029847122704004393,-0.24827557341307718,-0.031243880942574128,-0.03226607644889361,-0.2578146100339415,-0.03367478288269105,-0.03477628439613366,-0.2673078474279151,-0.03619363140344279,-0.03737729919559429,-0.2767535938963274,-0.0387999776760785,-0.04006865731532812,-0.2861501662034097,-0.04149335727971324,-0.042849879124172284,-0.2954958898762484,-0.04427329028408792,-0.04572046897721879,-0.3047890995031766,-0.04713928133509307,-0.04867991530413872,-0.3140281390305513,-0.05009081974304116,-0.05172769070034422,-0.32321136205786277,-0.05312737957367168,-0.05486325202097223,-0.33233713213112365,-0.056248419741872877,-0.05808604047767313,-0.34140382303448585,-0.059453384108103254,-0.06139548173818697,-0.35040981908003277,-0.06274170157749598,-0.06479098602868985,-0.3593535153956957,-0.06611278620162808,-0.0682719482388917,-0.36823331821124244,-0.06956603728293681,-0.07183774802986723,-0.37704764514228784
1770565174.7407823,15.349982624641745,11.295368611899281,0.7867355540834365,0.0,0.0,0.0,-3.939551433833868e-05,-4.105234396282644e-05,-0.01011575179067161,-0.00017263249394195232,-0.0001790698449029651,-0.020229844500090657,-0.0003996864580683661,-0.00041402868657116536,-0.030340478233199023,-0.0007205162303812337,-0.0007458878011164286,-0.040445853710495194,-0.0011350639462780435,-0.0011745888763944094,-0.05054417258823256,-0.0016432550631876566,-0.0017000563663445963,-0.06063363777845118,-0.002244998373835843,-0.0023221975044344294,-0.07071245376878615,-0.00294018602247645,-0.0030409023201679523,-0.08077882694199542,-0.0037286935240853263,-0.0038560436586560763,-0.09083096589515055,-0.004610379786513575,-0.004767477203244959,-0.10086708175843324,-0.005585087135596192,-0.005775041501198475,-0.11088538851348116,-0.00665264134321164,-0.0068785579924302166,-0.12088410331122633,-0.007812851658287335,-0.008077831041279902,-0.1308614467891695,-0.009065510840745555,-0.009372647971328533,-0.14081564338803398,-0.01041039519838371,-0.010762779103246113,-0.15074492166774275,-0.011847264626682438,-0.012247977795665213,-0.16064751462266258,-0.01337586265153439,-0.01382798048907304,-0.17052165999605873,-0.014995916474886156,-0.015502506752714284,-0.18036560059370485,-0.016707137023285204,-0.017271259334496365,-0.19017758459659181,-0.01850921899932313,-0.01913392421388814,-0.19995586587267994,-0.020401840935966135,-0.02109017065780275,-0.20969870428763926,-0.022384665253763075,-0.023139651279454637,-0.21940436601452243,-0.024457338320920764,-0.02528200210018017,-0.2290711238423151,-0.026619490516236043,-0.027516842614211015,-0.23869725748330894,-0.02887073629487326,-0.029843775856388637,-0.24828105387924285,-0.03121067425697549,-0.03226238847280787,-0.2578208075061571,-0.033638887219097365,-0.03477225079437707,-0.2673148206779072,-0.03615494228844665,-0.03737291691328164,-0.2767614038482826,-0.03875839093992153,-0.04006392476233743,-0.28615887591167716,-0.04144876909592979,-0.042844796197219905,-0.29550556450225707,-0.04422559720897559,-0.045715037081554194,-0.3047998062915739,-0.04708838034699946,-0.048674137374851295,-0.314039947284569,-0.050036608281455924,-0.05172157122327441,-0.32322434311391735,-0.05306975557811338,-0.05485679705321948,-0.3323513593326575,-0.05618728169055996,-0.05807925766769321,-0.34141937170505676,-0.0593886310563987,-0.06138838034547131,-0.35042676649565857,-0.06267323319611504,-0.06478357694301963,-0.35937194075646184,-0.06604050281459876,-0.06826424399915955,-0.36825330261218,-0.06948983990530277,-0.07182976284245954,-0.3770692715435298
1770565174.7836077,15.343824817305423,11.296612938460774,0.7916490348582682,0.0,0.0,0.0,-3.932804668654715e-05,-4.0971479291741276e-05,-0.010115753736256549,-0.00017240033329582292,-0.00017872555575723775,-0.020229853560483808,-0.00039919223374063273,-0.00041323876957646117,-0.030340504876874244,-0.0007196624927794557,-0.0007444704924567268,-0.04044591370150686,-0.0011337532333365753,-0.0011723629348415806,-0.05054428698066299,-0.001641389966771506,-0.001696841156164698,-0.06063383290897709,-0.0022424816060958998,-0.002317813078146977,-0.070712761247366,-0.0029369204821355754,-0.003035169501134457,-0.08077928364068025,-0.0037245823626348203,-0.003848784123474183,-0.09083161393502122,-0.004605326474299559,-0.004758513563924557,-0.10086796849466757,-0.0055789955277754785,-0.005764197387096204,-0.11088656651855493,-0.0066454157455567,-0.006865658131918861,-0.12088563035625263,-0.00780439689282001,-0.008062701343129208,-0.13086338582338142,-0.009055732311179208,-0.009355115605774058,-0.14081806251641604,-0.010399198955353565,-0.010742672582722811,-0.15074789412681716,-0.011834557432743916,-0.012225127055182495,-0.1606511187544366,-0.013361552045909294,-0.013802216966208182,-0.1705259792201403,-0.014979910837936667,-0.015473663467201113,-0.1803707233775936,-0.016689345640695658,-0.01723917096738626,-0.1901836044241539,-0.01848955212596968,-0.019098427186260484,-0.19996288121081454,-0.020380209859454473,-0.021051103209002102,-0.20970681855114592,-0.02236098235761444,-0.023096853544831947,-0.21941368752917878,-0.024431517147386606,-0.025235316188315548,-0.22908176580617434,-0.02659144582872176,-0.02746611268359564,-0.23870933792622803,-0.028840384139951592,-0.029788848191543545,-0.24829469562065157,-0.031177932025970183,-0.0322031115598175,-0.2578361381110798,-0.03360367370921787,-0.034708475395815536,-0.26733197241124873,-0.0361171777634548,-0.03730449614250996,-0.2767805136273907,-0.03871799719031108,-0.03999071415714996,-0.2861800852571938,-0.041405669498600105,-0.042766653792818424,-0.2955290194872724,-0.04417971678638061,-0.04563182348282835,-0.3048256574890957,-0.047039645825753366,-0.04858571582794411,-0.3140683497133223,-0.04998494815037714,-0.05162780768641191,-0.32325545618248847,-0.05301510014568849,-0.05475756026678353,-0.3323853467819974,-0.056129563141809384,-0.05797441922351684,-0.3414564015493592,-0.05932778350912617,-0.06127781475533621,-0.3504670109616289,-0.062609192756523,-0.06466716170633532,-0.3594155762209928,-0.06597320763225206,-0.06814185966980432,-0.36830050953845095,-0.06941923022742297,-0.07170129309476314,-0.37712023441554704
1770565174.8402228,15.342291997263523,11.297287064528804,0.792507728832138,0.0,0.0,0.0,-3.920141533527236e-05,-4.066918793293134e-05,-0.010115761315006324,-0.0001720278941363408,-0.00017767495213007016,-0.020229880402681533,-0.0003984549681558681,-0.00041099414002160675,-0.030340573389685564,-0.0007184416603717625,-0.0007405866117887304,-0.04044605700695576,-0.001131930492214486,-0.0011663952474432763,-0.050544548904230366,-0.001638847493704819,-0.0016883459569022458,-0.06063426796440996,-0.0022391022165002927,-0.0023063476930554215,-0.07071343461770148,-0.0029325877498479827,-0.003020292467823769,-0.08078027115548916,-0.003719180739440863,-0.003830055371205803,-0.09083300204387743,-0.00459874140917438,-0.004735494593308547,-0.10086985423685005,-0.005571113585799416,-0.005736451449359206,-0.11088905748899056,-0.006636124726467298,-0.006832750407693144,-0.12088884466770872,-0.007793585949161989,-0.008024199120713227,-0.130867452064918,-0.009043292066014086,-0.00931058845881506,-0.140823119708109,-0.010385021619490765,-0.010691692547272159,-0.150754091670764,-0.011818536921455298,-0.012167268806074542,-0.16065861638205797,-0.013343584095089196,-0.01373705799271368,-0.1705349469357913,-0.014959893119669661,-0.015400784247906321,-0.1803813413984998,-0.01666717787819442,-0.017158155144249097,-0.19019606311668769,-0.018465136207845498,-0.01900886173779528,-0.19997738102312926,-0.02035344995328308,-0.020952578622544696,-0.2097235699421853,-0.022331785022760096,-0.022988963987837105,-0.21943291089408046,-0.0243997914470475,-0.025117659678638923,-0.22910369139808764,-0.026557103441160003,-0.02733829125871272,-0.2387342057745663,-0.028803339468871293,-0.02965046807665829,-0.24832275544580118,-0.031138102310007326,-0.03205378333481365,-0.25786764923558825,-0.033560979130505944,-0.03454781416100387,-0.2673672036675156,-0.036071541555230326,-0.037132121683125,-0.27681974326188585,-0.038669345743523514,-0.039806251106549964,-0.28622360083122833,-0.041353932467490716,-0.04256973179434292,-0.2955771177743491,-0.04412482719299538,-0.04542207735026757,-0.3048786443688656,-0.046981540163355096,-0.04836278570457522,-0.3141265400621763,-0.0499235664857222,-0.05139133920255714,-0.3233191737608126,-0.05295038622013414,-0.05450720469584575,-0.33245492411812244,-0.056061464471217695,-0.05770983363644851,-0.34153217982023454,-0.05925625148253095,-0.060998662173497836,-0.3505493398702536,-0.06253418273352648,-0.06437311125270023,-0.3595048138706357,-0.06589467903911843,-0.06783258671846666,-0.36839702230369387,-0.06933714665183606,-0.07137647941870665,-0.37722439681018505
1770565174.8933117,15.346454885868553,11.297071639809397,0.7885602649465151,0.0,0.0,0.0,-3.9125110830935774e-05,-4.0321063899511356e-05,-0.01011576989897786,-0.0001718825412198564,-0.00017660306245414895,-0.020229906567185325,-0.0003982483625869953,-0.00040882264433108077,-0.03034063313842949,-0.000718182201091142,-0.0007369396037400537,-0.04044617334560837,-0.0011316272447225795,-0.0011608968874968065,-0.05054475183276813,-0.001638510253283901,-0.0016806206050462577,-0.06063459446700026,-0.0022387415712569595,-0.0022960200414437106,-0.07071392865012392,-0.002932215143553679,-0.0030069876732917848,-0.08078098363009857,-0.0037188085341479738,-0.003813399187630292,-0.09083399081211237,-0.004598382947585491,-0.004715113503775721,-0.10087118406929155,-0.005570783253367398,-0.005711972798106496,-0.11089080005297614,-0.006635838013203948,-0.006803802531789674,-0.12089107850250778,-0.007793359511133007,-0.007990411481444184,-0.13087026255447493,-0.009043143786498275,-0.009271591772735231,-0.14082659905136108,-0.010384970669781394,-0.01064711891689397,-0.1507583388495423,-0.011818603821281672,-0.012116751850156034,-0.1606637371265793,-0.01334379077263657,-0.013680232976111968,-0.1705410536877504,-0.014960262971175737,-0.015337288210962143,-0.18038855327177156,-0.01666773582710074,-0.017087627031668228,-0.19020450585564966,-0.01846590876348222,-0.01893094252699269,-0.1999871869586155,-0.02035446526906569,-0.020866911451417405,-0.20973487794508316,-0.022333072953876713,-0.022895194281931965,-0.21944586632658256,-0.024401383607615665,-0.025015435277681523,-0.22911844606261175,-0.026559033260831824,-0.027227262542463902,-0.23875091786035685,-0.0288056422488661,-0.0295302880900649,-0.2483415894732263,-0.03114081527855105,-0.03192410791242023,-0.25788877599814714,-0.03356414149765658,-0.0344083020505923,-0.26739080017157146,-0.03607519456706909,-0.03698243466854922,-0.2768459926641404,-0.03867353273569134,-0.039646054129733085,-0.2862526923739545,-0.04135869891804999,-0.042398693076404245,-0.2956092467183987,-0.04413022077459699,-0.04523986851174731,-0.3049140119244702,-0.04698761079469093,-0.048169081884724796,-0.3141653533175591,-0.04993036638224364,-0.05118581917766333,-0.3233616456086306,-0.05295796994401702,-0.05428955099655699,-0.332501273179758,-0.056069888980554546,-0.05747973266407208,-0.3415826303679568,-0.05926557617973161,-0.06075580431523682,-0.35060412174727024,-0.06254446951290817,-0.06411719099579932,-0.3595641624090561,-0.06590599233366666,-0.0675633027632363,-0.3684611782404254,-0.06934955347911821,-0.07109353479039512,-0.3772936062007853
1770565174.9375658,15.350350769142318,11.297157862829346,0.7845781586528017,0.0,0.0,0.0,-3.912963088310932e-05,-4.014035840299103e-05,-0.010115774202558738,-0.00017198770780227986,-0.00017610778834476623,-0.020229917385759077,-0.0003985507298175608,-0.00040787857956986804,-0.030340653441541264,-0.0007187787408026358,-0.0007354121981411994,-0.04044620686015887,-0.0011326153364613742,-0.0011586512935580415,-0.05054480304196963,-0.001639987674232784,-0.0016775217088271677,-0.06063466860906644,-0.0022408064860826335,-0.002291932493485286,-0.0707140317166939,-0.002934966094179483,-0.0030017759195705178,-0.08078112236439544,-0.0037223444294523914,-0.0038069275005401196,-0.09083417270683687,-0.004602803053027022,-0.0047072460131311125,-0.10087141736425116,-0.0055761871805363895,-0.005702573522159984,-0.1108910937324504,-0.006642325709301988,-0.006792735408257124,-0.12089144229235047,-0.007801031248380511,-0.007977540398531092,-0.13087070691895367,-0.009052100151470895,-0.00925678060015736,-0.14082713518973555,-0.010395312552675907,-0.01063023153688562,-0.15075897869238145,-0.011830432405112015,-0.012097652188459249,-0.16066449333181898,-0.013357207522360704,-0.013658785032939994,-0.1705419396364921,-0.014975369622754033,-0.015313356091930477,-0.18038958306382347,-0.01668463437648662,-0.017061074978686558,-0.1902056943048112,-0.018484701455545743,-0.018901634949111075,-0.19998854958770662,-0.020375254586450866,-0.02083471295562008,-0.20973643098071942,-0.02235596160579331,-0.022859969703872076,-0.2194476266936977,-0.024426474518566214,-0.02497704971235023,-0.22912043137872895,-0.026586429559274715,-0.027185581374787215,-0.23875314642961024,-0.028835447255815497,-0.029485177025421666,-0.24834408028013427,-0.031173132496114486,-0.03187543300707471,-0.2578915487011391,-0.03359907459751106,-0.03435592974203478,-0.26739387509626966,-0.036112847378876566,-0.03692623180573814,-0.27684939079639864,-0.03871400923545441,-0.03958588800323218,-0.2862564353526555,-0.04140210321640872,-0.0423344314484082,-0.29561335682801204,-0.044176657105067775,-0.0451713796459895,-0.30491851208737286,-0.047037183501848295,-0.048096234576260714,-0.3141702670861204,-0.04998317990984592,-0.051108482782523175,-0.32336699715706363,-0.05301412882307687,-0.054207595461261256,-0.33250708729574013,-0.05612949781735529,-0.05739302855500359,-0.341588932444021,-0.05932873964379031,-0.060664222847863054,-0.3506109377719693,-0.06261129232488656,-0.06402060406373869,-0.35957151895790246,-0.06597657925323083,-0.06746158296716218,-0.36846910246660936,-0.06942400929274814,-0.07098655546677136,-0.37730212582567285
1770565175.0142145,15.350077136763781,11.298186536878442,0.7838231169822424,0.0,0.0,0.0,-3.935248497546649e-05,-4.010363786215724e-05,-0.01011577352487758,-0.00017283417695189735,-0.00017616521947351203,-0.020229907272204466,-0.0004004222501590852,-0.00040815998677059574,-0.030340615211127485,-0.0007220772607988324,-0.0007360462410707803,-0.040446111915749046,-0.0011377431540102404,-0.0011597653504357517,-0.050544612880411344,-0.001647347273768307,-0.0016792417600251888,-0.0606343348348181,-0.002250800375714088,-0.0022943830054388175,-0.07071349605893816,-0.0029479966429141473,-0.003005079729044484,-0.08078031669763523,-0.003738813704546529,-0.003811205699289368,-0.09083301907496846,-0.004623112657509937,-0.004712617832990921,-0.1008698280081081,-0.005600738090952306,-0.005709156220603587,-0.11088897112081088,-0.006671518113714452,-0.006800644154456868,-0.12088867915639988,-0.007835264384683934,-0.007986888159959722,-0.13086718629019345,-0.009091772146053766,-0.009267678029765783,-0.14082273044132812,-0.010440820259480128,-0.0106427868608934,-0.1507535535839203,-0.011882171245132689,-0.01211197109479391,-0.1606579020575122,-0.013415571323630594,-0.013674970560361066,-0.1705340268767464,-0.015040750460856792,-0.015331508519874061,-0.18038018404021527,-0.016757422415642747,-0.017081291717866005,-0.19019463483843024,-0.01856528479031508,-0.018924010432909217,-0.19997564616085628,-0.02046401908409528,-0.020859338532308213,-0.20972149080195798,-0.02245329074934304,-0.02288693352969075,-0.21943044776620282,-0.02453274925063322,-0.02500643664548667,-0.22910080257196772,-0.026702028126656098,-0.027217472870283962,-0.2387308475542953,-0.02896074505492995,-0.02951965103105083,-0.24831888216644674,-0.03130850191931444,-0.03191256386021199,-0.2578632132801971,-0.033744884880313075,-0.03439578806756715,-0.2673621554848211,-0.036269464448152135,-0.03696888441503881,-0.27681403138471583,-0.03888179555862327,-0.039631397794236314,-0.28621717189560814,-0.04158141765167643,-0.04238285730682243,-0.29556991653929443,-0.04436785475274899,-0.045222776347668116,-0.30487061373686064,-0.04724061555681708,-0.04815065269078104,-0.31411762110033065,-0.05019919351515395,-0.05116596857799249,-0.32330930572269184,-0.05324306692478027,-0.054268190810387126,-0.3324440444662465,-0.05637169902059044,-0.05745677084245928,-0.3415202242492376,-0.05958453807013868,-0.060731144878979376,-0.3505362423306995,-0.06288101747106824,-0.06409073397455327,-0.35949050659348225,-0.06626055585116633,-0.06753494413585676,-0.3683814358253996,-0.06972255717102732,-0.07106316642652759,-0.3772074599984519
1770565175.037847,15.349939364744646,11.299678036440685,0.7824693894391345,0.0,0.0,0.0,-3.945398813640306e-05,-4.0186447216452054e-05,-0.01011577061642336,-0.00017318414246807412,-0.0001764697946611395,-0.020229895911146073,-0.000401167706612823,-0.0004088249917058731,-0.030340584478089856,-0.0007233652300883458,-0.0007372099715415262,-0.040446045519887334,-0.0011397205752996674,-0.0011615656586288796,-0.05054448916506683,-0.0016501609274821938,-0.0016818159791620404,-0.060634126785073225,-0.0022545968075986162,-0.002297867874542585,-0.0707131713110686,-0.002952922088187373,-0.003009611317862031,-0.08077983755045667,-0.0037450140121598786,-0.0038169193333897336,-0.0908323425030749,-0.004630733214543175,-0.004719648019062739,-0.10086890567699827,-0.0056099237471641545,-0.005717636571973616,-0.11088774940389881,-0.0066824131062710075,-0.006810707316851766,-0.120887099153905,-0.00784801226308696,-0.007998665737533144,-0.13086518384990534,-0.009106515697290925,-0.009281300511412825,-0.14082023618124023,-0.01045770143341912,-0.010658383546874319,-0.15075049291672693,-0.011901331080181224,-0.012129670023689025,-0.1606541952169619,-0.013437149872684061,-0.013694898436378593,-0.1705295889458451,-0.015064886717555395,-0.015353790640532614,-0.1803749249812715,-0.016784254240959817,-0.01710605190207338,-0.19018845952493443,-0.01859494883949818,-0.01895137094945895,-0.19996845441118588,-0.02049665073398164,-0.020889420028815397,-0.20971317741489917,-0.022489024026070746,-0.022919854961988326,-0.2194209025582797,-0.024571716757769486,-0.02504231520750348,-0.22908991041656873,-0.026744360973763884,-0.027256423924425593,-0.23871848842258683,-0.02900657278659399,-0.029561788039104236,-0.24830493117006275,-0.03135795244464775,-0.031957998314794706,-0.25784754071569355,-0.03379808440296476,-0.0344446294241418,-0.2673446268798834,-0.036326537396837284,-0.0370212400245135,-0.27679450754610696,-0.0389428645181956,-0.039687372836171235,-0.2861955089588446,-0.041646603294764044,-0.04244255472326307,-0.29554596602003724,-0.04443727577197377,-0.04528629677762508,-0.3048442225840068,-0.04731438859761774,-0.04821809440537651,-0.3140886317507921,-0.05027743310923295,-0.051237427416293085,-0.3232775561578464,-0.053325885424194384,-0.054343760115942726,-0.33240936827004613,-0.05645920653250472,-0.05753654140056742,-0.34148245066795857,-0.059676842392263424,-0.06081520485469432,-0.35049519633431825,-0.06297822402779835,-0.06417916885145891,-0.3594460089386609,-0.06636276763044219,-0.06762783665562232,-0.36833330312006407,-0.06982987466193638,-0.07116059652926464,-0.37715550476794535
1770565175.08023,15.348289324814019,11.30163526748719,0.7821621983232552,0.0,0.0,0.0,-3.970284606332834e-05,-4.049406742652781e-05,-0.010115761220926651,-0.00017398468183146265,-0.0001774650810136288,-0.020229862720865507,-0.0004028225669626391,-0.00041088761114237116,-0.030340500205029805,-0.000726176692874977,-0.0007407190218135688,-0.04044586999659272,-0.0011439903898480938,-0.0011668994782537913,-0.05054416935845263,-0.0016561901371326482,-0.0016893519575895337,-0.060633596814830756,-0.002262685576066009,-0.002307982262587643,-0.07071235247264385,-0.002963369526191702,-0.003022679038459545,-0.08077863834259436,-0.0037581180043797747,-0.003833313792726282,-0.0908306586599212,-0.004646790246944651,-0.004739740918140813,-0.10086662020475351,-0.005629228734756538,-0.005741797718663478,-0.1108847326220105,-0.006705259221341913,-0.006839304438486023,-0.12088320874079019,-0.007874690763968063,-0.00803206429409896,-0.13086026489319016,-0.00913731575770613,-0.009319863509396589,-0.14081412123250334,-0.010492909972466616,-0.010702471353813383,-0.15074300205073204,-0.0119412325930007,-0.012179640183484976,-0.16064513609536407,-0.013482026261860252,-0.01375110548542634,-0.1705187568853533,-0.015115017125308874,-0.015416585924719346,-0.18036210302624972,-0.016839914882175813,-0.017175783394701268,-0.19017341852442174,-0.01865641283564394,-0.01902838307014522,-0.19995095310031497,-0.020564187947962664,-0.020974053463423122,-0.20969296250069183,-0.022562900898075975,-0.023012446483641164,-0.2193977088097961,-0.024652196142155275,-0.025143197498737117,-0.22906346075938655,-0.02683170197702632,-0.02736592540052856,-0.23868849403758524,-0.02910103060647888,-0.02968023267270034,-0.24827109159648442,-0.03145977821044726,-0.0320857054617191,-0.25780954395845773,-0.03390752501704942,-0.03458191365066233,-0.26730214952112097,-0.03644383537747182,-0.037168410935948665,-0.27674721486088777,-0.039068257843686546,-0.039844734906955795,-0.28614305503506643,-0.04178032524898705,-0.04261040712851186,-0.2954879938824439,-0.04457955479132784,-0.04546493322624534,-0.3047803643223027,-0.04746544811945354,-0.04840780297477861,-0.31401850865181846,-0.05043749142180183,-0.051438490388749085,-0.3232007788417843,-0.053495155518164375,-0.05455645381664191,-0.33232553683060934,-0.05663789595408944,-0.05776113603741741,-0.34139115481653953,-0.05986515309800933,-0.061051964359915965,-0.3503960155480475,-0.06317635224107543,-0.06442835072502284,-0.35933851261234095,-0.06657090369968276,-0.06788969181057433,-0.36821705072193694,-0.07004820292066609,-0.07143536913898695,-0.37703004599925194
1770565175.1302211,15.346125708826012,11.303314183477429,0.7826468983210224,0.0,0.0,0.0,-3.9815525042117867e-05,-4.066320666747216e-05,-0.010115756051353928,-0.0001743531797842421,-0.00017804087349231512,-0.02022984458762559,-0.000403589872333276,-0.0004121074109325261,-0.03034045409921895,-0.0007274855494734504,-0.0007428199117291399,-0.04044577369965793,-0.0011459832038401604,-0.001170118158591247,-0.05054399344993005,-0.0016590088841304212,-0.0016939246349813712,-0.06063330468266031,-0.0022664717083481145,-0.002314144538999277,-0.07071190032605747,-0.0029682638800816443,-0.003030665800361711,-0.08077797522757431,-0.003764260707811107,-0.0038433591004750534,-0.09082972647722437,-0.004654320627241493,-0.004752077895597266,-0.10086535373049693,-0.005638285226657933,-0.005756658443084994,-0.1108830595308124,-0.0067159792752984546,-0.006856919830721133,-0.12088104963146065,-0.007887210754739152,-0.008052664009117593,-0.13085753331696431,-0.009151770893286152,-0.009343675827187451,-0.14081072372380962,-0.010509434203368221,-0.010729723070680165,-0.15073883816048728,-0.011959958521923334,-0.012210556503772929,-0.16064009842678634,-0.013503085053771905,-0.013785909913710703,-0.1705127311322833,-0.015138538417969,-0.015455500158486964,-0.1803549680139699,-0.01686602669712718,-0.017219027217556616,-0.19016504625296282,-0.018685241489701125,-0.01907617424557195,-0.19994120879023763,-0.020595857965224704,-0.02102660762913207,-0.20968170464133185,-0.022597534922490642,-0.02306997704653563,-0.21938478920995957,-0.024689914850662218,-0.025205915530526115,-0.22904872460048192,-0.02687262399330621,-0.027434039534018476,-0.23867177992917754,-0.029145272415335557,-0.029753948998795382,-0.24825223163425722,-0.03150745407284968,-0.03216522742716068,-0.2577883637845668,-0.033958746885860085,-0.034667441956537336,-0.26727846838692376,-0.03649871281388809,-0.03726014343699642,-0.2767208456920317,-0.03912689793442125,-0.03994286651170331,-0.2861138044989186,-0.04184283252421438,-0.042715129700266696,-0.2954556624578439,-0.04464603114342051,-0.04557643548497533,-0.30474474637161997,-0.047535992722536946,-0.04852627039990731,-0.31397939249529483,-0.05051220065215062,-0.051564105122895755,-0.3231579468341414,-0.05357412287546681,-0.054689394570334435,-0.33227876543990076,-0.05672121198360457,-0.057901577994806434,-0.3413402147052257,-0.05995290531364184,-0.061200079085518284,-0.3503406716562724,-0.06326862504939276,-0.06458430607152171,-0.35927852424338774,-0.06666777832489885,-0.06805365182770426,-0.36815217162983915,-0.07014975733061593,-0.07160749398353006,-0.37696002447853716
1770565175.1996558,15.343717606175101,11.305048960808104,0.7833202236412591,0.0,0.0,0.0,-3.997374156767061e-05,-4.100934599199966e-05,-0.010115746151556084,-0.0001748535831686512,-0.0001791434899117958,-0.020229811947428285,-0.0004046159032574881,-0.0004143768646483813,-0.030340374565945682,-0.0007292199799563619,-0.0007466664032409784,-0.04044561181680258,-0.0011486079983942465,-0.001175951546640843,-0.0505437024694654,-0.001662705061126678,-0.0017021542546256081,-0.06063282658140657,-0.0022714192016342572,-0.0023251790198641972,-0.07071116582610637,-0.002974641400897445,-0.0030449128851297675,-0.08077690382076338,-0.003772245607044678,-0.003861225463657595,-0.09082822645365482,-0.004664088758070248,-0.004773968962644218,-0.10086332221108735,-0.005650010807617858,-0.005782978209883601,-0.11088038250387978,-0.00672983475382521,-0.006888070683535549,-0.12087760199331879,-0.007903366671224429,-0.008089046545020961,-0.1308531789165286,-0.009170395745692545,-0.009385688675038034,-0.14080531541119626,-0.01053069431244579,-0.01077776271269289,-0.15073221783959415,-0.011984017897070817,-0.012265017097737639,-0.1606320971118409,-0.013530105259585434,-0.01384718311590815,-0.17050316900834256,-0.015168678441520977,-0.015523974947353497,-0.18034365450135628,-0.016899442816017785,-0.017295089718148256,-0.1901517800756183,-0.018722087140924732,-0.019160207554878378,-0.19992577804797804,-0.020636283614893298,-0.021118991642290853,-0.20966388688598148,-0.022641687936456073,-0.02317108828399674,-0.21936435152534606,-0.024737939366078945,-0.02531612696621658,-0.2290254236862694,-0.026924660791175933,-0.027553720424556803,-0.23864536218851576,-0.029201458794074854,-0.029883464713805024,-0.24822243326522275,-0.031567923722921575,-0.03230493928073162,-0.2577549108753719,-0.03402362976551011,-0.034817707039884585,-0.267241077014867,-0.03656813502602529,-0.03742131445236385,-0.2766792220261638,-0.03920098160468398,-0.04011529160756102,-0.2860676449063956,-0.04192169568026087,-0.042899152307849714,-0.2954046536139389,-0.04472978759548347,-0.04577239415621118,-0.30468856537336414,-0.04762475194528135,-0.04873449864677955,-0.3139177069787162,-0.05060606766787352,-0.05178493125829034,-0.3230904150950704,-0.0536731981386775,-0.05492314155041529,-0.3322050365583097,-0.056825591267023315,-0.05814856326296629,-0.34125992867306815,-0.06006267959565479,-0.0614606144179504,-0.3502534595087885,-0.06338388040300043,-0.06485869742445778,-0.359184008193839,-0.06678859580819516,-0.06834219918636325,-0.3680499652076374,-0.07027621287883433,-0.07191049121282252,-0.3768497326707291
1770565175.2410765,15.34112943686217,11.306958320248643,0.7839990335136503,0.0,0.0,0.0,-4.001603665054797e-05,-4.115950732805176e-05,-0.01011574205869979,-0.0001749855948597987,-0.00017961289651465825,-0.020229798976381108,-0.00040488472001984143,-0.00041533474239409943,-0.03034034379139707,-0.0007296723098343174,-0.0007482820496247368,-0.040445550176512655,-0.00114929012174297,-0.0011783942604555158,-0.050543592768804955,-0.0016636627834423425,-0.0017055932656648695,-0.06063264749938928,-0.0022726978065007244,-0.002329783418670051,-0.07071089192291152,-0.002976285603064879,-0.0030508515528043364,-0.08077650554674715,-0.0037742995056555483,-0.003868667001758993,-0.0908276701598476,-0.004666595790048149,-0.0047830816231863044,-0.10086257016117454,-0.005653013701234523,-0.005793929825459397,-0.11087939288766244,-0.006733375482461068,-0.006901028597584034,-0.12087632894165078,-0.007907486407337993,-0.008104177542256976,-0.13085157251772614,-0.009175134815013888,-0.009403158912064925,-0.14080332172891555,-0.010536092148409275,-0.010797737648817522,-0.1507297789321719,-0.011990112995502239,-0.012287661426007316,-0.16062915105309297,-0.01353693513365863,-0.013872660694388965,-0.1704996499098149,-0.015176279576998892,-0.015552448730669521,-0.18033949253602205,-0.01690785062679295,-0.017326721689300967,-0.19014690150301494,-0.018731335924873988,-0.0191951586573656,-0.1999201052407774,-0.02064640651006156,-0.02115742171254445,-0.20965733835798597,-0.02265271687758382,-0.0232131559841582,-0.21935684196090283,-0.02474990504148804,-0.025361989717269523,-0.22901686397109516,-0.0269375926000283,-0.02760353433983542,-0.23863565944192353,-0.029215384804018446,-0.02993738453289727,-0.24821149087374184,-0.03158287062813793,-0.03236311830379597,-0.2577426285277521,-0.03403962284517777,-0.034880297062398986,-0.2672273507384575,-0.0365851981032131,-0.03748846570032547,-0.27666394422465684,-0.03921913700568846,-0.04018715267315515,-0.2860507043989248,-0.04194096419440135,-0.042975870085606264,-0.2953859356755217,-0.044750188435368925,-0.04585411377966686,-0.30466795177667677,-0.047646302707562496,-0.048821363425663906,-0.3138950760371909,-0.05062878429449379,-0.05187708261625349,-0.3230656417073024,-0.05369709487863626,-0.05502071896331526,-0.33217799225376177,-0.0568506806386646,-0.058251704197733525,-0.34123048165906134,-0.060088972349494715,-0.061569454272047096,-0.35022147471876486,-0.06341138548510629,-0.06497336946594924,-0.35914934733688436,-0.06681732032412908,-0.06846283449461862,-0.36801248681925,-0.0703061620581742,-0.07203721861986194,-0.3768092921648207
1770565175.2837296,15.338080237063775,11.309446370883931,0.7845601826767585,0.0,0.0,0.0,-4.003325627467784e-05,-4.129795673236616e-05,-0.010115738381148428,-0.0001750357451800284,-0.00018003848367731878,-0.020229787879040083,-0.00040498312418610696,-0.00041619639223070904,-0.030340318374404235,-0.0007298338706538554,-0.0007497288662863309,-0.040445500384727426,-0.0011495292893485502,-0.0011805754699834197,-0.050543505395295035,-0.0016639935230606,-0.0017086581586424128,-0.0606325061900578,-0.002273133566331775,-0.002333881292886998,-0.07071067718226332,-0.002976839282284375,-0.0030561316559498844,-0.08077619474479268,-0.0037749834225503072,-0.00387527847415918,-0.09082723754014263,-0.00466742165029645,-0.004791173440601653,-0.10086198684999328,-0.005653992566342142,-0.005803650741958603,-0.11087862690430197,-0.006734517738364084,-0.006912527088509487,-0.12087534520986366,-0.007908801733183349,-0.008117601747297873,-0.13085033287827838,-0.009176632152128663,-0.009418656578453704,-0.14080178495326623,-0.010537779669469569,-0.010815456074665322,-0.1507279007372712,-0.011991998073912526,-0.012307747403794107,-0.16062688411729406,-0.013539024313152377,-0.013895260454623986,-0.17049694388989586,-0.015178578541471213,-0.015577707885737585,-0.18033629408531301,-0.016910364170375967,-0.017354785177510167,-0.19014315429062537,-0.01873406792226555,-0.01922617068721188,-0.1999157499719187,-0.02064935988711789,-0.021191525707208454,-0.20965231279538343,-0.022655893582186577,-0.023250494526249776,-0.21935108094729178,-0.024753306014696278,-0.02540270449383515,-0.22901029945279439,-0.026941217747525635,-0.027647766087643785,-0.23862822049348023,-0.029219232967865768,-0.029985272984018162,-0.24820310372364113,-0.031586939558841856,-0.032414802131487556,-0.2577332165851842,-0.03404390917408499,-0.03493591382731848,-0.26721683462113527,-0.03658969731524066,-0.037548151797078065,-0.27665224178767606,-0.03922384341239994,-0.04025104327719616,-0.2860377307646595,-0.04194587090743886,-0.04304409910051106,-0.29537160326454637,-0.04475528734025066,-0.045926813784783374,-0.304652170339707,-0.0476515844378556,-0.04889866562416219,-0.31387775268803364,-0.0506342382063721,-0.0519591167835868,-0.32304668095680716,-0.05370270902583243,-0.05510761339610702,-0.33215729604476346,-0.05685644174782604,-0.05834358566310441,-0.3412079494023048,-0.060094865795952634,-0.0616664479573963,-0.350197003329802,-0.06341739526906703,-0.06507559892920409,-0.35912283127393346,-0.06682342904729682,-0.06857042161496626,-0.3679838181220066,-0.07031235090081404,-0.07215028354897698,-0.37677836049421
1770565175.3360815,15.33661178128282,11.311579795172058,0.7838952141695863,0.0,0.0,0.0,-3.999534575178139e-05,-4.141990008235648e-05,-0.01011573513258627,-0.00017490120279818302,-0.00018039518675789517,-0.020229779796465265,-0.00040469269546418863,-0.00041690113612297337,-0.03034030279945954,-0.0007293277686120992,-0.0007508953659174523,-0.04044547358700389,-0.0011487471952558001,-0.0011823178431981918,-0.050543462573575317,-0.0016628745872840692,-0.00171109089520828,-0.06063244147394753,-0.0022716164092909815,-0.002337119223440029,-0.07071058363421011,-0.0029748619955109034,-0.003060289920889186,-0.08077606436249216,-0.003772483569855022,-0.0038804724924972507,-0.0908270612593309,-0.004664336269045769,-0.004797518878778177,-0.10086175454762514,-0.00565025816884495,-0.005811263482625193,-0.1108783274021138,-0.0067300703133708496,-0.0069215231992928936,-0.12087496627832031,-0.007903576747498978,-0.00812809744954916,-0.13084986124090275,-0.009170564552340612,-0.009430768215990912,-0.1408012062913506,-0.010530803883792692,-0.010829300082517113,-0.15072719969496873,-0.011984048014152128,-0.012323440276951918,-0.16062604430708957,-0.01353003337678692,-0.01391291871681016,-0.17049594789845385,-0.015168479613856057,-0.015597448058196987,-0.18033512347970168,-0.016899089627069565,-0.017376723747832758,-0.19014178962491501,-0.01872154963147944,-0.019250424078193724,-0.19991417079415244,-0.020635529212291785,-0.021218210245758616,-0.20965049765491858,-0.02264068138468991,-0.023279726412350522,-0.2193490074025097,-0.02473664265665742,-0.025434599769562936,-0.22900794407917702,-0.02692303309479005,-0.027682440606258372,-0.23862555889205073,-0.029199456393084328,-0.030022842379127303,-0.24820011052976676,-0.03156549994469047,-0.03245538178629459,-0.2577298654777387,-0.03402073491661668,-0.03497961884396016,-0.26721309833201823,-0.036564716327371294,-0.037595096966060046,-0.2766480921116874,-0.039196983127528576,-0.04030134304693323,-0.28603313856972523,-0.041917058283203835,-0.043097867546979626,-0.2953665385022938,-0.04472444886242242,-0.04598416458129327,-0.304646602056386,-0.04761864612436728,-0.04895971201125507,-0.3138716490357814,-0.050599125611488736,-0.052023971539068285,-0.323040009205253,-0.05366534724445981,-0.05517638880521974,-0.3321500225929706,-0.05681675541995997,-0.05841639348884903,-0.34120003979104613,-0.06005277911126958,-0.06174339941100763,-0.35018842225416613,-0.0633728319716568,-0.06515680464078923,-0.3591135425962578,-0.06677631244053824,-0.06865599160431189,-0.367973784885134,-0.07026260385239412,-0.0722403271965326,-0.3767675449350655
1770565175.38471,15.335760475764445,11.313053457736034,0.7832728571239868,0.0,0.0,0.0,-3.988897895835059e-05,-4.1401288434062535e-05,-0.010115736223361708,-0.00017452065433158788,-0.0001802744862628996,-0.02022978653759818,-0.0004038698270689746,-0.0004165953770992304,-0.03034032450587655,-0.0007278941936367154,-0.0007503221470425323,-0.04044552432563813,-0.0011465343536573057,-0.00118139539222997,-0.05054356115830948,-0.001659713820636302,-0.0017097381295637943,-0.06063261145883939,-0.002267339035774574,-0.002335255810613274,-0.0707108533050024,-0.002969299384863543,-0.003057836338688646,-0.08077646672640901,-0.0037654672182603627,-0.003877350089084008,-0.09082763403316367,-0.004655697873939427,-0.004793649932485491,-0.10086254014411086,-0.005639829703616041,-0.005806571261540487,-0.11087937291460997,-0.006717684101937553,-0.006915932020583136,-0.12087632346378006,-0.007889065538736655,-0.008121532738510706,-0.13085158650115514,-0.00915376159434104,-0.009423156564804913,-0.14080336065269106,-0.010511542997933034,-0.010820569308691701,-0.1507298487860652,-0.011962163668952298,-0.012313519481432405,-0.16062925833521033,-0.013505360761534068,-0.013901738341738622,-0.1704998016240234,-0.01514085471197497,-0.015584939944302654,-0.1803396961891918,-0.016868349289217825,-0.01736282119143472,-0.19014716510207808,-0.018687531648346262,-0.019235061887797583,-0.19992043728960507,-0.02059807238707959,-0.021201324798228786,-0.20965774785408373,-0.022599625605257644,-0.023261255708639995,-0.21935733839192587,-0.024691828967304874,-0.025414483489982452,-0.22901745731118384,-0.026874303767662425,-0.02766062016526702,-0.23863636014786052,-0.0291466549991764,-0.029999260979626706,-0.24821230988093199,-0.03150847142442987,-0.03242998447340898,-0.25774357724602587,-0.03395932565000588,-0.03495235255828473,-0.26722844104769927,-0.03649877420366795,-0.037565910596360094,-0.27666518847025956,-0.0391263576144441,-0.040270187482276856,-0.28605211538707154,-0.041841600495600144,-0.0430646957282867,-0.2953875266682962,-0.04464401163048692,-0.0459489315522837,-0.30466973648700396,-0.047533084061246296,-0.048922374968779464,-0.3138970686236086,-0.050508295180359764,-0.05198448988280426,-0.323067856768566,-0.053569106825023076,-0.05513472418671734,-0.3321804448232832,-0.05671496537432994,-0.05837250985990881,-0.3412331871991838,-0.0599453018492472,-0.06169726307137517,-0.35022444911487505,-0.06325953201536351,-0.06510838428515006,-0.3591526068913638,-0.06665705648839276,-0.06860525836857086,-0.368016048245267,-0.07013726084241345,-0.07218725470336196,-0.3768131725799648
1770565175.4336052,15.337385614260015,11.313983885807534,0.7807172905569165,0.0,0.0,0.0,-3.980103413208162e-05,-4.132222985966413e-05,-0.010115738323710754,-0.00017422816661484167,-0.00018000061044914068,-0.02022979546255532,-0.0004032561751601238,-0.00041601113654156103,-0.03034034939183204,-0.0007268427953344411,-0.0007493122687323823,-0.04044557871793499,-0.0011449287281728227,-0.0011798449409226224,-0.05054366300647409,-0.001657437650861396,-0.00170753257095949,-0.060632783110222466,-0.002264276230486778,-0.0023322810744324986,-0.070711121496832,-0.002965334140849799,-0.0030539788816225668,-0.08077686257625777,-0.0037604840823405325,-0.003872496957601069,-0.09082819302783282,-0.004649581804871049,-0.004787688825475201,-0.10086330212693398,-0.005632466133861754,-0.005799390592775473,-0.11088038207117994,-0.006708958999276652,-0.006907420980980596,-0.12087762830610309,-0.007878865467702278,-0.008111581358174415,-0.1308532398502361,-0.009141973777464535,-0.00941165577482902,-0.1408054196195549,-0.0104980553767771,-0.010807411002707594,-0.1507323747512194,-0.011946864964914558,-0.01229859657687999,-0.1606323169265541,-0.01348814053640278,-0.013884944840843436,-0.17050346269320973,-0.01512160342821866,-0.015566170994740286,-0.18034403378644834,-0.016846958369990665,-0.01734197314666412,-0.19015225744949407,-0.018663893537191157,-0.019212032367044895,-0.19992636675289127,-0.0205720806073109,-0.021176012746103447,-0.2096646009128132,-0.02257117481900569,-0.023233561454364927,-0.21936520560826345,-0.024660815034204336,-0.025384308806220245,-0.22902643329711303,-0.026840623803166937,-0.02762786832652416,-0.2386465435309164,-0.02911020743248164,-0.029963836820217957,-0.24822380326844967,-0.03146915605598766,-0.03239179444496416,-0.25775648718791394,-0.033917043708611774,-0.03491130478678023,-0.26724287799774865,-0.03645342840310506,-0.03752191493865763,-0.27668126674599786,-0.039077852209665906,-0.040223155582152,-0.2860699531281741,-0.041789841338435156,-0.04301454107192997,-0.29540724579356503,-0.044588906224848235,-0.045895569523257025,-0.3046914626499262,-0.04747454161782924,-0.04886572290241101,-0.31392093116650654,-0.050446226670810806,-0.05192446712000479,-0.32309398867535133,-0.053503425035563504,-0.055071252127201334,-0.33220898267082805,-0.05664558495881784,-0.05830551201480378,-0.3412642711073218,-0.059872139381661395,-0.06162666511520282,-0.3502582226950464,-0.06318250604169333,-0.06503411410716287,-0.3591892171939177,-0.06657608757791765,-0.06852724612342817,-0.3680556457054363,-0.07005227163835653,-0.07210543286112955,-0.37685591096252724
1770565175.47897,15.34301958034209,11.312843749143141,0.7762234611392342,0.0,0.0,0.0,-3.953241803404367e-05,-4.095571979914885e-05,-0.01011574901565631,-0.000173304643137272,-0.0001787132095296232,-0.020229835571556026,-0.000401291733206477,-0.00041324894671280294,-0.030340455495736884,-0.000723451939881953,-0.000744522145351719,-0.04044580523462207,-0.0011397267159946618,-0.00117247476320655,-0.05054408217474211,-0.0016500407260100058,-0.0016970315121483252,-0.06063348496428903,-0.0022543018594663494,-0.0023180998715889895,-0.07071221383444556,-0.0029524012474058843,-0.0030355701049854275,-0.08077847092043178,-0.0037442132817949187,-0.0038493152794145157,-0.09083046058221232,-0.004629595637930117,-0.004759191288215697,-0.10086638972480658,-0.00560838929982669,-0.005765036876697043,-0.11088446811814492,-0.0066804185885840275,-0.0068666736709002306,-0.120882908716414,-0.007845491193723686,-0.008063906209419278,-0.13085992797683388,-0.009103398207494156,-0.009356521978267387,-0.14081374617781034,-0.010453914162136289,-0.01074429144878565,-0.15074258773640556,-0.01189679707010275,-0.012226968118586905,-0.16064468152507067,-0.013431788467224273,-0.01380428855552735,-0.17051826118758318,-0.015058613458815076,-0.01547597244469816,-0.18036156545413368,-0.016776980768709208,-0.017241722638428703,-0.19017283845550512,-0.018586582791219004,-0.019101225209292375,-0.1999503300362884,-0.020487095646006488,-0.02105414950610567,-0.20969229606707915,-0.022478179235857872,-0.0231001482129105,-0.21939699875559948,-0.024559477307350832,-0.025238857410929152,-0.22906270695668898,-0.026730617514403785,-0.02746989664348094,-0.23868769648111043,-0.028991211484695842,-0.029792868983848926,-0.24827025040311446,-0.031340854888945474,-0.03220736110608456,-0.25780865936670844,-0.0337791275130357,-0.034712943358737695,-0.2673012218905754,-0.03630559333297281,-0.03730916984149876,-0.2767462446715879,-0.03891980059266526,-0.039995578484739454,-0.2861420428868632,-0.04162128188450899,-0.04277169113193776,-0.29548694049430574,-0.04440955423276455,-0.04563701362497253,-0.3047792705315833,-0.04728411917971143,-0.048591035892272524,-0.31401737541348335,-0.05024446287456407,-0.05163323203980413,-0.3231996072275967,-0.053290056165133645,-0.05476306044488148,-0.33232432802827605,-0.056420354692219454,-0.057979963852782306,-0.34138991012881603,-0.05963479898671289,-0.061283369476152275,-0.35039473639180374,-0.06293281456939682,-0.06467268909718013,-0.3593372005175874,-0.06631381205342245,-0.06814731917252516,-0.3682157073308114,-0.06977718724944539,-0.0717066409409787,-0.37702867306496735
1770565175.5358615,15.345401200391164,11.311945481742798,0.7747401084905028,0.0,0.0,0.0,-3.93583082373558e-05,-4.0632616540002164e-05,-0.010115758195796935,-0.00017272293859023477,-0.00017762773744615655,-0.020229867688509977,-0.00040006940101460105,-0.00041096194469882746,-0.03034053703928339,-0.0007213565591387603,-0.0007405947564271828,-0.04044597541858911,-0.00113652663754955,-0.001166468634079457,-0.05054439292342351,-0.0016455052320256834,-0.0016885089926143419,-0.06063400089434009,-0.0022482013227164374,-0.0023066242137117013,-0.0707130122322619,-0.002944507290263342,-0.0030207056620002635,-0.08077964171501754,-0.0037342989348620285,-0.0038306277042994296,-0.09083210631354482,-0.004617435498260851,-0.004736247731871776,-0.10086862550770588,-0.005593759688692378,-0.005737406185682311,-0.11088742160165788,-0.006663097708733363,-0.006833926584660033,-0.12088672003872361,-0.007825259286088238,-0.008025615556956748,-0.13086474971570594,-0.009080037707290663,-0.00931226287419764,-0.14081974329659064,-0.010427209854317216,-0.010693641488717511,-0.15074993752558183,-0.011866536244106688,-0.012169507573776123,-0.16065357353941503,-0.013397761070977987,-0.013739600566745452,-0.1705288971788918,-0.015020612251939167,-0.01540364321526129,-0.18037415929958142,-0.016734801474879553,-0.01716134162633098,-0.19018761608163445,-0.01854002424963637,-0.019012385318388548,-0.19996752933865278,-0.02043595996192691,-0.020956447276288086,-0.20971216682556224,-0.022422271930136666,-0.02299318400922562,-0.21941980254543283,-0.02449860746495329,-0.025122235611579134,-0.22908871705519201,-0.026664597931835936,-0.02734322582665609,-0.23871719777017736,-0.028919858816308878,-0.02965576211333709,-0.24830353926747456,-0.03126398979206775,-0.03205943571560384,-0.2578460435879865,-0.03369657479188652,-0.03455382173493919,-0.26734302053718073,-0.03621718208131246,-0.03713847920558636,-0.2767927879844614,-0.03882536433513617,-0.039812951172654015,-0.286193672161113,-0.04152065871662315,-0.042576764773053465,-0.29554400795676333,-0.04430258695949265,-0.04542943131925344,-0.30484213921431197,-0.0471706554526296,-0.04837044638583786,-0.3140864190232739,-0.05012435532751441,-0.05139928989885106,-0.32327521001148474,-0.05316316254835518,-0.05451542622791476,-0.33240688463511703,-0.05628653800490642,-0.057718304281100474,-0.34147982546695504,-0.059493927607957735,-0.061007357602540384,-0.35049242548287823,-0.06278476238747577,-0.06438200447275971,-0.359443088346502,-0.06615845859338165,-0.06784164801171243,-0.36833022869192505,-0.06961441779894659,-0.07138567628450238,-0.377152272404534
1770565175.5884473,15.347224168126962,11.309387997165421,0.7754746253320793,0.0,0.0,0.0,-3.916776873695367e-05,-4.015619227083529e-05,-0.010115771437266,-0.0001721145937404595,-0.00017609957196586213,-0.020229911222298537,-0.0003988169226682321,-0.0004078064634463019,-0.030340643063909788,-0.0007192347374099645,-0.000735236372649881,-0.04044619126943046,-0.0011333115611154908,-0.0011583319942025819,-0.050544781056565014,-0.0016409744681135066,-0.0016770192214828734,-0.060634638865086965,-0.00224213409671911,-0.0022912071596366546,-0.07071399266831968,-0.002936684664927901,-0.0030007881415406185,-0.08078107228434765,-0.003724503988993906,-0.0038056377467112464,-0.09083410968690399,-0.004605453504888038,-0.004705614823156097,-0.10087133931587922,-0.0055793782926333415,-0.00570056151216356,-0.1108909983873969,-0.006646107103512746,-0.006790303276026722,-0.12089132720340184,-0.007805452390144545,-0.007974648928696475,-0.13087056946070627,-0.009057210339420314,-0.009253390669358477,-0.14082697255943974,-0.010401160908299501,-0.010626304118928072,-0.15075878791084865,-0.011837067862454392,-0.012093148359456782,-0.16066427124439153,-0.013364678817758645,-0.01365366597644339,-0.17054168291407557,-0.01498372528461214,-0.015307583104042257,-0.18038928820398123,-0.016693922715094362,-0.017054609473160898,-0.19020535763292107,-0.018494970552937973,-0.018894438462438337,-0.19998816725817883,-0.020386552286313888,-0.020826747152095357,-0.20973599897827633,-0.022368335503418532,-0.022851196380647153,-0.21944714083471423,-0.024439971950853484,-0.02496743080446839,-0.2291198873126338,-0.026601097594787335,-0.02717507896020028,-0.23875253964034737,-0.028851332684888993,-0.029473753329988677,-0.24834340608768435,-0.031190281821021116,-0.0318630504095417,-0.25789080226310046,-0.03361753402268211,-0.034342550778995014,-0.26739305140949826,-0.03613266280118439,-0.036911819176572234,-0.2768484846987069,-0.03873522623455626,-0.03957040457502759,-0.2862554415245693,-0.04142476704515429,-0.042317840260857414,-0.2956122697945854,-0.04420081267997243,-0.045153643916266424,-0.30491732622006007,-0.04706287539363397,-0.048077317703874606,-0.31416897660470505,-0.05001045233405158,-0.05108834835414968,-0.3233655961316438,-0.05304302563074051,-0.05418620725554983,-0.33250556964876926,-0.05616006248576931,-0.05737035054736085,-0.3415872919524044,-0.05936101526733226,-0.06064021921521144,-0.3506091680692151,-0.06264532160592698,-0.0639952391892499,-0.35956961353632694,-0.06601240449312028,-0.06743482144496482,-0.3684670546795954,-0.06946167238288498,-0.07095836210663227,-0.377299928889982
1770565175.6570415,15.3462558093122,11.310333738140972,0.7754972431712895,0.0,0.0,0.0,-3.920025648773266e-05,-3.9976528606587726e-05,-0.01011577641260876,-0.00017223006730243516,-0.00017555212865493492,-0.0202299244332141,-0.00039906667927110806,-0.0004067024599441124,-0.030340670393671526,-0.0007196708887822976,-0.0007333864218015116,-0.040446241222439144,-0.0011339870486610398,-0.0011555461602904674,-0.0505448647555125,-0.001641943077927433,-0.0016731070783558193,-0.060634770047200304,-0.0022434504744371277,-0.002285977848905632,-0.0707141876806865,-0.0029384043304015073,-0.002994050430826775,-0.08078135007832415,-0.0037266833507848597,-0.0037972000879315706,-0.09083449181160694,-0.004608149874575289,-0.00469528541083216,-0.10087184991076366,-0.005582649898925649,-0.005688148341738776,-0.11089166417392154,-0.006650013106160272,-0.006775614202177563,-0.1208921774757843,-0.0078100528936427445,-0.007957491723623086,-0.13087163607577054,-0.009062566406499488,-0.009233573081040143,-0.14082828992555857,-0.010407334573193427,-0.010603633929329035,-0.15076039297598387,-0.011844122143941501,-0.012067433442667863,-0.1606662034832352,-0.013372677731969243,-0.013624714356744961,-0.17054398431429557,-0.014992733857595258,-0.015275203013874082,-0.18039200325157473,-0.01670400699513783,-0.017018609410984414,-0.19020853329667983,-0.018506197622635407,-0.018854627250476978,-0.19999185297327043,-0.020398990274372315,-0.02078293399393854,-0.20974024662894553,-0.02238205359620044,-0.022803190918703604,-0.21945200473610904,-0.024455040403647148,-0.024915043177254525,-0.22912542419176124,-0.026617587742799348,-0.02711811985944938,-0.2387588086161636,-0.02886931695395295,-0.029412034057566684,-0.2483504686503247,-0.03120983373801653,-0.03179638293415546,-0.2578987222522546,-0.03363872822565763,-0.03427074779267889,-0.2674018949919364,-0.03615557504917956,-0.03683469415093908,-0.27685832034496294,-0.038759933417115935,-0.03948777181726998,-0.28626633998478673,-0.04145134719153043,-0.042229514969485564,-0.29562430407353285,-0.04422934496800701,-0.0450594422365684,-0.3049305715513227,-0.04709344015831809,-0.047977056783085566,-0.31418351042405873,-0.05004313107575505,-0.05098184639631618,-0.32338149804961913,-0.0530779010231066,-0.05407328357607563,-0.3325229214224128,-0.05619721838326939,-0.057250825627220725,-0.341606177456244,-0.05940053671247507,-0.06051391475481935,-0.35062967326543787,-0.06268729483611771,-0.06386197816196856,-0.359591826444177,-0.06605691694716379,-0.06729442815024272,-0.36849106534399995,-0.069508812707129,-0.07081066222275557,-0.37732582934941383
1770565175.6925662,15.344761197991316,11.308915730942692,0.7784098616904568,0.0,0.0,0.0,-3.9316270503541354e-05,-4.011032560045174e-05,-0.010115772920300971,-0.00017260547622701116,-0.00017599145360867942,-0.020229910913015365,-0.00039984486623445813,-0.00040761878767319403,-0.030340634399318965,-0.0007209951590848287,-0.0007349508849279435,-0.04044616440116889,-0.0011360005497435238,-0.0011579294632841713,-0.05054472285431419,-0.0016447887194012763,-0.0016764794116851318,-0.06063453292114568,-0.002247270848198625,-0.0022905088033218575,-0.07071381930333001,-0.0029433416308537364,-0.0029999089118076497,-0.08078080855417277,-0.0037328792951908402,-0.0038045542303084545,-0.09083372939065591,-0.004615745623566004,-0.00470430249362575,-0.10087081300509446,-0.005591785977186478,-0.005698994703228058,-0.11089029337635756,-0.0066608293233193505,-0.006788455155226693,-0.12089040758059948,-0.0078226882653847,-0.007972491471290803,-0.1308693961014454,-0.00907715907592796,-0.00925089463249627,-0.14082550313957778,-0.010424021732465698,-0.010623439016102526,-0.15075697692166867,-0.011863039956198519,-0.012089882435250816,-0.1606620700086038,-0.01339396125358422,-0.013649966181576876,-0.17053903960294375,-0.015016516960763967,-0.0153034150707306,-0.1803861478555687,-0.016730422290833612,-0.017049937490794646,-0.19020166217145246,-0.018535376383951852,-0.018889225453593443,-0.19998385551451198,-0.020431062360276423,-0.020820954648883623,-0.20973100671147876,-0.022417147375719027,-0.022844784501416315,-0.21944140075473886,-0.024493282680509113,-0.024960358230861228,-0.2291133291040878,-0.0266591036805563,-0.027167302914582053,-0.2387450899873477,-0.028914230001600618,-0.029465229553252092,-0.2483349886997937,-0.03125826555613919,-0.03185373313929854,-0.2578813379023365,-0.033690798613117745,-0.034332392728163456,-0.26738245791840937,-0.03621140187037454,-0.03690077151236882,-0.27683667702950643,-0.03881963252982404,-0.03955841689837265,-0.2862423317693212,-0.04151503237536715,-0.04230486058620278,-0.295597767216433,-0.0442971278535141,-0.04513961865185396,-0.3049013372854897,-0.04716543015670611,-0.04806219163243421,-0.31415140501683586,-0.05011943530932089,-0.05107206461404516,-0.32334634286453556,-0.05315862425634701,-0.05416870732238095,-0.3324845329827383,-0.05628246295471143,-0.057351574216029856,-0.3415643675103386,-0.05949040246724425,-0.0606201045824621,-0.35058424885387857,-0.06278187905926402,-0.0639737226366871,-0.3595425899686442,-0.06615631429776665,-0.06741183762256259,-0.368437814637905,-0.06961311515320055,-0.070933843916738,-0.3772683577502491
1770565175.7303221,15.33814786994792,11.306955465219131,0.7869834554574144,0.0,0.0,0.0,-3.9387758008010954e-05,-4.0221924929326624e-05,-0.010115769898424868,-0.00017283084449544784,-0.00017634308476643495,-0.020229900333505177,-0.00040030639654286366,-0.0004083388198152666,-0.030340607761339285,-0.0007217749693725689,-0.0007361675636805105,-0.04044610924164496,-0.0011371805433043956,-0.0011597708505974968,-0.05054462275216635,-0.001646450533634312,-0.0016790733257421578,-0.06063436750291905,-0.002249495803434143,-0.0022939827585192383,-0.07071356425021795,-0.0029462106792701366,-0.0030043900588264047,-0.08078043561043226,-0.0037364729698376193,-0.0038101692962913985,-0.09083320637341269,-0.00462014398750843,-0.00471117772247883,-0.10087010381553525,-0.0055970685727873525,-0.0057072557960626946,-0.11088935801230657,-0.0066670751216732285,-0.006798227210960194,-0.12088920215047569,-0.007829975615919926,-0.00798389892742187,-0.1308678728395972,-0.009085565656191813,-0.009264061206072587,-0.1408236104229906,-0.010433624498107924,-0.01063848764489736,-0.15075465928804158,-0.011873915091168433,-0.012106935219165518,-0.16065926817578996,-0.01340618412055656,-0.013669144324286111,-0.17053569048974979,-0.015030162051808578,-0.01532483882158707,-0.18038218460390748,-0.01674556317834404,-0.01707372608701002,-0.19019701416984344,-0.018552085671847764,-0.018915497062712134,-0.19997844842292276,-0.020449411635494824,-0.020849826311565952,-0.20972476248750152,-0.022437207160009062,-0.022876372074547603,-0.21943423768109468,-0.02451512238254524,-0.024994776331003173,-0.22910516181745147,-0.026682791548384512,-0.027204664861782746,-0.2387358295084856,-0.028939833075432315,-0.029505647315230928,-0.2483245424650066,-0.031285849621507204,-0.03189731727602212,-0.2578696097961991,-0.03372042815440894,-0.034379252336828606,-0.2673693483077978,-0.036243140024753345,-0.03695101417280858,-0.2768220827989049,-0.0388535410415611,-0.03961214861890117,-0.28622614635739824,-0.04155117155058726,-0.042362185749914835,-0.2955798806538776,-0.04433555651537747,-0.04520063996339469,-0.3048816362340975,-0.04720620560103678,-0.048127010065254626,-0.3141297728098351,-0.05016261326069622,-0.05114077935815879,-0.32332265954814166,-0.05320425882466188,-0.05424141573263693,-0.3324586753589265,-0.056330606592230714,-0.05742837176091757,-0.3415362091808231,-0.05954110592615702,-0.06070108479346241,-0.3505536602652866,-0.06283519134975288,-0.06405897705818506,-0.35950943845887295,-0.06621228264660524,-0.0675014557623363,-0.3684019644836491,-0.06967178496289245,-0.07102791319703836,-0.37722967021568604
1770565175.7855563,15.330485366087334,11.307079323600899,0.7945221009362313,0.0,0.0,0.0,-3.9631582233997276e-05,-4.072348775411273e-05,-0.01011575610305517,-0.00017359683399777265,-0.00017789023029366122,-0.020229854671658686,-0.0004018719799469625,-0.0004114757758168732,-0.03034049663353621,-0.000724416469113051,-0.000741438521770043,-0.040445883531266574,-0.0011411729821164819,-0.0011677197222476963,-0.05054421784218715,-0.0016520674413624955,-0.001690243498442175,-0.060633703298133015,-0.002257009024217881,-0.0023089168521407844,-0.07071254520495297,-0.0029558901791662904,-0.003023629682268094,-0.08077895076174547,-0.0037485866449392556,-0.0038342548044704656,-0.09083112937975799,-0.0046349574726194925,-0.004740647973739308,-0.10086729300089267,-0.005614845050712563,-0.005742647910069037,-0.11088565641576198,-0.006688075133182444,-0.006840076327145197,-0.1208844375812376,-0.007854456870446006,-0.008032737964057611,-0.13086185793743607,-0.009113782843320886,-0.00932042062003293,-0.1408161427240849,-0.010465829099920733,-0.010702895192180418,-0.1507455212962128,-0.011910355195491254,-0.012179915716244247,-0.16064822743910784,-0.013447104235179953,-0.01375121941035503,-0.17052249968248764,-0.015075802919731995,-0.01541652672177285,-0.1803665816138256,-0.01679616159410405,-0.017175541376613472,-0.19017872219077747,-0.01860787429898744,-0.01902795043254882,-0.19995717605265262,-0.020510618825231468,-0.020973424334472447,-0.2097002038308748,-0.022504056771157258,-0.023011616973120028,-0.21940607245837696,-0.024587833602751817,-0.02514216574663446,-0.22907305547787518,-0.026761578716731745,-0.027364691625064642,-0.2386994333489668,-0.02902490550646529,-0.02967879921778645,-0.24828349375399836,-0.031377411430741006,-0.032084076843833874,-0.2578235319026486,-0.03381867808537087,-0.03458009660512789,-0.2673178508351727,-0.036348271277615016,-0.03716641446258997,-0.2767647617242532,-0.038965741103414955,-0.03984257031512668,-0.28616258417540513,-0.041670622027421486,-0.0426080880814715,-0.29550964652588046,-0.04446243296580296,-0.045462475784868894,-0.30480428614201943,-0.04734067737181941,-0.04840522564058611,-0.3140448497149961,-0.050304843324147114,-0.05143581414623669,-0.323229693554905,-0.05335440361793796,-0.05455370217489988,-0.332357183883137,-0.05648881585859743,-0.05775833507101925,-0.3414256971229919,-0.05970752255826444,-0.061049142749063506,-0.3504336201884765,-0.0630099512349761,-0.0644255397949321,-0.3593793507712366,-0.06639551451449932,-0.06788692557008713,-0.3682612976255719,-0.06986361023481166,-0.0714326843183937,-0.37707788085148297
1770565175.8474166,15.31953942185772,11.309268507957865,0.8032788608088804,0.0,0.0,0.0,-3.968422880112643e-05,-4.08754966195482e-05,-0.010115751665321342,-0.00017376408018310364,-0.0001783532361764015,-0.020229840874151507,-0.000402215360972531,-0.00041240898869871704,-0.030340464363977332,-0.000724997052312031,-0.0007430013051141734,-0.040445819490196114,-0.0011420513169735887,-0.001170071524640014,-0.05054410454751296,-0.0016533035096704745,-0.001693543785241803,-0.060633519091170665,-0.002258662190365914,-0.002313325037159032,-0.07071226425795492,-0.002958019140576123,-0.003029305059495157,-0.08077854308691737,-0.003751249382664819,-0.0038413564798691216,-0.09083056083975975,-0.004638211202125747,-0.0047493347971248505,-0.10086652532082156,-0.00561874617284926,-0.005753078407094664,-0.1108846471966144,-0.006692679185368455,-0.0068524086314120415,-0.12088314031484616,-0.007859818478079811,-0.00804712974936856,-0.13086022202287792,-0.009119955671432773,-0.009337029032809361,-0.14081411348555684,-0.010472865805082186,-0.010721876784060906,-0.15074304000236846,-0.011918307377996974,-0.01220142637688428,-0.16064523132385208,-0.01345602239151785,-0.013775414300446686,-0.170518921967222,-0.015085736395356455,-0.01544356020630337,-0.1803623515311394,-0.01680715853652771,-0.017205566958381557,-0.19017376500957808,-0.018619981611206586,-0.019061120685957448,-0.1999514131047282,-0.020523882119500143,-0.021009890839616914,-0.20969355253888222,-0.022518520323125027,-0.023051530250189883,-0.21939844636524786,-0.02460354030598012,-0.02518567519064784,-0.22906436427763177,-0.026778570037603585,-0.027411945440953496,-0.2386895829189397,-0.029043221439502994,-0.029729944355851072,-0.24827238618843758,-0.03139709045434664,-0.03213925893558498,-0.25781106554771854,-0.033839757118003806,-0.03463945989953447,-0.26730392032532213,-0.03637078563442105,-0.037230101762750975,-0.27674925801995054,-0.03898972445332123,-0.03991072291538454,-0.2861453946022282,-0.04169610635071139,-0.042680845704985336,-0.29549065481495135,-0.04448944851218506,-0.04553997652166521,-0.30478337247177273,-0.047369252619004334,-0.04848760588610451,-0.31402189075426984,-0.05033500493694615,-0.05152320854038826,-0.32320456250734253,-0.05338617640789706,-0.054646243541655475,-0.33232975053288777,-0.05652222274418016,-0.057856154358545034,-0.34139582788169925,-0.05974258452559727,-0.061152368970420846,-0.3504011781435397,-0.06304668729916922,-0.06453429996935868,-0.3593441957353341,-0.06643394168155621,-0.0680013446648763,-0.36822328618743233,-0.06990374346414027,-0.07155288519138849,-0.3770368664278908
1770565175.8827484,15.312820282660546,11.312916970798897,0.8063495371650218,0.0,0.0,0.0,-3.9692955925075986e-05,-4.0926576491503874e-05,-0.010115750083179264,-0.0001737950858274059,-0.00017850269973347286,-0.020229836317318554,-0.00040228198828477297,-0.0004127042909318506,-0.030340454283131,-0.0007251124230106282,-0.0007434900326734487,-0.040445800180091626,-0.0011422283182116284,-0.0011708013762972442,-0.0505440711482472,-0.001653554780948026,-0.0016945625523398463,-0.060633465589858354,-0.0022590001104950638,-0.0023146805840532684,-0.07071218349081645,-0.002958455814702984,-0.0030310453039925876,-0.0807784267417779,-0.003751796629352745,-0.0038435293736705464,-0.09083039945895878,-0.0046388805405039825,-0.004751988306275576,-0.10086630830453228,-0.005619548809831224,-0.0057562604924491865,-0.11088436280657189,-0.006693626002943861,-0.006856167229118151,-0.12088277567848353,-0.00786092002068479,-0.008051512751376303,-0.13085976313786912,-0.009121222133402168,-0.009342084267410285,-0.14081354522476508,-0.010474307018188153,-0.010727651996463,-0.15074234611919893,-0.011919932799078006,-0.01220796920982803,-0.16064439445800738,-0.013457841090202335,-0.013782772274867641,-0.17051792365085894,-0.015087757041884843,-0.015451780702046579,-0.18036117219542536,-0.01680938938967733,-0.017214697194973275,-0.19017238399164538,-0.01862243050632316,-0.019071207703439442,-0.19994980865502424,-0.020526556456640005,-0.02102098147944871,-0.20969170182891403,-0.02252142705531203,-0.023063671136224276,-0.21939632549571833,-0.024606685927581144,-0.025198912710184932,-0.22906194828696588,-0.02678196057282664,-0.0274263257258786,-0.23868684579219823,-0.029046862431021756,-0.02974551326386167,-0.24826930086661592,-0.03140098695205531,-0.032156062031511994,-0.25780760393742824,-0.03384391366790612,-0.03465754243676304,-0.2673000533088525,-0.03637520626765729,-0.03724950866474594,-0.2767449554657075,-0.03899441267533688,-0.03993149875732577,-0.28614062537554796,-0.041701065130571334,-0.042703034695517984,-0.2954853867892855,-0.0444946802720369,-0.045563622484770076,-0.30477757254024207,-0.04737475922369454,-0.04851275224309348,-0.3140155248415839,-0.050340787683792666,-0.05154989829202988,-0.32319759558208133,-0.053392236016621984,-0.05467451925043571,-0.33232214662014287,-0.056528559347005965,-0.0578860581310681,-0.3413875500760702,-0.05974919765751014,-0.061183942439955036,-0.3503921886224828,-0.06305357588835299,-0.06456758427853215,-0.3593344557728599,-0.06644110404000025,-0.06803638044852757,-0.36821275616814786,-0.06991117727842483,-0.07158971255957651,-0.3770255058613831
1770565175.9375277,15.312939670080919,11.316287364213462,0.8028597563300828,0.0,0.0,0.0,-3.967213182451538e-05,-4.0937799914312534e-05,-0.010115749392135845,-0.0001737378976178876,-0.00017851223605155203,-0.02022983540386694,-0.00040217263882596816,-0.0004126995016558689,-0.030340454152445913,-0.0007249348658511171,-0.0007434585587285454,-0.04044580237352414,-0.001141966265452021,-0.0011707311453472693,-0.05054407774277038,-0.0016531917111440664,-0.0016944417860573545,-0.06063347919732176,-0.0022585192765984196,-0.0023144978053330607,-0.07071220725700979,-0.0029578402520374102,-0.003030789344106599,-0.08077846434530395,-0.003751029163623314,-0.0038431893793618942,-0.09083045510991605,-0.004637943795837055,-0.004751553746789591,-0.10086638674300763,-0.0056184252168428525,-0.005755721166499268,-0.11088446930094356,-0.00669229780683428,-0.00685551327178429,-0.12088291602353504,-0.007859369289356688,-0.008050734640934143,-0.13085994365271456,-0.00911943076560039,-0.00934117283208859,-0.14081377275058626,-0.01047225675165851,-0.010726598421127439,-0.1507426280167952,-0.011917605218742858,-0.012206765042589158,-0.16064473860515843,-0.013455217636350603,-0.01378140943361102,-0.1705183384395017,-0.015084819018374124,-0.015450251480882983,-0.18036166652864544,-0.016806117972145776,-0.017212994270606907,-0.1901729672804839,-0.018618806750408782,-0.019069324141452175,-0.19995049081510122,-0.02052256130620507,-0.021018910740498307,-0.20969249327686867,-0.022517041350670227,-0.02306140708215461,-0.21939723714546777,-0.024601890413725187,-0.02519644961004626,-0.2290629915457829,-0.026776735907653972,-0.027423658261855895,-0.23868803255660934,-0.029041189193556045,-0.029742636537109107,-0.24827064351812064,-0.03139484565066142,-0.032152971567891674,-0.2578091153380411,-0.03383728474849623,-0.034654234192486054,-0.2673017467964682,-0.03636807012188586,-0.03724597903191391,-0.2767468448492917,-0.03898674964878217,-0.039927744569371,-0.2861427249301537,-0.041692855530901185,-0.04269905323254044,-0.2954877112508974,-0.04448590437715648,-0.04555941147876931,-0.3047801371004496,-0.04736539728987375,-0.048508309883093834,-0.3140183451420846,-0.05033081995377099,-0.0515452232290971,-0.32320068770901633,-0.05338164272768847,-0.05466961060258329,-0.33232552709826546,-0.0565173207390521,-0.05788091548805168,-0.3413912358627495,-0.0597372939810534,-0.061178565867953116,-0.3503961971015439,-0.06304098741252878,-0.06456197432471146,-0.3593388047482622,-0.06642781106052008,-0.06803053814549154,-0.3682174638575034,-0.06989716012549839,-0.07158363942969515,-0.3770305908893165
1770565175.9824972,15.318718828840986,11.31822692907448,0.7951410327089999,0.0,0.0,0.0,-3.96193097029925e-05,-4.0857280824983024e-05,-0.010115751196216027,-0.0001735843123480422,-0.0001782299818018004,-0.020229842556777795,-0.0004018702943351576,-0.00041209448923722625,-0.03034047340788537,-0.0007244357495138424,-0.0007424100104016784,-0.04044584369183484,-0.001141222386572693,-0.0011691185807918016,-0.05054415428749377,-0.0016521551394173637,-0.0016921450744502484,-0.060633607330609934,-0.002257142180535051,-0.002311397217340822,-0.07071240653389628,-0.0029560749373431132,-0.0030267656037765937,-0.0807787575068351,-0.003748828111518928,-0.00383812371589808,-0.09083086807514454,-0.004635259701307529,-0.004745327946198006,-0.10086694859985058,-0.005615211026803058,-0.005748217623088634,-0.11088521229590749,-0.006688506758199543,-0.006846615039507139,-0.12088387555031038,-0.00785495494700595,-0.008040325484553893,-0.1308611582396429,-0.009114347060219961,-0.009329137278158057,-0.14081528404700358,-0.010466458017454407,-0.0107128218087643,-0.1507444807782547,-0.011911046231009739,-0.012191133574033947,-0.160646980677537,-0.013447853648885367,-0.013763810224553275,-0.1705210207419942,-0.01507660580072227,-0.015430572610541204,-0.18036484303565145,-0.01679701184666868,-0.0171911248315481,-0.1901766950023915,-0.01860876462916008,-0.019045154289136734,-0.19995482977797324,-0.020511540727604388,-0.020992331742536143,-0.20969750650103675,-0.022505000515962555,-0.023032311367258425,-0.21940299062303975,-0.024588788223214263,-0.025164730816667993,-0.22906955421706995,-0.026762531996698074,-0.02738921128649242,-0.23869547628547874,-0.029025843968314688,-0.029705357582263333,-0.24827904306628107,-0.031378320323581475,-0.0321127581896753,-0.25781854833826706,-0.03381954137352611,-0.03461098534785032,-0.26731229372477133,-0.03634907162940639,-0.03719959512549474,-0.27675858899604544,-0.03896645988024301,-0.03987812749993507,-0.28615575237018004,-0.04167123927315149,-0.042646106439018776,-0.295502110812523,-0.04446292739645884,-0.04550303998586512,-0.3047960003335401,-0.04734102636559033,-0.04844842034645139,-0.31403576628506547,-0.05030502291171101,-0.05148172398001859,-0.3232197636548889,-0.053354388473106126,-0.054602411692280674,-0.3323463573596276,-0.05648857928928423,-0.05780992873142066,-0.3414139225358302,-0.059707036497786276,-0.0611037048868565,-0.3504208448292614,-0.0630091862336834,-0.06448315459075933,-0.3593655206823155,-0.06639443973174558,-0.0679476770223056,-0.3682463576195075,-0.06986219343126322,-0.07149665621464504,-0.3770617745309918
1770565176.0336258,15.327417276635105,11.318489235196216,0.7861802787931448,0.0,0.0,0.0,-3.952916370530687e-05,-4.062609943065907e-05,-0.01011575676202008,-0.00017332121490557173,-0.00017748726172672253,-0.02022986162936149,-0.00040135171210081114,-0.00041055991208614187,-0.030340520814378567,-0.0007235795001210802,-0.000739803412107814,-0.04044594114053505,-0.0011399467174255525,-0.0011651600669990096,-0.05054433036043303,-0.0016503788063645596,-0.0016865551358078382,-0.06063389747367724,-0.0022547845264027726,-0.0023038968446789415,-0.07071285304451813,-0.0029530559703011745,-0.00301707640313005,-0.08077940951921739,-0.0037450685832549633,-0.003825968023346535,-0.09083178154307976,-0.004630681184983983,-0.004730428942490522,-0.10086818627709489,-0.005609735994771764,-0.005730299448020603,-0.11088684371413278,-0.006682058659448745,-0.006825402906017676,-0.12088597699463731,-0.007847458284314695,-0.008015545792511878,-0.13086381272176129,-0.009105727466994864,-0.00930051772780504,-0.1408185812758874,-0.01045664233422385,-0.0106800915137826,-0.15074851712847934,-0.011899962581550684,-0.012154023174208377,-0.16065185915520738,-0.01343543151595803,-0.01372205199799496,-0.17052685094829267,-0.015062776101388007,-0.01538390058544218,-0.18037174112801513,-0.016781707007166555,-0.01713927489743537,-0.1901847836533297,-0.01859191865931767,-0.018987864307594676,-0.1999642381315355,-0.02049308929475853,-0.020929341657366252,-0.20970837012694346,-0.022484881018365835,-0.022963363314045516,-0.21941545146848743,-0.024566939862903207,-0.02508956923172213,-0.22908376055622393,-0.026738895851799095,-0.027307583015136003,-0.23871158266666684,-0.02900036306476404,-0.029617011986432927,-0.24829721025690243,-0.031350939706235564,-0.03201744725480797,-0.2578389432674307,-0.0337902081766387,-0.03450846378902437,-0.2673350894236796,-0.03631773514644939,-0.037089620492794996,-0.2767839645361388,-0.0389330716330477,-0.039760460283013006,-0.2861838927990589,-0.041635753080347206,-0.042520510170817934,-0.2955332070876647,-0.04442529944118634,-0.04536928134548259,-0.3048302492538277,-0.047301215262467236,-0.04830626926110622,-0.31407337042014755,-0.05026298977302687,-0.05133095372609825,-0.3232609312723888,-0.05331009697422494,-0.054442798995436956,-0.3323913023502216,-0.05644199573323238,-0.05764125386568655,-0.3414628643362147,-0.05965812987900406,-0.06092575177275593,-0.35047400834302994,-0.0629579283009186,-0.06429571089238179,-0.3594231361987666,-0.06634080505006769,-0.067750534243318,-0.3683086607304051,-0.06980615944317713,-0.07128960979321339,-0.37712900604530036
1770565176.1044843,15.32616662775398,11.319498197451718,0.7864219654187675,0.0,0.0,0.0,-3.9465238459203076e-05,-4.0382176760996764e-05,-0.010115762629766743,-0.00017313876006698953,-0.00017672398332506463,-0.02022988072077924,-0.00040099663299258774,-0.0004090016242885157,-0.030340566736145685,-0.000722998279563214,-0.0007371743488541136,-0.04044603374554838,-0.0011390864834356412,-0.0011611844580332394,-0.05054449574106011,-0.001649187399708432,-0.001680957314843426,-0.06063416795279747,-0.002253210567973054,-0.002296401357499463,-0.07071326716435544,-0.0029510489283015584,-0.003007408115595732,-0.08078001202796732,-0.0037425788401680175,-0.0038138522292769208,-0.09083262337933451,-0.0046276601043003535,-0.004715591471393728,-0.10086932455207032,-0.0056061359874587085,-0.005712466772639629,-0.11088834169170225,-0.006677833250135982,-0.006804302249664285,-0.1208879040691775,-0.007842562177175627,-0.007990905236158604,-0.1308662443938159,-0.009100116611301305,-0.00927206631690597,-0.14082159912565523,-0.010450273989552453,-0.010647559364793608,-0.15075220878713366,-0.01189279538261938,-0.012117141580777601,-0.1606563182740543,-0.013427425537070837,-0.013680553536794387,-0.1705321771657765,-0.015053892920466713,-0.015337519221611253,-0.18037804003457986,-0.016771909769347823,-0.017087746089607708,-0.19019216675414538,-0.018581172140094283,-0.018930925112479024,-0.19997282280709996,-0.02048135996264354,-0.020866730833852935,-0.20971827959156936,-0.02247213709705856,-0.02289482142680977,-0.2194268147266859,-0.02455315139293609,-0.025014838754295825,-0.2290967123569965,-0.02672403475164462,-0.027226408432419375,-0.23872626345571743,-0.028984403191380972,-0.029529139896618112,-0.2483137661267825,-0.03133385691503399,-0.03192262647068625,-0.25785752590563044,-0.03377198038084345,-0.03440644543864918,-0.26735585605867934,-0.036298342375841515,-0.03698015811947298,-0.27680707788143455,-0.038912496092064014,-0.039643309944595445,-0.28620952099517755,-0.04161397920551785,-0.04239543053826518,-0.29556152364218335,-0.044402313957890606,-0.045236033800674195,-0.30486143297941426,-0.04727700724098808,-0.04816461799386971,-0.3141076053706381,-0.050237550683884656,-0.051180665830429704,-0.3232984066769192,-0.05328342074277113,-0.054283644564886636,-0.332432212545431,-0.056414078793484194,-0.0574730060878832,-0.3415074086965388,-0.05962897122670115,-0.06074818702304339,-0.35052239120910256,-0.06292752954578308,-0.06410860882654192,-0.3594755668039489,-0.06630917046724909,-0.0675536778893541,-0.36836535312546187,-0.06977329602386398,-0.0710827856421685,-0.37719017902124374
1770565176.1369064,15.330462709368966,11.319346211209226,0.7822778700462721,0.0,0.0,0.0,-3.94428408483642e-05,-4.024500034598652e-05,-0.01011576601711681,-0.00017308730336739253,-0.00017630539194038892,-0.02022989103544013,-0.0004009098237052665,-0.00040815714843401175,-0.030340590376876527,-0.0007228702199125644,-0.0007357593407055244,-0.04044607996780705,-0.0011389116990325279,-0.0011590541440835694,-0.05054457665389421,-0.0016489608671224074,-0.0016779668485501576,-0.06063429851472672,-0.002252927742204121,-0.002292405871923554,-0.0707134651782466,-0.0029507057701419334,-0.00300226277601832,-0.08078029813490288,-0.0037421718434443654,-0.003807412285779669,-0.09083302105147689,-0.004627186322987007,-0.004707712311388756,-0.10086986008452335,-0.005605593062652399,-0.005703003973334995,-0.11088904419337217,-0.006677219436882648,-0.006793111630450991,-0.12088880545263579,-0.007841876371139903,-0.007977842910905133,-0.13086737936416667,-0.009099358375269312,-0.009256988746146373,-0.14082300516841006,-0.010449443579758591,-0.010630323407795213,-0.15075392615509722,-0.011891893774887804,-0.012097604547474404,-0.16065838997322396,-0.013426454452762408,-0.013658573239572269,-0.17053464894026002,-0.015052854852222203,-0.01531295402693118,-0.1803809603505347,-0.016770808006618246,-0.017060454969453097,-0.19019558678274434,-0.018580010794449243,-0.018900767695613545,-0.19997679640652727,-0.020480143992848577,-0.02083356745687503,-0.2097228632880522,-0.022470872333912473,-0.02285851318499024,-0.21943206769456633,-0.02455184456385935,-0.024975247552184873,-0.22910269639784894,-0.026722693505009984,-0.02718339703420959,-0.23873304297651757,-0.028983036120577482,-0.029482571976249886,-0.2483214081171329,-0.03133247358225567,-0.0318723666616822,-0.2578660999140494,-0.033770591340593924,-0.03435235938366431,-0.26736543416795894,-0.03629695919814615,-0.03692211251954714,-0.2768177346830745,-0.03891113138538078,-0.039581172608095086,-0.28622133356290175,-0.041612646639338696,-0.0423290704295011,-0.2955745715045461,-0.04440102828502485,-0.045165321088182324,-0.3048757980915031,-0.04727578431951952,-0.048089424098341944,-0.3141233720848816,-0.05023640749879421,-0.05110086347228191,-0.3233156617130065,-0.0532823754272169,-0.05419910781145103,-0.3324510449593517,-0.05641315064973086,-0.05738361040021238,-0.3415279098487512,-0.05962818074669073,-0.06065380930231349,-0.3505446547318389,-0.06292689843133929,-0.06400912746004231,-0.35949968856766595,-0.06630872164990735,-0.06744897279605126,-0.36839143120444634,-0.06977305368431957,-0.07097273831783174,-0.37721831365838093
1770565176.1800263,15.333450468808328,11.318326777535953,0.7803095442801824,0.0,0.0,0.0,-3.9458733186488194e-05,-4.0182339838326644e-05,-0.010115767488579811,-0.0001731466925217398,-0.00017611779662102467,-0.020229894896471704,-0.0004010406024277411,-0.00040778209238278006,-0.030340598210866175,-0.0007231005705066876,-0.0007351340637189146,-0.04044609402292349,-0.0011392700945775324,-0.001158115669046125,-0.050544599842345966,-0.0016494760726423051,-0.0016766519988403346,-0.060634334411788254,-0.002253628815780445,-0.0022906512888498523,-0.07071351802105019,-0.002951622063968866,-0.0030000049362815017,-0.08078037282099665,-0.0037433330048249774,-0.0038045875189568782,-0.09083312313714924,-0.004628622295269339,-0.004704256817435344,-0.10086999578289435,-0.005607334086104137,-0.0056988538400998545,-0.11088922037225232,-0.006679296049503149,-0.006788202851201218,-0.12088902963215276,-0.007844319409408345,-0.007972111401855803,-0.13086765971416064,-0.009102198974827749,-0.009250370363991255,-0.14082335050559838,-0.01045271317602872,-0.010622753967234222,-0.15075434594000897,-0.011895624103620255,-0.012089019838733606,-0.16065889430690553,-0.013430677550517377,-0.013648909045912252,-0.1705352485607522,-0.015057603056780281,-0.015302146142139615,-0.1803816666291225,-0.016776113957320298,-0.017048439215317315,-0.19019641171998045,-0.01858590743246421,-0.01888747993936897,-0.19997775262803008,-0.020486664561368082,-0.020818943628625287,-0.2097239640400797,-0.02247805037827117,-0.02284248929509481,-0.21943332683936695,-0.02455971393157989,-0.02495775970861016,-0.2291041284087905,-0.026731288345771563,-0.027164381459839224,-0.23873466293299567,-0.02899239088610696,-0.0294619650261502,-0.24832323169926024,-0.03134262302614015,-0.031850104840318756,-0.2578681433971272,-0.03378157051801392,-0.034328379362065335,-0.26736771441673207,-0.03630880346552818,-0.036896351152409884,-0.27682026914577185,-0.038923876399968596,-0.039553566950830926,-0.2862241402650632,-0.04162632835868207,-0.04229955775521543,-0.2955776690426381,-0.044415682966385026,-0.04513383890458519,-0.3048792056263244,-0.04729144851919049,-0.048055910164585325,-0.3141271093347605,-0.0502531180713388,-0.051065255815719766,-0.323319748946792,-0.053300169524616914,-0.054161344744318066,-0.33245550298920007,-0.056432065720450335,-0.0573436305362176,-0.3415327600227101,-0.05964825453465158,-0.060611551573144566,-0.3505499189262308,-0.06294816897480841,-0.06396453113177691,-0.3595053891792728,-0.06633122728029457,-0.06740197748547141,-0.36839759114249815,-0.06979683302488551,-0.07092328400863737,-0.3772249563363495
1770565176.235033,15.330153549954105,11.318008538906849,0.7839247017635107,0.0,0.0,0.0,-3.952629924262748e-05,-4.023961230044935e-05,-0.010115766096081724,-0.00017337388973930594,-0.00017633700191569378,-0.0202298883138929,-0.00040151966443255577,-0.0004082675708679843,-0.030340578942299176,-0.0007239238486844517,-0.0007359897822826083,-0.04044605087671334,-0.0011405300073069485,-0.0011594451677296974,-0.05054451793497315,-0.0016512650545370254,-0.0016785583375587558,-0.060634195173056196,-0.0022560392669548884,-0.0022932369942240843,-0.0707132992005759,-0.0029547462993429387,-0.003003371948598734,-0.08078004849600277,-0.003747263203482719,-0.003808837139274128,-0.09083266372155561,-0.0046334504498865,-0.004709489654841914,-0.10086936803770648,-0.005613151952459673,-0.005705169759154123,-0.1108883874172441,-0.006686195096089591,-0.0067957009195571795,-0.12088795095884045,-0.007852390767155982,-0.007980889838094748,-0.13086629120006443,-0.00911153338695753,-0.009260526485673916,-0.14082164442978803,-0.010463400948048731,-0.010634384139188673,-0.15075225099992925,-0.011907755053480611,-0.012102219421594142,-0.16065635563647704,-0.013444340958938315,-0.013663772344924417,-0.17053220774974276,-0.01507288761776819,-0.015318766356246485,-0.18037806174378407,-0.01679310772888638,-0.01706690838654208,-0.19019217732494603,-0.01860469778756041,-0.01890788890250876,-0.19997281980946474,-0.020507338139054872,-0.020841381961271194,-0.20971826043007977,-0.02250069303513169,-0.022867045267992853,-0.21942677664160073,-0.024584410693394943,-0.024984520236377972,-0.2290966524253738,-0.0267581233594698,-0.027193432052053126,-0.23872617859259504,-0.029021447372004607,-0.029493389738817176,-0.24831365308641634,-0.03137398323048453,-0.031883986227747844,-0.2578573812827907,-0.03381531566584487,-0.0343647984291528,-0.2673556762900037,-0.036345013713871555,-0.03693538730735243,-0.2768068592468385,-0.03896263079137573,-0.03959529795828114,-0.2862092596193213,-0.041667704775129204,-0.04234405968989354,-0.2955612154959948,-0.044459758083546484,-0.04518118610536102,-0.3048610738816675,-0.04733829776109928,-0.048106175189044406,-0.31410719098958756,-0.05030281556544835,-0.05111850939522723,-0.3232979325319884,-0.05335278805727735,-0.05421765573959399,-0.33243167400895574,-0.05648767669281284,-0.057403065893437216,-0.3415068009955643,-0.05970692791901404,-0.060674176280576815,-0.350521709427234,-0.06300997327141555,-0.06403040817697442,-0.3594748058832547,-0.0663962294746057,-0.0674711678130251,-0.36836450786842967,-0.06986509854532279,-0.07099584647850857,-0.37718924409278787
1770565176.2825503,15.322993822265525,11.318872170884728,0.7902207974742118,0.0,0.0,0.0,-3.959019343022566e-05,-4.0384298542399574e-05,-0.010115762561588654,-0.00017357490008337742,-0.0001768008250308372,-0.020229875956167185,-0.00040193083999471245,-0.00040922494780420716,-0.0303405477972927,-0.0007246180090700205,-0.0007376150210815847,-0.04044598630842199,-0.0011415796861750046,-0.0011619123923425406,-0.050544400640443715,-0.0016527424431871962,-0.0016820414127213293,-0.060634001189046195,-0.002258016158008623,-0.002297909450413109,-0.07071299991186468,-0.002957294030536919,-0.0030094069070898135,-0.08077961064535169,-0.003750452601592057,-0.003816407237322775,-0.09083204942131455,-0.004637351774795339,-0.004718766971008649,-0.10086853478306378,-0.005617834841396763,-0.005716325738794661,-0.11088728810111634,-0.006691728508046396,-0.006808906300498698,-0.12088653388839807,-0.007858842927504786,-0.007996314576519163,-0.130864500114889,-0.009118971732287009,-0.009278339682229063,-0.14081941852165616,-0.01047189207123436,-0.010654753965348223,-0.15074952493421798,-0.011917364649007257,-0.012125313046287013,-0.16065305957518508,-0.013455133768492267,-0.013689755861454395,-0.1705282673761215,-0.015084927376115841,-0.015347804709522683,-0.18037339828857166,-0.016806457110056676,-0.017099165300640783,-0.1901867075941977,-0.018619418351348133,-0.01894352680858715,-0.19996645621397205,-0.020523490277861725,-0.02088056192585331,-0.2097109110163708,-0.02251833592116207,-0.022909926921648116,-0.21941834512451308,-0.024603602226223195,-0.025031261702812467,-0.22908703822219184,-0.026778920113995686,-0.02724418987763372,-0.2387152768587421,-0.029043904546813555,-0.0295483188225485,-0.24830135475269263,-0.031398154596629216,-0.031943239751721975,-0.25784357309414674,-0.03384125351606449,-0.034428527789491466,-0.2673402408458395,-0.036372768812265116,-0.03700374204566133,-0.2767896750428171,-0.03899225232354552,-0.039668425693635954,-0.2861902010906858,-0.04169924029881048,-0.04242210605137695,-0.29554015306237785,-0.04449325347973935,-0.04526429466517009,-0.3048378739933805,-0.04737379718571852,-0.04819448739618734,-0.31408171617537783,-0.050340361401506946,-0.051212164509828545,-0.3232700414482512,-0.05339242086761919,-0.0543167907678269,-0.33240122149038853,-0.05652943517341002,-0.057507815523101954,-0.3414736381072491,-0.05975084885284401,-0.06078467281734327,-0.3504856835181346,-0.06305609148293333,-0.06414678148130759,-0.359435760641114,-0.06644457778482586,-0.06759354523781146,-0.36832228337605255,-0.06991570772752638,-0.07112435280740134,-0.377143676885695
1770565176.3367496,15.317561556559358,11.320202911647328,0.7943223224177791,0.0,0.0,0.0,-3.965809678565048e-05,-4.062163542792157e-05,-0.010115756774041617,-0.0001737813709491984,-0.00017753762901512234,-0.02022985701119999,-0.00040234601902508813,-0.0004107235835809505,-0.030340502021694207,-0.0007253114421106512,-0.0007401379813120432,-0.040445893730220256,-0.0011426202530862076,-0.001165722191145847,-0.050544234995720395,-0.001654198286820781,-0.0016874004791975557,-0.060633729930986424,-0.0022599546133616143,-0.0023050800222286115,-0.07071258422203995,-0.002959781554105132,-0.003018650924154371,-0.08077900544723281,-0.0037535547009464876,-0.0038279862355880085,-0.09083120339601108,-0.00464113293840428,-0.004732941976417172,-0.10086739038728583,-0.005622358468716497,-0.005733357161409375,-0.11088578158735386,-0.006697056839903254,-0.006829053828841591,-0.1208845953273124,-0.007865036976791296,-0.008019837072148928,-0.13086205341991067,-0.009126091214994768,-0.009305495074586778,-0.14081638147578238,-0.010479995337846215,-0.010685799146900269,-0.15074580921900285,-0.01192650861627125,-0.01216050376799433,-0.16064857080191464,-0.013465373851599743,-0.0137293466285971,-0.17052290511916543,-0.015096317421306,-0.015392048677908976,-0.18036705612090279,-0.016819049327669755,-0.017148314173228967,-0.19017927312506977,-0.018633263249349292,-0.018997830732549497,-0.19995781112874583,-0.020538636595857584,-0.020940269390110382,-0.20970093111847785,-0.022534830564931753,-0.02297528465490205,-0.21940690037954608,-0.02462149020278556,-0.025102514572107583,-0.22907399280410967,-0.026798244467234344,-0.027321580787472693,-0.23870048919817743,-0.029064706293681124,-0.029632088614592215,-0.2482846775873491,-0.03142047266395205,-0.03203362710510102,-0.2578248535212724,-0.03386512467796912,-0.03452576912175701,-0.2673193203767622,-0.03639822762824728,-0.037108071414403164,-0.2767663896595279,-0.03901933107720271,-0.039780074698795,-0.28616438130445454,-0.041727968937258615,-0.04254130373827969,-0.2955116239743859,-0.04452365955373411,-0.04539126742831199,-0.3048064553573541,-0.04740590579050159,-0.048329458883792205,-0.31404722246220534,-0.0503741951183974,-0.051355355529210556,-0.3232322819125673,-0.05342799970636985,-0.05446841919158191,-0.33236000023910717,-0.056566776515348645,-0.057668096196154366,-0.34142875417002727,-0.05978996739481883,-0.06095381746487466,-0.35043693091974754,-0.06309699918208224,-0.06432499861759297,-0.3593829284757232,-0.06648728380418854,-0.06778104007598887,-0.3682651558833459,-0.06996021838251813,-0.07132132717020032,-0.3770820335288794
1770565176.3926356,15.312708881239624,11.321789647297178,0.7975882620876618,0.0,0.0,0.0,-3.967324230255482e-05,-4.0763528324869e-05,-0.010115753141237046,-0.00017380677267225608,-0.00017797399916892725,-0.02022984624872836,-0.000402376367589172,-0.0004116072978693732,-0.030340477816436826,-0.0007253409827320269,-0.0007416221350829463,-0.04044584695488928,-0.00114264276028895,-0.0011679600541403188,-0.05054415371194806,-0.0016542070392630167,-0.0016905454414583047,-0.06063359939341562,-0.0022599423687707475,-0.0023092855400080317,-0.07071238688341512,-0.00295974052433119,-0.003024070465836673,-0.08077872096448974,-0.003753476527142697,-0.003834773227639804,-0.09083080863736406,-0.004641008666343947,-0.004741249749380892,-0.1008668594403102,-0.0056221785242552575,-0.005743338895953885,-0.11088508576806193,-0.006696811004595691,-0.006840862501884347,-0.12088370319022021,-0.007864714363670925,-0.008033625403064007,-0.130860930769093,-0.009125680244526332,-0.009321415471513071,-0.14081499137691306,-0.010479483714059188,-0.010704003653164127,-0.15074411201237706,-0.011925883303083409,-0.012181144008660898,-0.16064652411644995,-0.013464621049339638,-0.01375257375716455,-0.1705204638873776,-0.015095422543443083,-0.015418013323159806,-0.18036417259485252,-0.016817996977760888,-0.017177166386252503,-0.19017589689327616,-0.018632037198210306,-0.019029719933949682,-0.19995388913406184,-0.020537219758968505,-0.020975344317412895,-0.20969640767692327,-0.022533204980084234,-0.02301369331017473,-0.21940171720009274,-0.024619637007981046,-0.02514440416980811,-0.22906808900941383,-0.026796143878841393,-0.02736709770253739,-0.23869380134625362,-0.029062337584860234,-0.029681378330779773,-0.24827713969417972,-0.031417814143356336,-0.03208683416360493,-0.25781639708434706,-0.03386215366872906,-0.034583037070100374,-0.26730987439954057,-0.03639492044724769,-0.037169542755629455,-0.27675588067681917,-0.039015663014660064,-0.03984589084096838,-0.28615273340870734,-0.041723914236606735,-0.042611604944308316,-0.29549875884288096,-0.0445191913918261,-0.045466192766107645,-0.304792292280293,-0.04740099625813599,-0.04840914617677965,-0.3140316783716873,-0.050368815201176226,-0.051439941307199706,-0.32321527141244666,-0.053422119265896316,-0.054558038642016055,-0.33234143563572327,-0.056560364270772115,-0.057762883115747385,-0.3414085455037987,-0.059782990904734545,-0.0610539042116502,-0.35041498599762205,-0.06308942482679326,-0.06443051606333845,-0.35935915290447507,-0.06647907676833724,-0.06789211755913696,-0.3682394531037112,-0.06995134263809445,-0.07143809244915061,-0.37705430485052027
1770565176.4378479,15.310694428338358,11.322898627018942,0.7984937352671635,0.0,0.0,0.0,-3.963854875728749e-05,-4.0772908126545576e-05,-0.010115752682028896,-0.00017364928839168995,-0.00017795663209378774,-0.020229847222531686,-0.0004020078331689622,-0.00041152730392891173,-0.030340484448432688,-0.0007246730140373416,-0.000741443909603101,-0.040445865801670096,-0.001141586885951017,-0.0011676482963274297,-0.05054419365913739,-0.0016526747381778416,-0.001690065182897531,-0.06063367165245845,-0.002257845107589458,-0.002308602173085201,-0.07071250498753946,-0.002956989794931463,-0.0030231497720745516,-0.08077890076384076,-0.0037499838840707326,-0.003833581405939799,-0.09083106829331188,-0.004636685764216469,-0.004739753444161213,-0.10086721941893298,-0.00561693715511102,-0.0057415052251752205,-0.11088556883280602,-0.006690563135186001,-0.006838659084954132,-0.12088433439373922,-0.007857372172678696,-0.008031020388610394,-0.13086173744426804,-0.009117156159703202,-0.009318377565019742,-0.14081600312705658,-0.010469690449270277,-0.010700502144457112,-0.1507453607006229,-0.011914733895249293,-0.012177148799238615,-0.16064804385433226,-0.013452028895265155,-0.013748055387362302,-0.17052229102260208,-0.015081301436522615,-0.015412942999140021,-0.18036634569826285,-0.016802261144549798,-0.017171516006812045,-0.19017845674501932,-0.01861460133485224,-0.019023462117135598,-0.199956878708956,-0.020517999067468307,-0.020968452426938,-0.2096998721290321,-0.022512115204416268,-0.023006141481624543,-0.21940570384651037,-0.024596594470022756,-0.025136167336630568,-0.22907264731326465,-0.026771065514121967,-0.027358151621807006,-0.23869898289891173,-0.02903514097811432,-0.029671699608727786,-0.24828299819671248,-0.03138841756387276,-0.03207640028090716,-0.25782298832818795,-0.03383047610548459,-0.0345718264069145,-0.2673172562463964,-0.036360881643815915,-0.03715753461637356,-0.27676411303781717,-0.03897918350388553,-0.03983306547883258,-0.2861618782227875,-0.04168491537503456,-0.042597943585491384,-0.29550888005443954,-0.04447759539387729,-0.04545167763377072,-0.3048034558160834,-0.0473567262300188,-0.048393760514709006,-0.3140439521169842,-0.05032179517452396,-0.05142366940317077,-0.3232287251864798,-0.053372274231122056,-0.05454086585085085,-0.3323561411663877,-0.05650762021013083,-0.05774479588205772,-0.3414245764016481,-0.05972727482508327,-0.06103489009225899,-0.35043241772915246,-0.06303066479203998,-0.06441056374937151,-0.3593780627647055,-0.06641720193156926,-0.06787121689777799,-0.36825992018806936,-0.06988628327337709,-0.07141623446505177,-0.37707641002604014
1770565176.4879556,15.309622699360606,11.323805688966111,0.7986584022977473,0.0,0.0,0.0,-3.957185616686363e-05,-4.0691649267152534e-05,-0.010115754827312898,-0.00017341734284852546,-0.00017766946741381708,-0.02022985590391243,-0.00040151212529845165,-0.00041090971374872976,-0.030340508269086533,-0.0007238151422399882,-0.0007403715637775976,-0.04044591757416991,-0.001140268613153552,-0.001165997116448268,-0.05054429040098912,-0.0016507980485310062,-0.0016877114044264935,-0.06063383458014254,-0.0022553122630953985,-0.0023054224074004733,-0.07071275950905875,-0.0029537033919837144,-0.003019021068411798,-0.08077927646977677,-0.0037458469098897804,-0.0038283813132099186,-0.09083159894639192,-0.004631601653163912,-0.004733360072626683,-0.10086794294211084,-0.005610809844865382,-0.005733797307966986,-0.11088652729585934,-0.006683297122763284,-0.006829516039411019,-0.12088557399838723,-0.007848872570280791,-0.008020322377423082,-0.1308633085078136,-0.009107328750377336,-0.009306005557161382,-0.14081796006455674,-0.010458441742362703,-0.010686337975882698,-0.15074776200559287,-0.011901971181636495,-0.012161075233335327,-0.16065095207798802,-0.013437660302345897,-0.013729956175133045,-0.17052577275164676,-0.015065235982954218,-0.015392702939102484,-0.18037047153122335,-0.016784408794712085,-0.01714902100459567,-0.19018330126713895,-0.01859487305302268,-0.01899859924475891,-0.1999625204656503,-0.02049630687169194,-0.02094110998174883,-0.20970639359791451,-0.02248837222005408,-0.022976209044885773,-0.21941319140799556,-0.02457071498296226,-0.02510353583173412,-0.22908119121975706,-0.026742965023633814,-0.027322713372098822,-0.23870867724258768,-0.029004736249338862,-0.029633348394926776,-0.24829394087590456,-0.0313556266799206,-0.032035031398101016,-0.25783528101238046,-0.03379521851913519,-0.03452733672111558,-0.26733100433984125,-0.036323078228798544,-0.03710982262061794,-0.27677942564177993,-0.038938756605726814,-0.03978203134880568,-0.28617886809643406,-0.041641788861457064,-0.0425434892346636,-0.29552766357437316,-0.04443169470473372,-0.045393706768026544,-0.30482415293454346,-0.04730797842674643,-0.048332178686453404,-0.31406668631871765,-0.05027012898910413,-0.05135838406489659,-0.3232536234442971,-0.05331762011452955,-0.0544717864081512,-0.33238333389541463,-0.056449910380258254,-0.05767183374606745,-0.34145419741228633,-0.059666443314125565,-0.06095795873150941,-0.3504646041787608,-0.06296664749332435,-0.06432957874104281,-0.35941295510801535,-0.06634993664581601,-0.06778609597833382,-0.36829766212634746,-0.06981570975437688,-0.07132689758024069,-0.3771171484550121
1770565176.5876582,15.308941980340768,11.324561192768964,0.7985836175147304,0.0,0.0,0.0,-3.942338485753314e-05,-4.043523098924422e-05,-0.010115761825341199,-0.00017291090875389207,-0.0001767657659649378,-0.020229881768995938,-0.0004004385269253342,-0.00040896805741025874,-0.03034057619631196,-0.0007219656105457422,-0.0007370016507305952,-0.04044606207673017,-0.0011374349538915572,-0.0011608091913877527,-0.05054455729822378,-0.0016467727844300633,-0.0016803164350144828,-0.06063428098157555,-0.002249888775829248,-0.002295432260507551,-0.07071345379443754,-0.0029466760638869336,-0.003006048686097028,-0.08078029826511808,-0.003737011265376391,-0.0038120408883889866,-0.09083303909604072,-0.004620754499805087,-0.004713267224378225,-0.10086990347681965,-0.0055977494140827455,-0.005709569256427147,-0.11088912139689645,-0.00666782321009437,-0.006800771780206399,-0.12088892595768336,-0.00783078667517336,-0.007986682855592323,-0.13086755368415742,-0.009086434215469345,-0.00926709384051578,-0.14082324483585107,-0.010434543892204863,-0.010641779427756386,-0.15075424371718404,-0.01187487746081449,-0.012110497684675668,-0.16065879898708219,-0.01340718041295948,-0.013672990095882106,-0.17053516396782786,-0.015031182021410575,-0.015328981608820576,-0.18038159695308847,-0.016746595387791025,-0.017078180682278156,-0.19019636151506808,-0.018553117493171366,-0.01892027933779768,-0.19997772681072806,-0.020450429251507127,-0.020854953213990047,-0.20972396788702294,-0.022438195565909973,-0.022881861623735684,-0.21943336598509772,-0.02451606538774234,-0.02500064761426502,-0.22910420884339242,-0.026683671778525216,-0.027210938030107483,-0.23873479099960127,-0.02894063197464813,-0.029512343578897822,-0.24832341409143263,-0.03128654745486984,-0.031904458900028194,-0.25786838715611676,-0.033721004010597966,-0.0343868626361339,-0.2673680269286088,-0.03624357181893509,-0.03695911750740018,-0.27682065813843415,-0.038853805518478404,-0.039620770388676896,-0.28622461380512415,-0.0415512442878597,-0.042371352389387676,-0.2955782355321897,-0.04433541192701159,-0.04521037893621914,-0.30487987379958104,-0.047205816941145895,-0.04813734985857591,-0.31412788825458215,-0.050161952627429215,-0.05115174947678618,-0.32332064800108873,-0.05320329716434049,-0.05425304669304235,-0.33245653188721824,-0.0563293137036947,-0.057440695085060604,-0.3415339287912016,-0.05953945046531657,-0.06071413300244302,-0.3505512379055059,-0.06283314083434763,-0.06407278366572525,-0.359506869019139,-0.06620980346116914,-0.06751605526809197,-0.3683992427980839,-0.0696688423639238,-0.07104334107974276,-0.37722679106381657
1770565176.601126,15.308359953129337,11.325248813172376,0.7984780243227529,0.0,0.0,0.0,-3.938694840665221e-05,-4.036728797488565e-05,-0.010115763761672586,-0.00017279602206427802,-0.00017651881863012454,-0.020229888674879133,-0.0004002032462780508,-0.0004084310973993284,-0.030340593990608785,-0.0007215680965143335,-0.0007360637695445389,-0.040446099561924104,-0.0011368335055356542,-0.001159359627261308,-0.05054462615738366,-0.0016459258734482815,-0.0016782446197510224,-0.060634395774303435,-0.0022487550806606347,-0.002292627866258702,-0.07071363195180194,-0.002945214503750238,-0.00300240167207397,-0.08078056008357376,-0.0037351810342364394,-0.0038074415474923864,-0.0908334077303367,-0.004618515100255575,-0.004707606229733803,-0.10087040493189732,-0.005595060691134766,-0.005702737707813866,-0.11088978451877995,-0.006664645384860037,-0.006792661250364324,-0.12088978242336451,-0.007827080378433892,-0.007977185436397203,-0.13086863799047802,-0.00908216052111702,-0.009256102189007447,-0.14082459428738536,-0.01042966435054828,-0.010629186812008105,-0.15075589841312467,-0.011869354131736615,-0.012096198029491606,-0.16066080180713296,-0.013400975898917979,-0.013656878028310115,-0.1705375605571073,-0.015024259500269973,-0.015310952503467572,-0.1803844357060478,-0.0167389186454763,-0.01705813070641537,-0.19019969355842817,-0.018544650956132603,-0.018898105496243135,-0.19998160598543963,-0.020441138018984912,-0.0208305533937557,-0.20972845072925506,-0.022428045441991278,-0.022855134638426644,-0.2194385117062594,-0.024505022913196655,-0.02497149324821842,-0.22911007930919267,-0.026671704262410813,-0.027179257082258535,-0.2387414507081531,-0.028927707525678303,-0.029478037906360787,-0.24833093015040694,-0.03127263501252914,-0.03186743146137988,-0.25787682925895195,-0.03370607337599842,-0.0343470175343876,-0.2673774673297826,-0.03622759368540251,-0.0369163600326578,-0.2768311716278043,-0.03883675150185891,-0.039575007060447365,-0.28623627768134413,-0.04153308695653677,-0.04232249099855948,-0.29559112957520745,-0.044316124831623824,-0.04515832858667525,-0.3048940802422272,-0.04718537464399596,-0.048082021008439224,-0.3141434917532559,-0.050140330731574416,-0.05109305397928381,-0.32333773560554857,-0.05318047234235544,-0.054190897836977066,-0.3324751930094861,-0.05630526372609682,-0.05737500763487796,-0.3415542551735882,-0.059514154228645026,-0.06064482323788275,-0.3505733235877662,-0.06280657838888652,-0.06399976942104553,-0.35953081030476614,-0.06618195603830591,-0.06743925597085544,-0.3684251382197508,-0.06963969240313371,-0.07096267778915305,-0.3772547413479742
1770565176.643479,15.30818140022904,11.325803977356694,0.7981014130387295,0.0,0.0,0.0,-3.93489510678176e-05,-4.025796013949179e-05,-0.010115766637034163,-0.00017267753697426677,-0.00017615805281002322,-0.020229898285253525,-0.0003999619477110339,-0.00040767677214780787,-0.030340617674663617,-0.0007211618632135349,-0.0007347738100427949,-0.04044614813487714,-0.0011362204604460165,-0.0011573920632216691,-0.05054471390731308,-0.001645064423386583,-0.0016754576432821229,-0.06063454045723564,-0.002247603955910399,-0.0022888798896766364,-0.07071385478557814,-0.002943732797568791,-0.002997551385643479,-0.08078088574049694,-0.003733328242261498,-0.003801347977082147,-0.09083386432860098,-0.004616251159798764,-0.004700128794369902,-0.10087102402580182,-0.005592346020349498,-0.005693736277115587,-0.11089060108772986,-0.0066614409217712126,-0.006781996201846376,-0.12089083485966216,-0.007823347619816918,-0.007964717712622579,-0.13086996808590728,-0.009077861561213676,-0.009241693354575121,-0.14082624721859277,-0.010424761919607006,-0.01061269911035983,-0.15075792272580127,-0.01186381163436483,-0.012077494439522095,-0.16066324939900084,-0.013394757452234094,-0.013635822320764978,-0.17054048665971555,-0.015017329971842812,-0.015287409297113377,-0.18038789886538245,-0.016731243691039694,-0.017031965523966314,-0.1902037556143414,-0.01853619705706297,-0.018869184820028823,-0.19998633204990365,-0.020431872519529704,-0.020798744721114593,-0.20973390916344622,-0.022417936586236233,-0.022820306536809866,-0.21944477409647878,-0.02449403988175988,-0.024933515409988588,-0.22911722044162947,-0.026659817208851723,-0.027138000379168442,-0.23874954854249744,-0.02891488761260963,-0.02943337444369676,-0.24834006579231904,-0.03125885444742017,-0.03181923463175483,-0.257887086931395,-0.0336913054466578,-0.0342951620711687,-0.2673889343432269,-0.03621181279512893,-0.036860722063014016,-0.27684393834931037,-0.03881993320424827,-0.039515464158001966,-0.2862504375025334,-0.04151520798993418,-0.04225892223563292,-0.2956067788791285,-0.04429716315320924,-0.04509061458610374,-0.30491131836912666,-0.0471653094634921,-0.04801004399495461,-0.3141624209652628,-0.05011914254456581,-0.051016697830440244,-0.3233584610502819,-0.05315814296320751,-0.05411004813361034,-0.3324978226825945,-0.05628177632046405,-0.05728955171108326,-0.34157889988023266,-0.0594894933455573,-0.060554650230496804,-0.3506000969030553,-0.06278072999240294,-0.06390477031861921,-0.35955982853315427,-0.06615490753872533,-0.06733932366210309,-0.3684565203534107,-0.06961143268775151,-0.07085770711086477,-0.37728860902415434
1770565176.694739,15.309186686866695,11.325977956134395,0.7969221476233753,0.0,0.0,0.0,-3.931392007583102e-05,-4.008543818567798e-05,-0.01011577114979909,-0.00017259717868405798,-0.00017561464697635003,-0.020229912063948217,-0.0003998263292449386,-0.00040656394035778944,-0.03034064941110291,-0.0007209614534687933,-0.0007328929021328642,-0.040446210456672516,-0.001135946168354954,-0.0011545443930077847,-0.05054482337363707,-0.0016447076360775008,-0.0016714445606104428,-0.06063471755320504,-0.0022471565767560576,-0.00228350285243909,-0.07071412391525758,-0.0029431872841093965,-0.002990612031739073,-0.08078127521852455,-0.003732677643989125,-0.00379264819630486,-0.09083440637043834,-0.004615489155790186,-0.004689470800204047,-0.10087175473661088,-0.005591466956734427,-0.005680922678419536,-0.11089156044987954,-0.006660439849022987,-0.00676683007440558,-0.12089206671886808,-0.00782222032985273,-0.00794700267055284,-0.13087152013600814,-0.009076604624291454,-0.009221233621557131,-0.14082817098496742,-0.01042337272100614,-0.010589299590685991,-0.15076027354743074,-0.011862288410837963,-0.012050960788936754,-0.16066608640918031,-0.013393099328217266,-0.013605961017079175,-0.17054387276542093,-0.015015536995411303,-0.01525402771057534,-0.1803919007252973,-0.016729316869596958,-0.016994871987368928,-0.19020844361554975,-0.01853413839275014,-0.018828188698535423,-0.19999178028325515,-0.02042968504434321,-0.020753656481784462,-0.2097401953975997,-0.022415624396841128,-0.022770937817804898,-0.21945197975063135,-0.024491608173986573,-0.024879679089442674,-0.2291254305569383,-0.02665727231186389,-0.027079510643701194,-0.23875885175220152,-0.028912237022731112,-0.0293700468565533,-0.2483505542905691,-0.031256106861608825,-0.03175088620055342,-0.25789885644079963,-0.033688470795614316,-0.03422161131523815,-0.26740208408112337,-0.036208902276028715,-0.03678178908030284,-0.2768585709927692,-0.038816959313084584,-0.03943097069154141,-0.2862666591521059,-0.041512184553460875,-0.04216869173953604,-0.29562469902134664,-0.04429410536047145,-0.0449944722910829,-0.30493104983776514,-0.04716223389693343,-0.04790781697333979,-0.3141840799013742,-0.05011606721070057,-0.050908215060680766,-0.3233821668610144,-0.05315508732284682,-0.05399514056424264,-0.33252369799880416,-0.05627876131848457,-0.05716805232414759,-0.3416070705129004,-0.059486541440201546,-0.06042639410438571,-0.350630691798521,-0.06277786518410026,-0.06376959469034102,-0.35959297972717924,-0.06615215539842277,-0.06719706798894344,-0.368492362924081,-0.06960882038474381,-0.07070821313142973,-0.37732728104363716
1770565176.7477827,15.310867646761494,11.325789387880192,0.7954297559827781,0.0,0.0,0.0,-3.933886279609337e-05,-4.003218601139024e-05,-0.010115772502535102,-0.00017271632872454062,-0.00017548574427977574,-0.02022991442721425,-0.00040010916888979175,-0.0004063367485059189,-0.030340651578280586,-0.0007214776624701988,-0.0007325445380251502,-0.04044621035723354,-0.0011367656036857356,-0.0011540517249399535,-0.05054481807394877,-0.0016459003116574664,-0.0016707842041867975,-0.06063470325763871,-0.0022487926431570327,-0.00228265116653545,-0.0707140959675993,-0.002945337008243917,-0.002989545114518487,-0.08078122810368817,-0.0037354113887877525,-0.0037913418812882157,-0.09083433371648014,-0.004618877359872417,-0.0046879006523976915,-0.10087164931704534,-0.0055955801140781585,-0.005679063990502007,-0.11089141418629567,-0.006665348488637506,-0.006764657862975538,-0.12089187068384552,-0.007827994995460183,-0.00794449167244028,-0.13087126455633233,-0.009083315854021763,-0.00921835829019993,-0.140827845245143,-0.01043109102711031,-0.010586034092573844,-0.15075986619349224,-0.011871084259424729,-0.012047279000124528,-0.16066558515279897,-0.013403043119018016,-0.013601836519771706,-0.17054326448830676,-0.015026699041578216,-0.015249433789785662,-0.18039117148389516,-0.01674176737753926,-0.01698978162765193,-0.1902075786460283,-0.01854794744201342,-0.018822574580798897,-0.1999907640067869,-0.020444922567536647,-0.020747490980179483,-0.20973901142593143,-0.022432360159617557,-0.02276419299669749,-0.219450610891943,-0.024509911755080244,-0.02487232670046865,-0.22912385882198877,-0.02667721308319076,-0.027071522122906064,-0.23875705836075994,-0.028933884129556553,-0.029361393321619144,-0.24834851967812985,-0.03127952920278752,-0.03174153844811454,-0.25789656026557906,-0.03371373700390718,-0.03421153981828736,-0.2673995052313369,-0.03623608069850162,-0.03677096398569022,-0.27685568759418616,-0.03884611799159365,-0.03941936181756721,-0.28626344857588076,-0.04154339120522904,-0.04215626857363963,-0.29562113789212424,-0.04432742735876113,-0.04498120398762945,-0.30492711404205786,-0.04719773825181982,-0.047893672351506315,-0.31417974459620857,-0.05015382054995042,-0.05089316260244338,-0.3233774064828455,-0.05319515587290722,-0.05397914841246656,-0.3325184862726947,-0.05632121088558635,-0.05715108828078158,-0.3416013804619627,-0.05953143739158201,-0.06040842562876258,-0.35062449575361876,-0.06282527242934968,-0.06375058889758572,-0.35958624933688704,-0.06620213837095922,-0.06717699164849043,-0.36848506916489865,-0.0696614430234209,-0.07068703266565095,-0.37731939423045624
1770565176.781105,15.313554502334988,11.324844249886327,0.7936880384031485,0.0,0.0,0.0,-3.937520835879284e-05,-4.004534501328471e-05,-0.010115772157371201,-0.0001728416773764407,-0.0001755416929593409,-0.020229912183127807,-0.0004003762367104368,-0.0004064649962510252,-0.03034064434320692,-0.0007219392005340901,-0.0007327744532418053,-0.04044619350186281,-0.0011374743745041444,-0.001154412515389283,-0.050544785433326495,-0.001646909065626789,-0.0016713048973589608,-0.060634647133305665,-0.00225015409502033,-0.0022833605900664795,-0.07071400713027008,-0.002947103813572275,-0.0029904718766560314,-0.08078109579646783,-0.003737636120488097,-0.0037925143514121545,-0.09083414565861803,-0.0046216124847284,-0.004689346941601577,-0.10087139170822504,-0.005598877969330742,-0.005680811932241275,-0.1108910717114601,-0.0066692612586118334,-0.006766734993788417,-0.12089142651855588,-0.007832574688245343,-0.007946925212747305,-0.1308707003726593,-0.009088614278210016,-0.009221175125187948,-0.14082714121808892,-0.01043715976860234,-0.0105892607531704,-0.15075900100794237,-0.01187797465830747,-0.012050941644068454,-0.1606645360110001,-0.013410806246521582,-0.013605960912785759,-0.17054200711787115,-0.015035385677118424,-0.015254045286857015,-0.18038968014632784,-0.01675142798585226,-0.01699490515442628,-0.19020582614577516,-0.018558632150388867,-0.018828234615093944,-0.19998872170080167,-0.020456681143155863,-0.020753711533623515,-0.20973664923375854,-0.0224452419870031,-0.02277099759649874,-0.21944789730631398,-0.024523965813663243,-0.024879738371321097,-0.22912076091992928,-0.026692487925002405,-0.027079563369037326,-0.2387535418152046,-0.02895042785705002,-0.029370086108985994,-0.2483445487700416,-0.03129738944679666,-0.03175090418675168,-0.25789209789657014,-0.03373296090174818,-0.03422159934481492,-0.26739451293678773,-0.03625671487222393,-0.03678173754598543,-0.2768501255568593,-0.03886820852638624,-0.03943086904960581,-0.28625727564002534,-0.04156698362798829,-0.04216852849051229,-0.29561431157806833,-0.04435256661682625,-0.044994234960738566,-0.3049195905612841,-0.04722446869188212,-0.04790749209394863,-0.31417147886690927,-0.050182185897142184,-0.0509077881525835,-0.3233683521459532,-0.05322519921007633,-0.053994596117706725,-0.33250859570838404,-0.05635297463276256,-0.05716737378153282,-0.3415906048066187,-0.05956496328564067,-0.060425563842622355,-0.3506127849172679,-0.06286060150387886,-0.06376859400372717,-0.35957355202108565,-0.06623931093633592,-0.06719587707226818,-0.36847133288107464,-0.06970049864710212,-0.07070681106342852,-0.37730456531869855
1770565176.8379455,15.313774906624527,11.324541218497174,0.7937706655027641,0.0,0.0,0.0,-3.9528331314603944e-05,-4.021238313745763e-05,-0.010115767032531127,-0.0001733556938939262,-0.000176117331604198,-0.020229892941855086,-0.0004014588912832416,-0.0004076904660828337,-0.030340593560058367,-0.0007237980964322622,-0.0007348905310446662,-0.040446085323461105,-0.001140316858720772,-0.001157659402027309,-0.05054458558724411,-0.001650942113916718,-0.0016759220958880508,-0.0606343129399138,-0.002255584197065005,-0.002289586784031153,-0.07071348751754963,-0.0029541368583047125,-0.0029985448086067407,-0.0807803313177784,-0.003746477281611954,-0.0038026707016784395,-0.09083306851342031,-0.004632466106465064,-0.00470182220735637,-0.10086992576575124,-0.005611947452428292,-0.0056958403068915935,-0.11088913253732602,-0.006684748946649673,-0.006784549246727594,-0.12088892140430767,-0.007850681754268217,-0.007967756569503838,-0.13086752836824722,-0.009109540611725055,-0.009245253148005934,-0.14082319316725944,-0.010461103862972661,-0.010616813222056432,-0.15075415958653926,-0.011905133498575797,-0.012082194438339734,-0.16065867576816453,-0.013441375197697203,-0.013641137893154073,-0.17053499452012985,-0.015069558372960715,-0.01529336817808306,-0.18038137362455758,-0.016789396218183865,-0.01703859342857874,-0.19019607614503142,-0.018600585758971496,-0.0188765053754475,-0.19997737073299812,-0.020502807906161546,-0.020806779399229904,-0.20972353193318355,-0.02249572751211353,-0.022829074587464714,-0.21943284048796935,-0.024578993429829762,-0.024943033794827058,-0.22910358364067598,-0.02675223857489896,-0.027148283706130167,-0.2387340554376992,-0.02901507999025127,-0.029444434902179517,-0.24832255702944658,-0.03136711891371323,-0.03183108192846775,-0.2578673969700203,-0.03380794084835087,-0.034307803366698315,-0.2673668915155946,-0.036337115635588474,-0.036874161909125173,-0.2768193649214341,-0.03895419753109005,-0.03952970443569543,-0.2862231497375012,-0.0416587252833903,-0.042273962093981404,-0.2955765871026002,-0.04445022221526096,-0.045106450381887785,-0.30487802703700656,-0.04732819630779842,-0.04802666923311961,-0.31412582873352896,-0.05029214028721761,-0.05103410310539572,-0.32331836084695376,-0.053341531714336914,-0.054128221071392285,-0.3324540017818201,-0.05647583307673832,-0.05730847691240029,-0.34153113997847523,-0.05969449188358652,-0.06057430921468043,-0.35054817419735923,-0.06299694076309036,-0.06392514146849862,-0.3595035138014697,-0.06638259756258912,-0.06736038216982425,-0.36839557903695563,-0.06985086545124643,-0.07087942492467367,-0.37722280131179153
1770565176.883116,15.311525829153833,11.32461205035848,0.7959489111121502,0.0,0.0,0.0,-3.96709565751834e-05,-4.0466003709767724e-05,-0.010115759765626764,-0.00017380928284210472,-0.000176912465625959,-0.020229868566797905,-0.0004023913878070354,-0.00040931501747012175,-0.0303405336390035,-0.0007253769399544863,-0.0007376322823790815,-0.040445962828147775,-0.0011427088743961233,-0.0011618058822391486,-0.0505443649082153,-0.0016543134029857374,-0.0016817604480338626,-0.06063394989877266,-0.0022601000273984777,-0.002297403633203441,-0.07071292938224936,-0.002959961555172023,-0.003008626130013557,-0.08077951682094166,-0.003753774118706861,-0.003815301688930559,-0.09083192787368327,-0.0046413971972222925,-0.004717287140999682,-0.10086838071212668,-0.005622673641664277,-0.005714422423222292,-0.11088709633657896,-0.00669742970256071,-0.006806530606927668,-0.12088629889133638,-0.007865475060819178,-0.007993417929134291,-0.13086421597946163,-0.009126602861461747,-0.009274873826895066,-0.1408190789769479,-0.0104805897502908,-0.010650670974620413,-0.1507491233462143,-0.011927195913479436,-0.012120565324372615,-0.160652588948877,-0.01346616512007937,-0.013684296149124227,-0.1705277203577403,-0.015097224767438862,-0.01534158608897295,-0.18037276716795303,-0.016820085929522593,-0.01709214120030475,-0.19018598430727449,-0.018634443408124885,-0.01893565100789647,-0.19996563234539502,-0.020539975786967268,-0.020871788559948756,-0.20970997780225686,-0.022536345488670763,-0.022900210486039543,-0.21941729345532013,-0.024623198834592738,-0.02502055705798774,-0.22908585864571956,-0.026800166107517807,-0.02723245225361644,-0.2387139595832579,-0.02906686161719166,-0.029535503823404332,-0.24829988965018185,-0.03142288376868608,-0.031929303360013365,-0.25784194970368657,-0.03386781513358323,-0.03441342637068057,-0.26733844837709514,-0.03640122252396643,-0.03698743235246098,-0.27678770237966005,-0.03902265706920434,-0.03965086487030851,-0.2861880367949326,-0.04173165429551507,-0.042403251637980824,-0.29553778537764863,-0.04452773420829588,-0.04524410460175383,-0.30483529084907657,-0.047410401377204064,-0.0481729200269311,-0.3140789051907765,-0.05037914502397391,-0.05118917858713278,-0.323266989936718,-0.053433439112954104,-0.054292345456348194,-0.33239791646370415,-0.05657274244434951,-0.05748187040373578,-0.3414700662800515,-0.05979649875015097,-0.0607571878911536,-0.3504818313124738,-0.06310413679273595,-0.06411771717340323,-0.35943161419111924,-0.06649507046612252,-0.06756286240116895,-0.36831782853271033,-0.06996869889985895,-0.0710920127266344,-0.37713889922173643
1770565176.9294338,15.306532769800716,11.325948272348343,0.7996057484754068,0.0,0.0,0.0,-3.973500620341835e-05,-4.064255453624078e-05,-0.01011575465235994,-0.0001740175871018431,-0.0001774869527722003,-0.020229852008466696,-0.00040282375654615164,-0.00041050896772074834,-0.030340493598968732,-0.0007261127203842912,-0.0007396672702757135,-0.040445881569012125,-0.0011438268837152168,-0.0011649034365609455,-0.05054421899793164,-0.0016558918611303053,-0.001686141958319136,-0.06063371021877571,-0.0022622164899404277,-0.0023032902563385536,-0.07071256113760853,-0.00296269284638632,-0.003016238696915298,-0.0807789795525323,-0.0037571962648293815,-0.00382486061134816,-0.09083117547237322,-0.004645585359919481,-0.004729012318462601,-0.10086736143497427,-0.0056277020517358205,-0.005728533150159866,-0.1108857528250382,-0.006703371593896413,-0.0068232454799866775,-0.12088456819146451,-0.00787240260463114,-0.008012954754720428,-0.13086202956412363,-0.0091345871008129,-0.00929744952896426,-0.1408163627700121,-0.010489700534940749,-0.010676501502745883,-0.15074579774873267,-0.011937501835068537,-0.012149865562113437,-0.16064856886724302,-0.013477733447671827,-0.013717279822721175,-0.1705229152338172,-0.015110121383445583,-0.015378465676397243,-0.18036708101116405,-0.01683437526602443,-0.01713312784068526,-0.19017931572864685,-0.018650188383616803,-0.018980954411350847,-0.19995787459354855,-0.02055723774354385,-0.020921616917843864,-0.20970101880132752,-0.022555184129673403,-0.022954770381706416,-0.21940701584480848,-0.024643672162738686,-0.02508005337791623,-0.2290741398222535,-0.026822330363531204,-0.027297088099154588,-0.23870067174425855,-0.02909077121895648,-0.029605480422987294,-0.24828489983942098,-0.03144859125094085,-0.03200481998194675,-0.2578251198587233,-0.033895371088177174,-0.03449468023650273,-0.2673196353785796,-0.03643067554069665,-0.037074618550908794,-0.2767667581024902,-0.039054053677253425,-0.03974417627191096,-0.2861648081612513,-0.04176503890550839,-0.042502878810304554,-0.2955121144116663,-0.04456314905499764,-0.045350235725324685,-0.30480701473370503,-0.04744788646287118,-0.048285740811855535,-0.3140478563260588,-0.05041873806238633,-0.051308872190442764,-0.3232329960000384,-0.05347517547414028,-0.05441909240009312,-0.3323608004717628,-0.05661665510002552,-0.057615848493844705,-0.3414296466525864,-0.059842618219891355,-0.06089857213709094,-0.35043792193771367,-0.06315249109089456,-0.06426667970864079,-0.3593840244929494,-0.06654568504952109,-0.06771957240449707,-0.36826636353953385,-0.07002159661626119,-0.07125663634433468,-0.3770833596370117
1770565176.9839659,15.301544618595564,11.327920732877944,0.8026214391509562,0.0,0.0,0.0,-3.9711647232291816e-05,-4.069805138115403e-05,-0.010115753119093357,-0.0001739336440281701,-0.00017764920506564287,-0.020229848432355722,-0.0004026417429695737,-0.00041082947466807143,-0.030340487190727017,-0.0007257948926835732,-0.0007401977598605264,-0.04044587125988088,-0.001143335245143185,-0.0011656958536820964,-0.05054420344001527,-0.0016551881659553974,-0.0016872484528907337,-0.060633687785476856,-0.0022612622476345856,-0.0023047631713556207,-0.07071252992416242,-0.0029614493258589437,-0.003018130556487649,-0.08077893737664034,-0.003755624498707057,-0.0038272241087051063,-0.09083111987493549,-0.004643646148871181,-0.004731900303931092,-0.1008672896809209,-0.00562535596884328,-0.005731998619118665,-0.11088566190425937,-0.006700578989069353,-0.006827341560799196,-0.12088445481983875,-0.007869123609067032,-0.008017734696648834,-0.13086189018464425,-0.009130781631500913,-0.009302966690067466,-0.14081619355401137,-0.01048532829920958,-0.010682809337764046,-0.1507455945972035,-0.011932522335177725,-0.012157017610341596,-0.16064832741225774,-0.013472105985446233,-0.013725329695874637,-0.1705226308400431,-0.01510380506495264,-0.015387467046471337,-0.18036674877747524,-0.01682732900629381,-0.0171431344278121,-0.1901789304898321,-0.018642370911402095,-0.018992019971655717,-0.19995743092211443,-0.020548607606125868,-0.020933795231303825,-0.20970051100939674,-0.022545699697704712,-0.022968115240013794,-0.2194064379861125,-0.02463329163512895,-0.025094618572349566,-0.2290734856942193,-0.02681101177237291,-0.027312927408459666,-0.23869993489018856,-0.02907847243449063,-0.029622647601270886,-0.24828407355076615,-0.03143526998656215,-0.032023368746585644,-0.25782419717744803,-0.03388098490547836,-0.034514664256070665,-0.2673186090996185,-0.036415181854551344,-0.03709609143312391,-0.2767656207762957,-0.0390374097609372,-0.03976719155160629,-0.28616355209643146,-0.04174720189585748,-0.04252748993742422,-0.29551073167771236,-0.044544075957604894,-0.04537649605294835,-0.3048054971638075,-0.047427534157318624,-0.04831370358425362,-0.3140461955200119,-0.050397063307514006,-0.051338590531165094,-0.32323118332723155,-0.05345213491335076,-0.05445061930009347,-0.33235882707425884,-0.05659220526662354,-0.057649236799643816,-0.34142750344828543,-0.05981671554245816,-0.060933874538980554,-0.3504355996236015,-0.06312509189869629,-0.0643039487289312,-0.3593815135484303,-0.06651674557795077,-0.06775886038581075,-0.3682636542298461,-0.0699910730123137,-0.07129799543794839,-0.3770804420167255
1770565177.08982,15.298385864200432,11.329935347566758,0.8037655788572737,0.0,0.0,0.0,-3.952203479290341e-05,-4.0460010669329266e-05,-0.010115759872672036,-0.0001733088321209709,-0.0001768236940826097,-0.020229873946305175,-0.0004013362372928649,-0.00040906745091232754,-0.030340554692494262,-0.000723563439903463,-0.0007371507363644975,-0.04044601518962691,-0.0011399329810465285,-0.0011610160673443896,-0.05054446943869699,-0.00165037076346977,-0.001680589032615865,-0.06063413267895504,-0.0022547860646705007,-0.0022957783059525255,-0.07071322170333989,-0.0029530715529295713,-0.003006475662278349,-0.08077995517363559,-0.0037451033062807604,-0.003812555996794966,-0.0908325539352982,-0.004630740834412252,-0.0047138773470921875,-0.10086924133189645,-0.0056098271034963395,-0.005710280918237878,-0.11088824351911108,-0.006682188563942967,-0.006801591110842755,-0.12088778977823707,-0.007847635181072201,-0.007987615552095128,-0.13086611282913346,-0.009105960468700207,-0.009268145129760109,-0.14082144914256556,-0.010456941525632804,-0.010642954029137286,-0.15075203925188402,-0.011900339075060157,-0.012111799772970337,-0.16065612806398621,-0.013435897506845599,-0.01367442326430148,-0.17053196516950436,-0.015063344922701163,-0.015330548832263266,-0.18037780515216595,-0.016782393184241837,-0.017079884280799568,-0.1901919078972719,-0.01859273796390997,-0.018922120940307142,-0.19997253889923736,-0.020494058798760952,-0.02085693372218868,-0.20971796956814157,-0.022486019147100574,-0.022883981176307716,-0.219426477535232,-0.02456826644796406,-0.025002905551335136,-0.22909634695732892,-0.026740432183426314,-0.02721333285797676,-0.23872586882007682,-0.029002131943732346,-0.02951487293507075,-0.248313341239989,-0.03135296549523631,-0.03190711951854313,-0.2578570697652315,-0.03379251685113721,-0.03438965031320931,-0.26735536767509405,-0.036320354344998834,-0.036962027067408885,-0.2768065562780944,-0.038936030707040686,-0.03962379565046047,-0.28620896520866357,-0.04163908314318679,-0.04237448613292303,-0.2955609327223598,-0.04442903341685799,-0.0452136128696493,-0.3048608059895585,-0.04730538793349367,-0.048140674585616806,-0.3141069413875671,-0.050267637827787676,-0.05115515446452128,-0.32329770479111236,-0.053315259053623186,-0.054256520240116665,-0.33243147186114913,-0.056447712476690545,-0.05744422429028583,-0.34150662833193973,-0.05966444396977172,-0.06071770373382509,-0.3505215702963529,-0.06296488451067464,-0.06407638052992566,-0.35947470448933216,-0.06634845028279983,-0.06751966158033426,-0.3683644485694829,-0.06981454277832191,-0.071046938834175,-0.37718923139872945
1770565177.1224144,15.296993980968635,11.331051981432532,0.8040408282232959,0.0,0.0,0.0,-3.947219007665946e-05,-4.036248812908578e-05,-0.010115762552588699,-0.00017314885228531738,-0.0001764951485191503,-0.020229883290533972,-0.00040100597049449245,-0.0004083744025891165,-0.030340578338344228,-0.0007230029175166693,-0.000735959784474704,-0.040446064424733176,-0.0011390824622739093,-0.0011591939481655862,-0.05054455919714389,-0.0016491707798919671,-0.0016780026776197798,-0.06063428153611079,-0.0022531774647211395,-0.0022922948998534832,-0.07071345186940428,-0.0029509955462815353,-0.003001962701004049,-0.08078029248590222,-0.0037425015081299744,-0.003806881345363271,-0.09083302784913347,-0.004627555309645169,-0.004706909297377615,-0.10086988491043765,-0.005606000410727355,-0.005701888246611514,-0.11088909342168614,-0.006677663799408016,-0.00679164313566934,-0.12088888624750928,-0.007842356022364832,-0.007975982191071115,-0.13086749967697442,-0.00909987121833646,-0.009254696957076501,-0.14082317373466,-0.010449987154431269,-0.010627562332451141,-0.15075415249107077,-0.01189246526532362,-0.012094336610168847,-0.16065868437233966,-0.013427050695330758,-0.013654761520042595,-0.17053502246916089,-0.015053472343362927,-0.015308562274276892,-0.18038142484490088,-0.016771442910738777,-0.01705544761593341,-0.19019615484283203,-0.01858065895185758,-0.018895109870301335,-0.1999774813924349,-0.020480800927719384,-0.020827224999163445,-0.20972367931471544,-0.022471533262283648,-0.022851452657948287,-0.21943302962648326,-0.024552504401656364,-0.024967436255758337,-0.2291038198435365,-0.026723346876095292,-0.027174803018263652,-0.23873434428270116,-0.028983677364822383,-0.02947316405344988,-0.24832290436267043,-0.03133309676363186,-0.03186211442020896,-0.2578678089035916,-0.03377119025528212,-0.03434123319976053,-0.2673673744253476,-0.03629752738265909,-0.0369100835698914,-0.2768199254444801,-0.038911662124697904,-0.039568212881999916,-0.28622379476970283,-0.041613132975049885,-0.04231515274093184,-0.2955773237959522,-0.0444014630234805,-0.04515041908759333,-0.3048788627969229,-0.04727616003998437,-0.04807351228432684,-0.31412677121603827,-0.05023671656160219,-0.051083917203034526,-0.3233194179558031,-0.053282609981924405,-0.05418110331603391,-0.33245518166548804,-0.05641330264326578,-0.057364524789629515,-0.3415324510270949,-0.05962824193149465,-0.060633620580384184,-0.35054962503955256,-0.06292686037350016,-0.06398781453407304,-0.35950511330109325,-0.06630857573728012,-0.06742651548730244,-0.36839733628975896,-0.06977279113463208,-0.07094911737177635,-0.3772247256419896
1770565177.1377025,15.295985264777165,11.332134088582649,0.8039674372646476,0.0,0.0,0.0,-3.9448116638400936e-05,-4.030354245615913e-05,-0.010115764171377172,-0.00017307177252798384,-0.00017629908330520127,-0.020229888744416172,-0.00040084704017565205,-0.00040796304373876306,-0.03034059186208339,-0.0007227334049160661,-0.0007352549905524255,-0.040446092270120554,-0.0011386737720493199,-0.001158117643269039,-0.050544609630857426,-0.0016485944768996064,-0.0016764768842301176,-0.060634364836863006,-0.0022524052977931034,-0.0022902417716535303,-0.07071358032438005,-0.002949999471952784,-0.002999304555655175,-0.08078048038648754,-0.003741253714307368,-0.0038035406972318354,-0.09083329148593612,-0.004626028239211082,-0.0047028088902018525,-0.10087024256760124,-0.005604166785070411,-0.005696951086099755,-0.11088956537049899,-0.006675496641873511,-0.006785792522020476,-0.12088949473930974,-0.007839828681617414,-0.007969141751408226,-0.1308682689353546,-0.009096957391627676,-0.009246790677784613,-0.14082412994696994,-0.010446660910764596,-0.010618514591410062,-0.15075532379922527,-0.011888701068509647,-0.012084072208872103,-0.16066010086293017,-0.01342282342692518,-0.013643205715593477,-0.17053671616287525,-0.015048757325480057,-0.01529564081125267,-0.18038342968525342,-0.016766215928733334,-0.017041086758108816,-0.19019850668420718,-0.018574896276867495,-0.018879236432222425,-0.19998021798744747,-0.020474479339062452,-0.020809766377563012,-0.209726840300891,-0.022464630069700856,-0.022832336862994,-0.2194366565122618,-0.024544997467394775,-0.02494659194212488,-0.22910795599360356,-0.026715214636823414,-0.02715215951602011,-0.2387390349026498,-0.028974898853370977,-0.02944865139875374,-0.2483281964829986,-0.03132365163055317,-0.03183566338579805,-0.25787375136303864,-0.03376105879022066,-0.034312775325234385,-0.2673740178535748,-0.03628669053552694,-0.036879551191773434,-0.27682732224409956,-0.0389001015266478,-0.03953553916357207,-0.28623199909765945,-0.041600830959239256,-0.042280271701833134,-0.2955863915442637,-0.04438840264561966,-0.045113265633174096,-0.30488885157278317,-0.04726232509866223,-0.048034022234750215,-0.3141377403212892,-0.05022209161838281,-0.0510420273221171,-0.3233314283657802,-0.05326718038120781,-0.05413675133981723,-0.33246829600724576,-0.056397054531906576,-0.05731764945467441,-0.3415467335570171,-0.05961116227817186,-0.060584161651779864,-0.35056514162035435,-0.06290893698783201,-0.06393571283315298,-0.35952193137822025,-0.06628979728867733,-0.06737171291905916,-0.3684155248671902,-0.0697531471708835,-0.07089155695196725,-0.3772443552574505
1770565177.1824663,15.297590359697592,11.33338548146901,0.8011109494578618,0.0,0.0,0.0,-3.9413793748648843e-05,-4.0187872696613664e-05,-0.010115767207924347,-0.00017296495052209748,-0.0001759218653754081,-0.02022989869479412,-0.00040062978051618836,-0.0004071783158345656,-0.030340616072208802,-0.0007223680457269378,-0.0007339167659629691,-0.040446141552077736,-0.0011381229670256664,-0.0011560799688540347,-0.050544698259212234,-0.0016478212341425895,-0.0016735938988715522,-0.060634510543757174,-0.002251373018557113,-0.0022863677646657657,-0.07071380429340719,-0.0029486719892925627,-0.002994294025137399,-0.0807808072453524,-0.0037395953316125825,-0.0037972484083468308,-0.09083374929789906,-0.004624003768615899,-0.004695089933365084,-0.10087086282171018,-0.005601741585725659,-0.005687660935062789,-0.11089038297061132,-0.0066726366580690515,-0.006774787091832766,-0.12089054799190724,-0.007836500480742373,-0.007956277456241355,-0.13086959953615435,-0.009093128201956223,-0.009231924488603086,-0.140825782966335,-0.010442298659055023,-0.010601504093472809,-0.15075734766637874,-0.011883774417404503,-0.012064775659048867,-0.16066254734897703,-0.0134173018121403,-0.013621482099480343,-0.17053964036263616,-0.015042610992770388,-0.015271349900070995,-0.1803868899979156,-0.016759415970623442,-0.017014089165371928,-0.19020256479279718,-0.018567414669134804,-0.01884939367015447,-0.1999849388371315,-0.020466288976961216,-0.020776940913254393,-0.2097322920761083,-0.022455704803915018,-0.02279639217427798,-0.21944291061269727,-0.024535312139707874,-0.02490739257315988,-0.22911508700900599,-0.026704745115493818,-0.027109571132562425,-0.2387471205865022,-0.028963622068200728,-0.029402540843105337,-0.24833731772504777,-0.03131154560763891,-0.03178589873141436,-0.25788399216069124,-0.03374810268637502,-0.034259225930976904,-0.267385465282167,-0.03627286467235908,-0.03682208775579221,-0.2768400664260492,-0.03888538742429167,-0.039474033776803044,-0.28624613317050757,-0.04158521136971829,-0.04221459790109564,-0.2956020116276149,-0.04437186158583681,-0.04504329845385368,-0.30490605673415305,-0.04724484788300421,-0.047959638263052204,-0.3141566325408682,-0.05020366489092759,-0.05096310474687639,-0.32335211250012275,-0.05324779214752447,-0.05405317000384985,-0.332490879751895,-0.0563766941904367,-0.057229290905656635,-0.3415713274080746,-0.0595898206511819,-0.060490909192640586,-0.35059185883500504,-0.06288660635192593,-0.06383745157196533,-0.35955088793422313,-0.06626647140485917,-0.06726832981841743,-0.3684468394213458,-0.06972882131415942,-0.07078294087783531,-0.37727814910305574
1770565177.2285633,15.300895965184203,11.333907859402519,0.7972829660377423,0.0,0.0,0.0,-3.942154886942785e-05,-4.010517524280545e-05,-0.010115769175716157,-0.00017299244278949502,-0.00017565180029195201,-0.020229904584725338,-0.0004006892666897931,-0.00040661601805010107,-0.030340629591915635,-0.000722472071468513,-0.0007329572104968149,-0.04044616816124166,-0.0011382843810098491,-0.001154618005823462,-0.05054474516770053,-0.0016480532021045156,-0.0016715242885110698,-0.06063458670914794,-0.0022516890372716353,-0.002283585212349357,-0.07071392041789938,-0.00294908590047974,-0.0029906932163946496,-0.08078097577206172,-0.003740121335764135,-0.003792724043863893,-0.09083398440654075,-0.0046246564387373455,-0.004689536763961426,-0.10087118042366973,-0.005602535880988864,-0.005680973796634686,-0.11089080070340449,-0.006673587937369934,-0.006766860940254513,-0.12089108521303076,-0.00783762451615855,-0.007947007402215163,-0.13087027731632905,-0.009094441192099387,-0.009221205832448672,-0.14082662408214291,-0.010443817242312858,-0.010589232359847687,-0.1507583765922965,-0.011885515685067013,-0.012050846631590364,-0.1606637902488071,-0.01341928332140539,-0.0136057918553604,-0.17054112508033875,-0.015044850779623618,-0.01525379484445482,-0.18038864604784333,-0.01676193256258688,-0.0169945660657716,-0.19020462334933505,-0.018570227097879935,-0.01882779969066862,-0.19998733272374505,-0.02046941679078092,-0.020753173648685116,-0.20973505575380286,-0.022459168080049614,-0.02277034968411616,-0.2194460801678911,-0.024539131496520324,-0.02487897341543014,-0.2291187001408208,-0.026708941724489163,-0.027078674397518977,-0.2387512165934743,-0.028968217665884935,-0.02936906618676999,-0.2483419374912632,-0.03131656250721225,-0.031749746408948044,-0.2578891781413487,-0.033753563789255266,-0.03422029682987605,-0.2673912614885726,-0.03627879347952971,-0.03678028342890141,-0.27684651841004637,-0.038891808047470444,-0.039429256475135496,-0.2862532880083469,-0.0415921485423415,-0.04216675060645278,-0.2956099179032678,-0.044379340673854656,-0.04499228491123564,-0.30491476452207394,-0.04725289489548266,-0.0479053630128507,-0.31416619338820917,-0.05021230649045229,-0.050905473156841616,-0.3233625794084064,-0.053257055660402224,-0.05399208830082319,-0.33250230715814905,-0.05638660761669008,-0.05716466620706092,-0.3415837711654345,-0.059600412674332644,-0.060422649537719676,-0.35060537619278886,-0.06289790634856285,-0.06376546595276501,-0.3595655375174846,-0.0662785094539863,-0.0671925282104995,-0.3684626812099102,-0.06974162820632027,-0.07070323427071684,-0.3772952444100449
1770565177.2840738,15.304849048578337,11.333505722093035,0.7937320199530907,0.0,0.0,0.0,-3.949865713916538e-05,-4.015450536680144e-05,-0.010115767464168864,-0.00017323409005384904,-0.0001757961080169928,-0.020229898210351486,-0.0004011829733682814,-0.00040690075119358696,-0.030340613113598734,-0.0007233054091006282,-0.000733427585724526,-0.040446133649824946,-0.0011395449336812403,-0.0011553189772082499,-0.05054468220865897,-0.0016498285278848713,-0.0016725005161518686,-0.060634482406134546,-0.0022540666296751166,-0.0022848810310601574,-0.0707137593971649,-0.0029521531499588105,-0.002992352604473064,-0.08078074018774664,-0.0037439654912476195,-0.003794790591948921,-0.09083365394683814,-0.0046293645692235385,-0.004692053643990012,-0.10087073231785727,-0.005608194837204497,-0.005683983730906634,-0.11089020972974403,-0.006680284313505786,-0.006770406170615296,-0.12089032370753307,-0.007845444611692476,-0.007951129659366151,-0.1308693151823817,-0.009103470973717505,-0.009225946305394257,-0.14082542880099866,-0.010454142305939622,-0.01059463166548875,-0.15075691323441925,-0.011897221218014849,-0.012056944784473516,-0.1606620214860729,-0.013432454064654582,-0.013612628237592366,-0.17053901119908807,-0.015059570990243047,-0.015261408175791313,-0.18038614496278155,-0.01677828597630623,-0.01700299437388997,-0.19020169061827752,-0.018588296891823904,-0.018837080281633563,-0.19998392156320255,-0.020489285546375958,-0.02076334307761661,-0.20973111705540354,-0.022480917746113663,-0.02278144372606882,-0.21944156251563474,-0.024562843352545976,-0.024891027036493093,-0.22911354982916035,-0.02673469634413062,-0.02709172172614529,-0.23874537764622047,-0.028996094880659077,-0.029383140485344687,-0.24833535168130685,-0.03134664137042412,-0.03176488004560362,-0.2578817850111958,-0.03378592254015816,-0.034236521250564395,-0.26738299837168633,-0.036313509507730005,-0.03679762912973093,-0.276837320452991,-0.03892895785758733,-0.039447752974982195,-0.28624308819372724,-0.041631807718931595,-0.042186426419853984,-0.2955986470734584,-0.044421583846611476,-0.045013167521575026,-0.30490235140373145,-0.04729779570472086,-0.04792747884584309,-0.31415256461756197,-0.05025993755288651,-0.05092884755432611,-0.3233476595573141,-0.053307488535230256,-0.05401674549487294,-0.3324860187609257,-0.056439912771990064,-0.0571906292944179,-0.34156603474642766,-0.059656659453783935,-0.060449940454562756,-0.3505861102947078,-0.0629571629385,-0.06379410544981935,-0.3595446587304698,-0.06634084285079563,-0.06722253582849548,-0.36844010420133677,-0.06980710418418837,-0.07073462831620642,-0.3772708819550516
1770565177.3360736,15.306796201933977,11.332529683729106,0.7927609049613802,0.0,0.0,0.0,-3.9541883934333376e-05,-4.022414549581561e-05,-0.010115765511442212,-0.00017337183240673628,-0.00017600342742027576,-0.02022989165271457,-0.0004014664193891116,-0.00040731378838207313,-0.03034059705795602,-0.0007237856163501903,-0.00073411434543296,-0.040446100963787854,-0.0011402727993056175,-0.0011563473972683194,-0.05054462352295338,-0.0016508547587909376,-0.0016739384343898954,-0.06063438611779622,-0.0022554417127557246,-0.0022867961522288933,-0.07071361167352211,-0.002953927322376579,-0.0029948124672271323,-0.08078052497118879,-0.003746188710786219,-0.0037978625358734324,-0.09083335296036928,-0.004632086484715355,-0.004695804776691865,-0.10087032507143302,-0.005611464759043539,-0.005688480895178004,-0.11088967352739015,-0.006684151184254673,-0.006775715911678792,-0.12088963365524394,-0.007849956976792331,-0.007957318192211097,-0.1308684441967965,-0.009108676952309543,-0.009233079482213535,-0.14082434761885307,-0.010460089561807207,-0.010602774943225623,-0.15075559042277023,-0.011903956930654751,-0.01206616319248781,-0.16066042345329357,-0.013440024900486148,-0.01362298634545536,-0.17053710220663024,-0.015068023073963953,-0.015272970061218676,-0.18038388713770234,-0.016787664862403465,-0.017015823590822012,-0.19019904396652712,-0.018598647536248562,-0.018851239828472068,-0.19998084398366947,-0.02050065227839043,-0.02077889536562746,-0.20972756435471354,-0.022493344240319707,-0.022798450547959575,-0.21943748842369978,-0.024576372601102184,-0.024909549535174665,-0.22910890601547332,-0.026749370629167674,-0.02711182036368678,-0.2387401137368913,-0.029011955746901186,-0.029404875012130443,-0.24832941527683566,-0.03136372959802496,-0.03178830946970146,-0.2578751217049784,-0.033804278117759615,-0.03426170380731398,-0.267375551769247,-0.03633317160575189,-0.036824622251561114,-0.2768290321919376,-0.038949964801756304,-0.039476613261466204,-0.2862338979644235,-0.041654196964057325,-0.042217209608011196,-0.29558849264040754,-0.04444539195061814,-0.045045928456428005,-0.3048911686276659,-0.047323058302941944,-0.047962271451238554,-0.314140287478233,-0.05028668933263079,-0.0509657248040284,-0.3233342201769757,-0.0533357632106269,-0.05405575938393851,-0.33247134742850587,-0.05646974305912054,-0.05723183081085919,-0.3415500599423814,-0.05968807704610847,-0.0604933795513099,-0.35056875871654497,-0.06299019848258626,-0.06383983101698798,-0.35952585531895065,-0.06637552592235715,-0.06727059566596881,-0.36841977216732885,-0.0698434632644402,-0.07078506910653982,-0.3772489428070406
1770565177.3875976,15.305866447624554,11.332081142905524,0.7941392000943851,0.0,0.0,0.0,-3.9594552580406936e-05,-4.0331892873488196e-05,-0.010115762492685244,-0.00017353886247564263,-0.00017633122645278605,-0.02022988177954337,-0.00040180928551524994,-0.00040797401313832037,-0.030340573221172604,-0.0007243655336576298,-0.0007352193890143421,-0.04044605278301551,-0.0011411506820988783,-0.001158009621059376,-0.05054453735015241,-0.0016520911793171844,-0.00167627011733323,-0.06063424504193253,-0.0022570968600510205,-0.002289909440138767,-0.07071339552638745,-0.002956060961208827,-0.0029988193221561097,-0.08078021033437112,-0.003748860140707395,-0.003802874685546448,-0.09083291317337136,-0.004635354499235614,-0.004701933664022058,-0.10086973024093718,-0.005615387604939742,-0.005695837627878649,-0.11088889053766672,-0.006688786521025862,-0.006784411211985628,-0.1208886261797007,-0.007855361836274628,-0.007967462346729327,-0.13086717271066603,-0.009114907698462927,-0.009244782291903746,-0.14082276941301464,-0.010467201850686569,-0.010616145673542817,-0.1507536596187026,-0.011912005670577595,-0.012081310523687728,-0.16065809101915493,-0.013449064212409247,-0.01364001832308222,-0.17053431597446067,-0.015078106252081227,-0.015291994046788392,-0.18038059182174465,-0.016798844334977286,-0.01703694621271496,-0.19019518118266093,-0.018610974826686652,-0.018874566933049324,-0.19997635226995358,-0.02051417796658042,-0.020804531968584478,-0.20972237919303116,-0.022508117924233444,-0.022826500785931132,-0.21943154226250067,-0.024592442858681663,-0.024940116617604917,-0.2291021282936071,-0.026766784980504575,-0.027145006524978102,-0.23873243090852556,-0.02903076061672181,-0.029440781464084763,-0.24832075083745214,-0.0313839702784923,-0.031827036354267674,-0.2578653962184405,-0.033825998731604245,-0.03430335014965494,-0.26736468289593157,-0.036356415069743284,-0.03686928591345363,-0.276816934717923,-0.03897477279052604,-0.039524390895047425,-0.2862204838317271,-0.04168060987428568,-0.04226819660988466,-0.29557367097826365,-0.0444734488655953,-0.04510021892214245,-0.3048748457848368,-0.047352796957515174,-0.048019958130152696,-0.3141223670563437,-0.05031814607854865,-0.05102689905457453,-0.3233146030648641,-0.05336897298229151,-0.05412051112929794,-0.3324499318375789,-0.056504739339759,-0.057300248495062225,-0.34152674144296824,-0.05972489183437406,-0.0605655500957731,-0.3505434302752366,-0.06302886225960033,-0.06391583977750123,-0.3594984073369174,-0.06641606761920224,-0.06735052639014467,-0.3683900925196044,-0.06988591023011491,-0.07086900389173757,-0.3772169168827626
1770565177.432335,15.301746326745858,11.331705444083678,0.7986350197949269,0.0,0.0,0.0,-3.960756945427967e-05,-4.037661925455881e-05,-0.010115761230160083,-0.0001735829697137611,-0.00017647340343446809,-0.02022987776112702,-0.0004019024333684693,-0.0004082664284303531,-0.030340563618726432,-0.0007245255335146157,-0.0007357148718683962,-0.04044603343458022,-0.001141395190893274,-0.0011587610203188463,-0.05054450276137104,-0.0016524376839695688,-0.00167733027948719,-0.06063418838794416,-0.002257562661950596,-0.0022913311873861866,-0.07071330865419106,-0.002956663160739774,-0.0030006554304864356,-0.08078008376565905,-0.0037496156218248134,-0.0038051778628426344,-0.09083273610783155,-0.004636279914095968,-0.004704756528192139,-0.1008694905600234,-0.005616499358590706,-0.0056992326850219275,-0.11088857480883572,-0.006690100756160451,-0.00678843083459955,-0.12088821966111525,-0.007856894418054488,-0.007972158751963101,-0.1308666593563625,-0.009116674199415642,-0.009250207519864745,-0.14082213187853376,-0.01046921753568181,-0.010622351565661811,-0.1507528792671822,-0.011914285481886952,-0.012088348701148947,-0.16065714792788247,-0.013451622754854514,-0.013647940165324252,-0.1705331889418844,-0.015080957778275943,-0.015300850670081906,-0.18037925837494134,-0.016802002730666274,-0.0170467884488232,-0.19019361758525796,-0.018614453596188286,-0.01888544530797733,-0.1999745335305037,-0.020517990218336345,-0.02081649668142294,-0.2097202790738374,-0.022512276356470396,-0.02283960168780079,-0.2194291332888892,-0.024596959745190078,-0.02495440319070734,-0.22909938176364558,-0.026771672156538587,-0.027160527861758738,-0.23872931690318436,-0.02903602946502525,-0.02945758624651404,-0.24831723823120574,-0.031389631715455245,-0.031845172833245936,-0.25786145269030625,-0.033832063193554654,-0.034322866124546984,-0.2673602749409429,-0.03636289249937825,-0.03689022871175858,-0.27681202765903423,-0.03898167262348707,-0.0395468073522096,-0.28621504183214613,-0.041687941025882455,-0.04229213304925108,-0.2955676570542101,-0.044481219717682347,-0.045125721135072676,-0.30486822181872136,-0.04736101534552573,-0.048047071356286455,-0.31411509381036573,-0.0503268192786901,-0.05105566796226282,-0.3233066401950237,-0.053378107698906656,-0.05415097979620292,-0.3324412379080998,-0.05651434169285735,-0.05733246038893157,-0.34151727394112735,-0.059734967347337437,-0.06059954805539404,-0.350533145626597,-0.06303941584706682,-0.06395166599383975,-0.3594872609209598,-0.06642710357513266,-0.06738822238767518,-0.3683780386857536,-0.06989743221604591,-0.07090861050996827,-0.3772039089668044
1770565177.5371153,15.29640067810538,11.332304551471317,0.8033815610477656,0.0,0.0,0.0,-3.956725004165294e-05,-4.036777851605341e-05,-0.010115761750485508,-0.00017346849560625417,-0.0001764834261984196,-0.02022987933693305,-0.00040167989320270716,-0.0004083231062363597,-0.03034056689206295,-0.0007241609468324664,-0.0007358460796603799,-0.04044603915424212,-0.0011408545151399862,-0.0011589947125355822,-0.050544511782710806,-0.0016516868215022686,-0.001677694486138187,-0.06063420167264674,-0.002256567467055732,-0.0022918540101134373,-0.07071332727001109,-0.0029553894466580913,-0.0030013650386125474,-0.08078010888612047,-0.0037480291677824467,-0.0038061024894058652,-0.09083276901188976,-0.00463434647234023,-0.0047059244659688575,-0.10086953263168993,-0.0056141846614291575,-0.005700672282537022,-0.11088862753676562,-0.006687370523001833,-0.006790170492125314,-0.12088828463815712,-0.007853714362450097,-0.007974226917507127,-0.13086673827907155,-0.009113010036099736,-0.009252632685147349,-0.14082222654664786,-0.01046503498760962,-0.010625162262083534,-0.15075299158306085,-0.011909550287268884,-0.012091573495748655,-0.16065727989590933,-0.013446300674185134,-0.013651607656728388,-0.17053334266783307,-0.015075014601356327,-0.015304989484445423,-0.1803794360653047,-0.016795404283618295,-0.01705142723576271,-0.19019382154654146,-0.01860716574845946,-0.018890612736497035,-0.19997476616848237,-0.02050997888969379,-0.02082222143583388,-0.20972054289277706,-0.02250350752398253,-0.02284591246363394,-0.21942943089073214,-0.024587399450194645,-0.024961328690621117,-0.22909971584716055,-0.026761286511595594,-0.02716809679144149,-0.23872969026308144,-0.029024784660853432,-0.029465827310582025,-0.24831765375721623,-0.03137749402785067,-0.03185411473113738,-0.2578619133662277,-0.033818998990290075,-0.03433253754641276,-0.26736078384364964,-0.0363488682470818,-0.03690065833435006,-0.2768125879574536,-0.03896665489449895,-0.039558023834764255,-0.2862156567862008,-0.041671896505088235,-0.042304165029376374,-0.2955683300137266,-0.04446411520932146,-0.04513859722462879,-0.30486895622230503,-0.047342817779973886,-0.048060820137268465,-0.3141158931842428,-0.050307495719214154,-0.051070317982682814,-0.3233075081518502,-0.05335762534839067,-0.0541665595659727,-0.33244217814573823,-0.05649266790049843,-0.05734899837574643,-0.3415182902413908,-0.05971206961531004,-0.060617072680618216,-0.3505342418539617,-0.06301526183715418,-0.06397020562839412,-0.3594884410212459,-0.06640166111532406,-0.06740780534792773,-0.36837930668477475,-0.06987066930709832,-0.070929265053628,-0.3772052689689866
1770565177.566165,15.293918278780401,11.333056419861254,0.8051120919828094,0.0,0.0,0.0,-3.955765326872311e-05,-4.035957752885311e-05,-0.010115762054740352,-0.0001734387254515308,-0.0001764599312956373,-0.020229880348087925,-0.00040161937790640894,-0.0004082772347029736,-0.030340569344301616,-0.0007240591244428395,-0.0007357707633840846,-0.04044604411304483,-0.0011407008384691894,-0.0011588829023922314,-0.050544520644495175,-0.0016514707630777789,-0.0016775391563719948,-0.06063421616429171,-0.00225627852406585,-0.002291648162710609,-0.07071334944826405,-0.002955017145890129,-0.0030011017076670174,-0.08078014113688772,-0.00374756307055218,-0.0038057747454758152,-0.09083281404941057,-0.004633776179411205,-0.004705525420422698,-0.10086959349759425,-0.005613499817920432,-0.005700195091887514,-0.11088870759901585,-0.006686560823282756,-0.00678960836235052,-0.12088838758987419,-0.007852769555020709,-0.00797357310835687,-0.13086686813724546,-0.00911191992845539,-0.009251880514433888,-0.14082238765073324,-0.010463789451088437,-0.010624305109955127,-0.15075318859345785,-0.011908139261880628,-0.012090604808944732,-0.16065751779233006,-0.013444714173420141,-0.01365052095281502,-0.17053362674755437,-0.015073242716973077,-0.015303778356029807,-0.18037977194130733,-0.016793437190408277,-0.01705008535468538,-0.19019421514553642,-0.01860499370898793,-0.018889133858000524,-0.19997522372882487,-0.02050759225901508,-0.02082059940270653,-0.20972107096226866,-0.022500896754328502,-0.02284414121032764,-0.21943003632431146,-0.024584555095635004,-0.024959402247341677,-0.22910040580448357,-0.02675819923266865,-0.027166009288210384,-0.2387304722059916,-0.029021445229165995,-0.029463572981268286,-0.2483185354471053,-0.03137389333064575,-0.031851687917458384,-0.25786290286128793,-0.033815128034981046,-0.03432993270190267,-0.2673618894960181,-0.03634471816575173,-0.03689787002829472,-0.27681381841024927,-0.038962216948363784,-0.039555046756101296,-0.2862170209704553,-0.041667162088922495,-0.04230099399055933,-0.2955698371452094,-0.044459075855845256,-0.04513522716545404,-0.3048706157982439,-0.047337465164199836,-0.048057246128663786,-0.3141177149799406,-0.050301821662753085,-0.05106653523045639,-0.32330950221719845,-0.05335162182371469,-0.054162563414521414,-0.33244435480162876,-0.056486327035160246,-0.05734478431172225,-0.3415206600760265,-0.05970538369611722,-0.060612636336551534,-0.350536815719067,-0.06300822331429715,-0.06396554278627296,-0.3594912300281781,-0.06639426260645653,-0.06740291194273167,-0.3683823222005378,-0.06986290360136918,-0.07092413717681556,-0.37720852261214716
1770565177.5898821,15.291577982822437,11.333878354460344,0.8066304533416857,0.0,0.0,0.0,-3.954848888686771e-05,-4.035073928422961e-05,-0.010115762375458798,-0.0001734104453156293,-0.00017643369833298176,-0.020229881405540575,-0.0004015620362582502,-0.0004082250606217918,-0.03034057190205375,-0.0007239627861352649,-0.0007356841166555996,-0.04044604928195859,-0.0011405555839599018,-0.0011587532711541614,-0.050544529882354264,-0.0016512666934184327,-0.00167735805321788,-0.06063423127530349,-0.0022560057658849706,-0.00229140712947226,-0.07071337258243927,-0.002954665856368413,-0.0030007923201886624,-0.08078017478929794,-0.0037471234423887235,-0.003805388618378526,-0.0908328610593235,-0.004633238445779215,-0.00470505421185767,-0.10086965704748731,-0.005612854257410981,-0.0056996305082767885,-0.11088879121346804,-0.0066857977648351295,-0.0067889421631137335,-0.12088849513433675,-0.007851879382837918,-0.007972797110622619,-0.13086700381669158,-0.00911089308690341,-0.0092509865977343,-0.1408225560081871,-0.010462616449577739,-0.01062328522090225,-0.15075339450840342,-0.011906810679728588,-0.012089450965887316,-0.16065776647900018,-0.013443220664692893,-0.013649225250474333,-0.17053392375310042,-0.015071575015305403,-0.015302332970113066,-0.18038012314385002,-0.016791586113800123,-0.017048482546475438,-0.19019462675209828,-0.018602950164576137,-0.01888736597892041,-0.19997570227314493,-0.020505347247818936,-0.020818658898857516,-0.2097216233024998,-0.022498441375967737,-0.02284202062699942,-0.21943066964060134,-0.024581880553018798,-0.02495709423349332,-0.22910112759643939,-0.02675529683665433,-0.027163506600920744,-0.23873129029002965,-0.029018306403186027,-0.029460868490154467,-0.24831945795368585,-0.031370509615301655,-0.03184877460906098,-0.25786393823203635,-0.03381149109260289,-0.034326803684036414,-0.26736304648073267,-0.03634081978492185,-0.03689451853436327,-0.27681510606379706,-0.03895804904840342,-0.039551466149374784,-0.2862184486495561,-0.04166271672433997,-0.04229717776841343,-0.2955714145051092,-0.0444543452207444,-0.04513116896356925,-0.3048723527892789,-0.04733244159664737,-0.048052939725183645,-0.3141196218439917,-0.05029649764910362,-0.051061974550103355,-0.3233115894840386,-0.05334599000289211,-0.054157742532669105,-0.3324466332851629,-0.05648038020289414,-0.057339697458422906,-0.3415231408704256,-0.05969911480913311,-0.06060727790051736,-0.3505395101947975,-0.0630016254944593,-0.06395990731881016,-0.35949414982792727,-0.06638732914486208,-0.06739699416162592,-0.368385479235036,-0.06985562796239228,-0.07091793197016787,-0.3772119290558893
1770565177.639078,15.28834483299141,11.335420428097455,0.8083215295356,0.0,0.0,0.0,-3.9533369558961675e-05,-4.033352561990537e-05,-0.010115762817918176,-0.00017335429928339938,-0.00017636168083998106,-0.020229883442871827,-0.0004014389642170003,-0.000408060689655047,-0.030340577880980536,-0.0007237469125569228,-0.000735389901016764,-0.04044606274269687,-0.0011402210727889468,-0.001158291796003928,-0.05054455555737212,-0.0016507877637541156,-0.0016766919979680286,-0.06063427508766,-0.002255356707645096,-0.002290499285652285,-0.07071344164370283,-0.0029538210459299583,-0.0029996056092818353,-0.08078027739704463,-0.0037460573582005783,-0.0038038861096222607,-0.09083300669421611,-0.004631925683942324,-0.00470319914000306,-0.10086985636993583,-0.005611269547221194,-0.005697386291302202,-0.11088905605987252,-0.006683915984284056,-0.0067862724198873535,-0.12088883851291349,-0.00784967557406711,-0.007969665678508847,-0.13086743990288366,-0.0091083424716072,-0.009247357550138929,-0.1408231001396607,-0.01045969444435007,-0.010619122884751343,-0.15075406317963105,-0.011903492911349196,-0.012084719939034762,-0.16065857733543232,-0.013439482985348217,-0.013643890419033008,-0.1705348955849271,-0.015067393517739596,-0.015296359525704623,-0.18038127587935407,-0.016786937146391588,-0.01704183600339371,-0.19019598145060188,-0.018597810346334988,-0.01888001219120346,-0.1999772811175514,-0.020499693483300857,-0.020810564077263387,-0.20972344959143266,-0.022492250870099678,-0.02283315135588064,-0.21943276778014256,-0.024575130825832008,-0.024947417487565304,-0.22910352309146928,-0.026747965737920244,-0.027152989761919134,-0.2387340097351704,-0.02901037212695052,-0.02944947936337666,-0.24832252902385127,-0.03136195071431324,-0.031836481439786936,-0.2578673896725904,-0.03380228649263045,-0.03431357517382402,-0.26736690809725916,-0.03633094879895753,-0.03688032385721342,-0.27681940871148336,-0.03894749139074625,-0.039536274967761534,-0.28622322422219393,-0.04165145252455601,-0.04228096024917448,-0.29557669592371494,-0.04444235503749903,-0.045113895793652076,-0.30487817399033657,-0.04731970643140548,-0.048034582127242695,-0.31412601776732224,-0.050282998959693466,-0.051042504297943686,-0.3233185960602979,-0.053331709716928674,-0.05413713196653192,-0.33245428742297245,-0.05646530073105778,-0.057317919500108484,-0.34153148044313913,-0.059683219058299444,-0.06058430606834087,-0.3505485740269066,-0.06298489688067617,-0.06393571574238598,-0.35950397768111053,-0.06636975160616958,-0.067371557596476,-0.3683961117938547,-0.06983718597148186,-0.07089122581214986,-0.3772234079131333
1770565177.6754727,15.28795764324713,11.336914694477006,0.8072144529003265,0.0,0.0,0.0,-3.953163331108557e-05,-4.03332106875755e-05,-0.010115762856263368,-0.00017334276515733083,-0.00017633920492430026,-0.020229883939172837,-0.00040140954416987163,-0.00040799425330315076,-0.030340579818342477,-0.0007236914988118476,-0.0007352577605486241,-0.040446067667355076,-0.0011401315445147774,-0.001158072272674933,-0.05054456557812922,-0.0016506559937443238,-0.001676363487116909,-0.060634292875124465,-0.0022551745689936716,-0.0022900402658318306,-0.07071347042932924,-0.002953580418702224,-0.0029989946513698587,-0.08078032097197584,-0.0037457501360968217,-0.003803101885910257,-0.09083306940792768,-0.004631543780952149,-0.004702220433260029,-0.10086994312868311,-0.005610804904266495,-0.005696192003811099,-0.11088917232494068,-0.006683360575848523,-0.006784841582451636,-0.12088899029867105,-0.007849021414810184,-0.007967977459426602,-0.1308676337746401,-0.00910758162296038,-0.009245391264142068,-0.14082334321132858,-0.010458819021093513,-0.010616858001907354,-0.15075436311119328,-0.011902495088166523,-0.012082136093608527,-0.16065894233021538,-0.013438355003357457,-0.0136409674183062,-0.17053533438668084,-0.015066127690998226,-0.015293077358750202,-0.18038179776913876,-0.016785525868373584,-0.017038174849803044,-0.19019659624348365,-0.01859624609637789,-0.018875952429763636,-0.19997799915910655,-0.020497968833020744,-0.020806086294582245,-0.2097242817540621,-0.022490358489772096,-0.02282823635495712,-0.21943372545919715,-0.024573063490736777,-0.02494204629630265,-0.2291046182011871,-0.026745716334648152,-0.02714714364157861,-0.2387352547044273,-0.029007933659669922,-0.029443139816969315,-0.24832393679172549,-0.03135931631099455,-0.0318296302204011,-0.2578689736837425,-0.03379944941122655,-0.03430619429288612,-0.2673686822971289,-0.03632790243353812,-0.03687239559267986,-0.276821387541304,-0.03894422927758425,-0.03952778187223914,-0.28622542261382594,-0.04164796834816397,-0.042271885157967384,-0.29557912929430047,-0.0444386426366137,-0.04510422183273265,-0.3048808582367758,-0.04731575980491859,-0.04802429272114422,-0.3141289692605731,-0.05027881227252682,-0.051031583177572594,-0.32332183163950085,-0.053327277305851684,-0.05412556317689732,-0.33245782438940197,-0.056460617110445574,-0.0573056874079667,-0.3415353365539831,-0.05967827892582964,-0.06057139536975292,-0.35055276748887576,-0.06297969512296256,-0.06392211147018564,-0.35950852714387926,-0.06636428330433085,-0.06735724512764653,-0.36840103634333515,-0.06983144640664352,-0.07087619087510695,-0.3772287270645847
1770565177.7482243,15.288691095096404,11.337801400065297,0.8055942954627625,0.0,0.0,0.0,-3.952450422785459e-05,-4.030432089127717e-05,-0.010115763384272183,-0.00017331174841594765,-0.00017620167283440062,-0.020229886628549774,-0.00040133785354285,-0.0004076684253763761,-0.03034058812261059,-0.0007235623403417671,-0.0007346641134432943,-0.0404460868589763,-0.0011399281364309916,-0.0011571314444682834,-0.05054460274663819,-0.0016503615863672464,-0.0016749963084836382,-0.06063435692462154,-0.0022547724646201457,-0.0022881677911753455,-0.07071357207533333,-0.0029530539914654867,-0.002996538189897706,-0.08078047273763794,-0.003745082851794582,-0.0037999830326452396,-0.09083328561960613,-0.004630719216836306,-0.004698361099978519,-0.10087023991088158,-0.005609806768788031,-0.005691514449900077,-0.1108895675946105,-0.006682172728351134,-0.0067792684456760115,-0.12088950375887912,-0.007847627885166193,-0.007961431786598375,-0.13086828690760427,-0.009105966631142532,-0.009237796541682927,-0.14082415927082212,-0.010456966996676236,-0.010608138186296344,-0.15075536711432072,-0.011900390689750276,-0.012072215641706402,-0.16066016104856168,-0.013435983137909805,-0.013629771317548157,-0.17053679633683627,-0.015063473533105293,-0.01528053115719869,-0.18038353320260217,-0.016782574879395582,-0.017024204686052397,-0.19019863713594648,-0.018592984043502406,-0.018860485062688285,-0.19998037919912073,-0.020494381808207555,-0.020789049132920318,-0.2097270363310947,-0.022486432928583246,-0.022809557486721296,-0.219436891651075,-0.024568786191045723,-0.024921654518010143,-0.22910823476093453,-0.026741074475221827,-0.027124968487292202,-0.23873936204650076,-0.029002914818617522,-0.02941911158714144,-0.2483285769776485,-0.031353908484076994,-0.03180368001051298,-0.2578741904071449,-0.03379364103002051,-0.03427825402187403,-0.2673745208681939,-0.03632168238344864,-0.036842398031140616,-0.2768278948706282,-0.03893758691569987,-0.039495660670407065,-0.2862326471956953,-0.04164089352094852,-0.04223757487345487,-0.2955871211893876,-0.04443112569742876,-0.04506765795802666,-0.30488966905426274,-0.047307791631370846,-0.047985411710851106,-0.31413865213970443,-0.05027038428363443,-0.05099032247540352,-0.32333244123057225,-0.0533183814790239,-0.05408186124238686,-0.3324694168341889,-0.05645124599826993,-0.057259483742917096,-0.341547969465615,-0.059668425672661014,-0.060522630544396556,-0.3505664999311611,-0.0629693534813085,-0.06387072714905848,-0.3595234196100871,-0.0663534476510276,-0.0673031840951651,-0.3684171507344384,-0.06982011175881728,-0.07081939706084188,-0.3772461266669715
1770565177.7949157,15.290271262996574,11.33837766021,0.8034378674178901,0.0,0.0,0.0,-3.951833547588068e-05,-4.0252556864340176e-05,-0.010115764442722571,-0.00017329108550984959,-0.00017603274925185586,-0.02022989028055828,-0.0004012944688050507,-0.00040731691045643,-0.03034059729399608,-0.0007234881182301313,-0.0007340645638135935,-0.04044610586528315,-0.0011398150879243889,-0.001156218429824952,-0.05054463729166101,-0.0016502018633209937,-0.0016737044362401328,-0.06063441409844077,-0.0022545583740865246,-0.0022864317310944803,-0.07071366035186205,-0.0029527780099745313,-0.0029942926987001953,-0.08078060197168078,-0.0037447376395903483,-0.0037971629785881213,-0.09083346704343075,-0.004630297632063845,-0.004694901487396826,-0.10087048613030386,-0.005609301881626294,-0.005687350443705128,-0.11088989258459438,-0.006681577835087056,-0.006774335395803719,-0.12088992285865227,-0.00784693652220521,-0.007955665252400958,-0.13086881681529083,-0.00910517258895081,-0.009231132316257464,-0.14082481803759403,-0.0104560643336499,-0.01060051232074356,-0.15075617413806902,-0.01189937374600695,-0.012063564469313177,-0.1606611370670896,-0.013434846548997783,-0.013620031477887205,-0.1705379634205758,-0.015062212243625696,-0.015269639620138888,-0.1803849147468562,-0.016781184156532868,-0.017012098775673282,-0.1902002578526582,-0.01859145949045862,-0.018847102481092254,-0.19998226510817305,-0.02049271937753575,-0.020774327983936088,-0.20972921475114126,-0.022484628935415488,-0.022793436299492188,-0.21943939118990577,-0.02456683732621119,-0.02490407227046084,-0.22911108530537844,-0.02673897781825044,-0.027105864629467586,-0.23874259475186768,-0.029000667850624676,-0.0293984260644112,-0.2483322242567138,-0.03135150910052493,-0.0317813532866357,-0.2578782859186793,-0.03379108755335192,-0.03425422710191448,-0.2673790995050416,-0.03631897357558806,-0.03681661248423404,-0.27683299274733647,-0.03893472199041864,-0.03946805865236426,-0.28623830163569913,-0.04163787215608886,-0.04220809914920192,-0.2955933707117521,-0.04442794804698276,-0.04503625192387321,-0.3048965533599875,-0.04730445833741008,-0.047952019416581115,-0.31414621209759314,-0.050266896488086035,-0.050954888646182465,-0.32334071886267124,-0.05331474083528893,-0.05404433130047939,-0.3324784553007988,-0.05644745468267984,-0.05721980382920926,-0.34155781304987903,-0.05966448639576823,-0.06048074753971665,-0.35057719402323473,-0.06296526949900699,-0.06382658869529069,-0.3595350106908924,-0.06634922277549947,-0.06725673861615022,-0.3684296863590083,-0.06981575036930142,-0.07077059378305926,-0.3772596554473877
1770565177.835847,15.291928683824327,11.338627633508287,0.8015304732918509,0.0,0.0,0.0,-3.9514832317438415e-05,-4.020163448079783e-05,-0.010115765516419878,-0.00017328032854377595,-0.00017587326912143835,-0.020229893764579808,-0.0004012728502882831,-0.00040699114729833054,-0.030340605683133133,-0.0007234521847550154,-0.000733514723523883,-0.04044612281166091,-0.0011397615518161895,-0.001155386670578399,-0.05054466760350068,-0.0016501276139997295,-0.0016725328895938574,-0.060634463738414475,-0.0022544604893892303,-0.0022848625230878017,-0.07071373643504117,-0.00295265376743406,-0.0029922679709450464,-0.08078071276307805,-0.0037445845276668347,-0.0037946249093443922,-0.09083362195513688,-0.004630113361324961,-0.004691792312627017,-0.10087069571821942,-0.005609084395872441,-0.005683612478102693,-0.1108901685447578,-0.0066813253224176465,-0.006769911053789478,-0.12089027802316488,-0.007846647426022216,-0.007950497069081993,-0.13086926514784003,-0.00910484561889575,-0.009225162968342885,-0.14082537462857578,-0.010455698476470472,-0.010593684647411582,-0.15075685519931104,-0.01189896827634953,-0.01205582149302392,-0.16066195992617643,-0.013434401040122007,-0.013611316425135671,-0.17053894651477747,-0.015061726578037398,-0.015259895942142577,-0.18038607761666178,-0.01678065853653163,-0.017001270168988922,-0.19020162113491648,-0.018590894448596223,-0.01883513290815614,-0.19998385052884143,-0.02049211578698186,-0.020761161693522552,-0.20973104511764556,-0.0224839880202269,-0.02277901784708472,-0.21944149038311225,-0.02456616067150097,-0.02488834653853043,-0.22911347827118064,-0.02673826738025338,-0.027088776847652866,-0.2387453074923901,-0.02899992596665547,-0.029379921829594993,-0.2483352838211347,-0.03135073849882547,-0.031761378582912586,-0.25788172039367524,-0.03379029136282421,-0.03423272832044408,-0.26738293800485613,-0.03631815533540924,-0.03679353644297463,-0.2768372654034755,-0.038933885659534595,-0.03944335261568155,-0.2862430395862557,-0.041637022122583016,-0.04218171084734759,-0.29559860609036376,-0.04442708913731662,-0.04500812957232813,-0.3049023192844287,-0.047303595825532126,-0.047922111735257934,-0.314152542658006,-0.05026603610440563,-0.05092314487848252,-0.3233476491094377,-0.053313888775511895,-0.05401070123219875,-0.3324860212320571,-0.05644661761650242,-0.05718423780728882,-0.3415660515986887,-0.059663671475426235,-0.0604431964908313,-0.350586143044392,-0.06296448436767682,-0.06378700414427248,-0.35954470894740126,-0.06634847557554795,-0.06721507270424058,-0.36844017350820946,-0.06981504975038115,-0.07072679928598535,-0.3772709720267497
1770565177.8875728,15.293311750067268,11.33862402156276,0.8001510189944364,0.0,0.0,0.0,-3.951338160927318e-05,-4.0186446688410664e-05,-0.010115765879530962,-0.00017328187329748805,-0.0001758000026017079,-0.020229895164096626,-0.0004012818605837792,-0.00040681691648578933,-0.03034060951887114,-0.0007234731605663748,-0.0007331966626208529,-0.04044613120946479,-0.0011397990289878273,-0.0011548819479469039,-0.05054468341449729,-0.0016501861702121726,-0.0016717987221374088,-0.060634490538010594,-0.0022545447501122686,-0.0022838561906193284,-0.07071377852166626,-0.0029527684118650366,-0.002990946830537231,-0.08078077515667231,-0.003744734294651845,-0.003792946409658696,-0.09083371039538518,-0.004630303055260729,-0.0046897140082176655,-0.10087081666253135,-0.005609318892586658,-0.00568109204369191,-0.11089032916599445,-0.006681609575025545,-0.006766906298510264,-0.12089048620711307,-0.00784698647075718,-0.007946965950684738,-0.1308695294904345,-0.009105244580911746,-0.00922106360736213,-0.14082570443287018,-0.010456162575614117,-0.010588975341289247,-0.15075726047219834,-0.011899502832899589,-0.01205046073018533,-0.16066245137485993,-0.013435011480494164,-0.013605262899014701,-0.17053953554299298,-0.015062418440452106,-0.015253108565152291,-0.1803867763206523,-0.016781437476642895,-0.016993708086434058,-0.19020244229916022,-0.01859176624507918,-0.01882675551208381,-0.19998480762153437,-0.020493086347076944,-0.020751928636507558,-0.20973215228593967,-0.022485063385238573,-0.02276888905594591,-0.21944276244811084,-0.02456734702224881,-0.024877282227974484,-0.22911493072269193,-0.026739571042473473,-0.027076737533841967,-0.23874695648344052,-0.029001353416349983,-0.029366868343634854,-0.24833714616224337,-0.03135229636755836,-0.031747272084257296,-0.25788381354689094,-0.033791986442960976,-0.03421753031021426,-0.26738528007755885,-0.0363199945852987,-0.03677720877718545,-0.2768398751419434,-0.038935876208630614,-0.039425857518377065,-0.28624593636900025,-0.04163917127650421,-0.0421630109236381,-0.29560180992123364,-0.044429404382842035,-0.04498818782132694,-0.3049058507854852,-0.04730608483553085,-0.04790089156291436,-0.3141564230621715,-0.05026870674269845,-0.050900610110307554,-0.323351900252919,-0.053316749101662994,-0.05398681612588018,-0.3324906655465459,-0.056449675890539244,-0.05715896706519243,-0.34157111210334096,-0.05966693616248555,-0.06041650527238486,-0.3505916433375889,-0.06296796414257512,-0.0637588580782293,-0.35955067319829315,-0.06635217932727432,-0.06718543790081934,-0.3684466264480457,-0.06981898658651077,-0.07069564234888301,-0.3772779389399964
1770565177.9352806,15.294345421158003,11.338177713889317,0.7995636555771437,0.0,0.0,0.0,-3.951902984257091e-05,-4.017343918861058e-05,-0.0101157661035818,-0.00017330562061818294,-0.00017574453243335828,-0.02022989591247946,-0.00040133616519142095,-0.00040668953415369546,-0.030340611415461356,-0.0007235704888316145,-0.0007329679325336839,-0.04044613520151302,-0.0011399518562753461,-0.0011545224566437604,-0.05054469077229674,-0.0016504069817002138,-0.0016712790865086665,-0.06063450285445065,-0.0022548460416080985,-0.0022831470661197764,-0.0707137977116726,-0.0029531626906156615,-0.002990018919389526,-0.08078080345653368,-0.003745234080149313,-0.0037917704690451515,-0.0908337503619668,-0.004630920880041349,-0.004688260858458406,-0.10087087117237546,-0.005610067303023464,-0.005679332576407412,-0.11089040141430809,-0.006682501132113343,-0.006764811484766326,-0.12089057970664326,-0.007848033750889513,-0.007944506849117903,-0.1308696480702313,-0.009106460176649114,-0.00921821137228361,-0.14082585223693783,-0.010457559096442793,-0.010585701230765392,-0.15075744195803495,-0.01190109290598038,-0.012046736114092682,-0.16066267131188589,-0.013436807751400454,-0.013601059267067709,-0.17053979901086883,-0.01506443357389655,-0.015248397534901734,-0.18038708870748624,-0.016783684157192086,-0.01698846141123425,-0.19020280929960573,-0.018594257177855678,-0.018820945089026663,-0.19998523523477868,-0.020495834258448024,-0.020745526514321575,-0.20973264681358342,-0.022488081023491018,-0.022761867442858227,-0.21944333049193945,-0.024570647158249182,-0.024869613499534024,-0.22911557918233943,-0.026743166470313186,-0.02706839424070185,-0.23874769255394637,-0.029005256953974573,-0.029357823219292152,-0.2483379773315029,-0.03135652085738034,-0.03173749805274828,-0.2578847475930001,-0.03379654475245566,-0.034207000493763254,-0.26738632506605403,-0.03632489960758237,-0.03676589650380547,-0.2768410394229369,-0.03894114086302049,-0.03941373632942038,-0.2862472285742124,-0.04164480850905954,-0.04215005458129486,-0.2956032389609221,-0.044435427166885796,-0.04497437031607015,-0.3049074258452724,-0.04731250617215142,-0.047886187120889226,-0.31415815359977106,-0.0502755396612307,-0.0508849932006636,-0.32335379599476183,-0.053324006660148235,-0.053970261468044185,-0.3324927364843072,-0.05645737117616344,-0.057141449636080546,-0.3415733684903688,-0.059675082291995245,-0.060398000313552073,-0.35059409568523525,-0.06297657426267057,-0.06373934110295451,-0.35955333227214853,-0.06636126661497922,-0.06716488470112439,-0.36844950326407844,-0.06982856424951811,-0.07067402900248386,-0.3772810447605974
1770565177.9987147,15.293717207148767,11.338184052940711,0.8001855305349849,0.0,0.0,0.0,-3.952937179747126e-05,-4.015404437308977e-05,-0.010115766589336491,-0.00017336234625248286,-0.00017569886962998387,-0.020229896585863553,-0.00040147536258650475,-0.00040661066659991303,-0.030340611436245158,-0.0007238282810287363,-0.0007328488559849911,-0.04044613318769319,-0.0011403643898746196,-0.0011543560954960185,-0.05054468480061753,-0.0016510104154585006,-0.0016710582899360305,-0.06063449046111561,-0.0022556765350386855,-0.0022828646042298184,-0.07071377589324641,-0.002954256392592621,-0.002989667479397127,-0.08078076867103395,-0.0037466271175194315,-0.0037913426514667318,-0.09083369853014558,-0.004632649346246513,-0.004687749173328052,-0.10087079767919009,-0.005612167246736391,-0.0056787294395164705,-0.11089030111058086,-0.0066850085458895325,-0.006764109213928005,-0.1208904469109097,-0.007850984559838289,-0.007943697660458438,-0.1308694765707764,-0.00910989022712665,-0.009217287376561537,-0.14082563529401976,-0.01046150414476996,-0.010584654429720453,-0.1507571723062956,-0.011905588607188294,-0.012045558396825903,-0.16066234116294772,-0.013441889648006572,-0.013599742406454167,-0.17053940005611723,-0.015070137084714146,-0.01524693318403751,-0.18038661212103663,-0.016790044566175964,-0.016986841099919096,-0.19020224574145478,-0.018601309622986933,-0.018819160220283862,-0.19998457485413865,-0.020503613720660684,-0.020743568360956494,-0.20973187925239883,-0.022496622315643356,-0.022759727144057006,-0.21944244488858516,-0.02457998491414251,-0.024867282057503916,-0.22911456417549905,-0.026753335133760908,-0.027065862517354627,-0.23874653628666995,-0.029016290767924273,-0.029355081932972038,-0.2483366674554431,-0.03136845385309167,-0.03173453777500584,-0.25788327127282545,-0.03380941073873677,-0.03420381164617666,-0.267384668984038,-0.036338732160087615,-0.03676246935485057,-0.27683918978372213,-0.03895597331361211,-0.03941006099139093,-0.2862451711097479,-0.04166067393523608,-0.04214612100727435,-0.29560095893557325,-0.04445235838127983,-0.044970168296956534,-0.3049049080611014,-0.04733053571209944,-0.04788170628247399,-0.3141553824019868,-0.050294699778417634,-0.05088022300076643,-0.3233507552773382,-0.053344329310329314,-0.053965191193704645,-0.33248940969576735,-0.056478888008966055,-0.05713606840080798,-0.3415697386397346,-0.059697824640803344,-0.06039229705463515,-0.35059014534814037,-0.06300057313459419,-0.06373330457883157,-0.35954904359711287,-0.0663865526809117,-0.06715850348881595,-0.36844485797894294,-0.06985516783428361,-0.07066729149508853,-0.3772760241791171
1770565178.0871396,15.292734031311634,11.338511849531914,0.800840909780915,0.0,0.0,0.0,-3.956439228419823e-05,-4.018468498819967e-05,-0.010115765611443804,-0.00017348769828922012,-0.00017581318946090224,-0.020229892571111453,-0.0004017463608886158,-0.0004068616163509872,-0.030340600293565778,-0.0007243002152780899,-0.0007332892699763848,-0.04044610879532409,-0.0011410924960464895,-0.001155038663204524,-0.05054463900822312,-0.0016520498471693165,-0.0016720355275729043,-0.06063441309262275,-0.00225708233492301,-0.002284188826364012,-0.0707136547503936,-0.0029560834637177157,-0.00299139077063227,-0.08078058953763308,-0.0037489301948457694,-0.003793516838180217,-0.09083344517705512,-0.00463548296814258,-0.004690425795480556,-0.10087045186999845,-0.0056155857265560985,-0.005681959722540224,-0.1108898426079984,-0.0066890659436205716,-0.006767944040702104,-0.12088985348386772,-0.007855734653829707,-0.007948187543379486,-0.13086872400223115,-0.009115386485903923,-0.009222482429717856,-0.1408246973894596,-0.010467799698945832,-0.010590604341178101,-0.1507560209029489,-0.011912736221477588,-0.0120523124010347,-0.1606609461396891,-0.013449941693353203,-0.013607349256781883,-0.17053772934406952,-0.015079145510538483,-0.015255441125440394,-0.1803846317148659,-0.01680006087275071,-0.016996297841756807,-0.1901999197113553,-0.018612384833949624,-0.018829612909286916,-0.19998186535850457,-0.020515798355670876,-0.02075506355435423,-0.20972874655117937,-0.022509966363192566,-0.0227723107828741,-0.21943884735731978,-0.02459453780452489,-0.02488099944003336,-0.22911045832002871,-0.026769145712212644,-0.027080758272815135,-0.2387418767585209,-0.0290334072679396,-0.029371199995357682,-0.2483314070678788,-0.03138692386992341,-0.0317519213571358,-0.2578773610175624,-0.03382928120308917,-0.03422250321395285,-0.2673780580486215,-0.03636004931200939,-0.036782510601730774,-0.2768318255695568,-0.03897878267659726,-0.03943149281308526,-0.28623699925077845,-0.04168502029054029,-0.04216898347667252,-0.29559192331761047,-0.04447828574246006,-0.0449945006392936,-0.3048949508417885,-0.04735808729978419,-0.04790754685074193,-0.3141444440314007,-0.05032391799531554,-0.05090760925137916,-0.32333877451921966,-0.05337525571648343,-0.053994159662423706,-0.33247632364937574,-0.05651156329726123,-0.05716665467893632,-0.3415554827623201,-0.05973228861273406,-0.060424535765486134,-0.35057465347802824,-0.06303686467630011,-0.06376722935448052,-0.3595322479773938,-0.06642470973948814,-0.06719414694714124,-0.36842668928176303,-0.06989522739437397,-0.07070468521710924,-0.3772564115305609
1770565178.097084,15.29169454173218,11.338934884996508,0.8014573638957756,0.0,0.0,0.0,-3.957547160842645e-05,-4.019675459775864e-05,-0.010115765262517992,-0.0001735303994159191,-0.0001758677019057723,-0.02022989097653081,-0.0004018412259624317,-0.00040698890685414045,-0.030340595600124608,-0.0007244677735684961,-0.0007335196213888561,-0.040446098193989866,-0.001141353251412276,-0.0011554022916493278,-0.05054461873512305,-0.0016524242655329272,-0.0016725625681061431,-0.06063437843036689,-0.0022575908317584987,-0.0022849093186572897,-0.07071360002973401,-0.0029567463915560963,-0.0029923346446805174,-0.08078050813945867,-0.003749767830801525,-0.0037947139000390324,-0.09083332953472173,-0.004636515501465097,-0.004691905713037155,-0.10087029347199337,-0.005616833246209778,-0.005683752011322084,-0.1108896320009388,-0.0066905484258973635,-0.00677007804972739,-0.12088958027583209,-0.007857471949997814,-0.007950692441053314,-0.13086837686642294,-0.009117398309896402,-0.009225387189778457,-0.140824264068202,-0.010470105615092805,-0.010593937728696932,-0.15075548821200985,-0.01191535563228579,-0.01205610295847453,-0.16066029997293518,-0.013452893827336544,-0.01361162529011688,-0.1705369546784478,-0.01508244941010332,-0.015260230690342207,-0.18038371261571198,-0.016803735382139504,-0.017001628729850633,-0.19019883933802662,-0.01861644858724662,-0.01883551263448152,-0.19998060597033718,-0.020520269764873464,-0.0207615593392499,-0.2097272895137667,-0.022514863606351937,-0.02277942954525241,-0.21943717314911174,-0.0245998788139596,-0.02488876777943271,-0.22910854653924936,-0.026774948162798653,-0.02708920245719593,-0.23873970613040285,-0.029039688565480393,-0.029380345947861063,-0.24832895545221242,-0.03139370113960369,-0.03176179464293971,-0.257874605416558,-0.03383657127801576,-0.03423312902722931,-0.26737497461508203,-0.03636786872184264,-0.036793913752708164,-0.2768283896153592,-0.03898714763627671,-0.03944369771521937,-0.2862331852556616,-0.041693946689107836,-0.042182014133930114,-0.2955877049382668,-0.04448778913198415,-0.04500838063355222,-0.30489030092125735,-0.047368182884388446,-0.04792229932930967,-0.3141393346087607,-0.05033462062031515,-0.05092325691463799,-0.32333317683957785,-0.053386579857632746,-0.05401072475160007,-0.33247020817415024,-0.056523523050115806,-0.05718415896400255,-0.34154881917981417,-0.05974489768213051,-0.06044300053319629,-0.35056741071429265,-0.06305013636595697,-0.06378667539654417,-0.3595243942073747,-0.06643865694173103,-0.06721459454853868,-0.36841819194073216,-0.0699098625799883,-0.07072615414455168,-0.3772472373258253
1770565178.1348135,15.289959016661909,11.339324423818628,0.802803350143927,0.0,0.0,0.0,-3.960152145392025e-05,-4.0239373998847515e-05,-0.010115764064583001,-0.0001736169576936352,-0.0001760171164153642,-0.02022988661726191,-0.0004020227124971861,-0.0004073092519476382,-0.030340584261203264,-0.0007247785460440682,-0.0007340749634900793,-0.04044607420347882,-0.0011418275820106129,-0.0011562565993305924,-0.05054457456942078,-0.001653096317598842,-0.0016737796833161535,-0.06063430471681509,-0.002258494636497025,-0.002286552927984997,-0.07071348554987748,-0.0029579158247696495,-0.002994468250663092,-0.0807803398329567,-0.003751236589674017,-0.003797400792522082,-0.0908330925039099,-0.004638317081400126,-0.004695208940595315,-0.10086997098709476,-0.005619000917730023,-0.005687734352748086,-0.11088920550592295,-0.006693115211612276,-0.006774801985597695,-0.12088902939492042,-0.007860470601646694,-0.007956220125378393,-0.1308676794112388,-0.009120861285473927,-0.009231780421745762,-0.14082339604556343,-0.010474065056064057,-0.010601257924514586,-0.150754423832363,-0.0119198433408978,-0.012064411123323751,-0.1606590116594264,-0.013457941244033352,-0.01362098199022111,-0.17053541307663142,-0.015088087591051534,-0.015270696025160891,-0.18038188660389207,-0.016809994976871287,-0.017013262304405582,-0.1901966960382291,-0.01862335981642703,-0.018848373531823732,-0.19997811075991012,-0.020527862398199034,-0.020775706093074692,-0.20972440603760517,-0.022523166940587345,-0.0227949201126707,-0.21943386333250436,-0.024608921651119237,-0.0249056595139062,-0.22910477060134307,-0.026784758788479877,-0.02710755208164395,-0.23873542259828215,-0.029050294727355215,-0.029400209527946745,-0.2483241211755896,-0.03140513002607559,-0.031783227560543206,-0.2578691755830704,-0.03384884949704827,-0.03425618595411557,-0.2673689027661919,-0.03638102227996639,-0.03681864862439695,-0.27682162766285295,-0.03900120191778139,-0.039470163705064905,-0.2862256834987426,-0.041708926435425724,-0.0422102636274179,-0.2955794120812387,-0.044503718421271585,-0.04503846520282041,-0.3048811640917921,-0.04738508511131174,-0.047954269707902356,-0.31412929937674705,-0.050352518476047284,-0.05095716297249767,-0.32332218723654504,-0.05340549531006718,-0.05404661547030662,-0.33245820671326193,-0.056543477324303676,-0.057222082412265736,-0.34153574687642707,-0.05976591124094743,-0.06048300384260908,-0.3505532071070746,-0.06307222889100557,-0.06382880473760384,-0.3595089973799765,-0.06646184731448537,-0.06725889510694265,-0.3684015385440073,-0.06993416886318615,-0.0707726700977751,-0.3772292626005919
1770565178.1807067,15.287394911203698,11.339938076482,0.8047538029387657,0.0,0.0,0.0,-3.962364108501803e-05,-4.0290303068520064e-05,-0.010115762647312565,-0.00017368562154722238,-0.0001761840969968524,-0.02022988189648602,-0.00040216227992231657,-0.00040765739761704597,-0.030340572664129557,-0.000725013291102909,-0.0007346693515325304,-0.04044605047195948,-0.0011421816734556605,-0.0011571622433285038,-0.05054453176174928,-0.0016535937988782121,-0.0016750615057583682,-0.060634234210117266,-0.002259159405794119,-0.002288275732904418,-0.07071337704309641,-0.0029587716150834926,-0.0029966966963104495,-0.08078018135043048,-0.003752306948946549,-0.0038001993640834632,-0.09083287039954153,-0.004639625352696723,-0.0046986419229610625,-0.10086966994911283,-0.005620570219479506,-0.005691865803340671,-0.11088880856223207,-0.00669496841791265,-0.006779695707266152,-0.12088851791903993,-0.007862630322642854,-0.007961939639366882,-0.13086703312882808,-0.009123349847813534,-0.009238388940743811,-0.14082259304153225,-0.010476904483437783,-0.010608818325796555,-0.1507534405585649,-0.011923055334670104,-0.012072985921985007,-0.16065782294293315,-0.013461547163969946,-0.013630633312518417,-0.17053399212858641,-0.015092108436149658,-0.015281485581964467,-0.18038020502894012,-0.016814451366298888,-0.017025251364770264,-0.19019472384452032,-0.01862827197057693,-0.018861622896686647,-0.19997581636967524,-0.02053325011986411,-0.020790276069086795,-0.20972175629829942,-0.02252904959626275,-0.022810870486169553,-0.21943082352851695,-0.02461531815243763,-0.02492304952503727,-0.22910130446626922,-0.026791687573785625,-0.02712644039863769,-0.23873149232775454,-0.029057773743423467,-0.029420654221558734,-0.24831968744066552,-0.03141317670998211,-0.031805286078664466,-0.2578641975441713,-0.033857480758195835,-0.03427991509656031,-0.2673633380875918,-0.036390254482273614,-0.036844104517874746,-0.27681543252771124,-0.039011050862039674,-0.03949740177834444,-0.2862188126246782,-0.04171940734183005,-0.04223933858668926,-0.2955718187364404,-0.044514845912130875,-0.04506943100726291,-0.3048728001116617,-0.04739687319394437,-0.0479871795454648,-0.3141201151810702,-0.05036498052586732,-0.05099206923589794,-0.3233121318471859,-0.05341864405386691,-0.054083569733257335,-0.3324472277723761,-0.05655732482373789,-0.05726113540593288,-0.34152379066518895,-0.059780468876224846,-0.060524205432310144,-0.35054021856491313,-0.06308750734479289,-0.06387220389975218,-0.35949492012431505,-0.0664778565560292,-0.06730453990624471,-0.3683863148905021,-0.06995091813265802,-0.07082060766468694,-0.3772128335838636
1770565178.2336838,15.285380194973644,11.340784181311761,0.8059224143390594,0.0,0.0,0.0,-3.963633983241558e-05,-4.036010172957255e-05,-0.010115760884086927,-0.00017371755105585719,-0.00017639669365568348,-0.020229876523287123,-0.00040221980572639326,-0.0004080858875121627,-0.03034056033176252,-0.000725102597101181,-0.0007353868986879717,-0.0404460263298833,-0.0011423087467936916,-0.0011582420534315117,-0.05054448945970834,-0.0016537644148738608,-0.0016765767990382773,-0.0606341659003029,-0.0022593791129113835,-0.002290299717020058,-0.07071327338283775,-0.0029590457199598417,-0.0029993025392533526,-0.08078003150541417,-0.003752640501478854,-0.0038034601671041615,-0.09083266204755915,-0.0046400231311908915,-0.004702630693525759,-0.10086938928433525,-0.005621036715868903,-0.005696655428125547,-0.11088844030000966,-0.006695507823050381,-0.006785358925196586,-0.12088804530122702,-0.007863246511672963,-0.00796854901470881,-0.1308664379296307,-0.009124046365626146,-0.00924601683625448,-0.14082185557387736,-0.010477684530213211,-0.010617536875941873,-0.15075253968098945,-0.011923921751516919,-0.01208286700623071,-0.16065673606699113,-0.013462502418661973,-0.013641748528702216,-0.17053269522677214,-0.015093154608966854,-0.015293906219756355,-0.18037867264312535,-0.016815590135977023,-0.01703904837922811,-0.1901929290949032,-0.018629504600370963,-0.018876866881914194,-0.19997373096423862,-0.020534577443730134,-0.020807037232001176,-0.2097193505427761,-0.022530472005163348,-0.022829218620385335,-0.21942806633685907,-0.024616835580775452,-0.024943053984874126,-0.22909816337161934,-0.02679329948596996,-0.02714817007325865,-0.238727933493915,-0.02905947912057454,-0.029444177509245998,-0.2483156756740636,-0.031414974036777864,-0.03183067086123975,-0.25785969630631655,-0.03385936800986583,-0.03430722871395657,-0.26735830950802275,-0.036392229111744695,-0.036873413742866165,-0.27680983741742726,-0.039013109787238015,-0.03952877279144154,-0.28621261049005375,-0.04172154693314414,-0.04227283695120588,-0.2955649677936177,-0.04451706198003996,-0.04510512164456178,-0.3048652573014177,-0.047399160976816845,-0.04802512671038844,-0.31411183618415456,-0.0503673346779335,-0.05103233649239155,-0.32330307110012496,-0.053421058633370565,-0.05412621993019025,-0.3324373384837397,-0.05655979328127092,-0.05730623065312512,-0.3415130248323149,-0.05978298404324942,-0.060571807076770644,-0.3505285269910855,-0.06309006142235524,-0.0639223725021351,-0.35948225243639137,-0.06648044110366928,-0.0673573352175302,-0.36837261955698475,-0.06995352405751934,-0.07087608860309283,-0.37719805793341077
1770565178.291887,15.284134179272554,11.34168815280082,0.8062644585510903,0.0,0.0,0.0,-3.961681245058071e-05,-4.037410747650743e-05,-0.010115760505146275,-0.0001736346502596517,-0.0001764090125068489,-0.020229876607354702,-0.00040202956308715745,-0.00040808098850015294,-0.030340562835968504,-0.0007247609399669748,-0.0007353494258091787,-0.04044603432581526,-0.00114177151647607,-0.00115815683889924,-0.05054450713229369,-0.0016529873848435332,-0.0016764288764962733,-0.06063419854629795,-0.002258318006997708,-0.0022900743347122605,-0.07071332740892387,-0.002957656230549105,-0.0029989851731456792,-0.08078011442590141,-0.0037508783077062897,-0.0038030365339541557,-0.09083278248169808,-0.004637843917121396,-0.004702086763895938,-0.10086955695323768,-0.00561839618866141,-0.0056959774393363,-0.11088866602317898,-0.006692361731100855,-0.006784533394214474,-0.12088834099269925,-0.007859550662730995,-0.007967562750966167,-0.13086681659372715,-0.009119756644880123,-0.009244856954396186,-0.14082233130056993,-0.010472756918339064,-0.010616190808495225,-0.15075312764088014,-0.011918312342685434,-0.012081322516194303,-0.1606574525059068,-0.01345616743849969,-0.013639993722049795,-0.17053355745997595,-0.015086050432465574,-0.015291929557851589,-0.18037969904914658,-0.016807673305346965,-0.01703683869114629,-0.19019413910898714,-0.018620731842832625,-0.018874413376666854,-0.19997514507141784,-0.020524905689239935,-0.020804329510659653,-0.20972099027056554,-0.02251985840406813,-0.022826246688099364,-0.2194299542475765,-0.02460523752139095,-0.0249398082627815,-0.22910032305433325,-0.026780674612078385,-0.02714464141028209,-0.23873038955602227,-0.02904578534883642,-0.02944035719377335,-0.24831845373249894,-0.03140016957405327,-0.03182655063268365,-0.25786282297839636,-0.03384341137044026,-0.034302800774189804,-0.26736181240192525,-0.03637507913445476,-0.036868670767528935,-0.27681374512231227,-0.03899472565249224,-0.039523707941116835,-0.2862169525658241,-0.0417018881798341,-0.04226744388245931,-0.295569774760325,-0.04449608852233706,-0.04509939452084213,-0.30487056062831586,-0.04737683312085009,-0.04801906021278532,-0.3141176682784032,-0.050343613138343624,-0.05102592583024653,-0.3233094652951464,-0.053395904549735876,-0.054119460851557846,-0.33244432902723225,-0.05653316823440032,-0.05729911945508017,-0.3415206468739256,-0.05975485007133801,-0.060564340615558473,-0.3505368165697459,-0.06306038103699806,-0.06391454820316111,-0.3594912464673195,-0.06644917730572869,-0.06734915108518535,-0.3683823558183569,-0.06992064035284158,-0.07086754323041167,-0.3772085750527062
1770565178.3346229,15.283282848201196,11.3424895275217,0.8063144149015681,0.0,0.0,0.0,-3.9566997634759566e-05,-4.0318698452111864e-05,-0.010115762047765577,-0.0001734648550800567,-0.00017620404067547458,-0.020229882876351815,-0.0004016696292117873,-0.00040763242222334776,-0.030340580103999842,-0.0007241407574741941,-0.0007345634013790662,-0.04044607195228196,-0.0011408210650280864,-0.0011569397062829651,-0.05054457756009922,-0.0016516367748265945,-0.0016746872450252319,-0.06063431729751735,-0.002256497520616684,-0.0022877151187029082,-0.07071351307938578,-0.0029552963628641325,-0.002995915637438733,-0.08078038867868428,-0.003747909807599174,-0.003799164339359019,-0.09083317003954236,-0.0046341978281794795,-0.004697320012527204,-0.10087008558987584,-0.005614003889966636,-0.005690224719829209,-0.11088936655358586,-0.0066871549779117965,-0.006777703826806244,-0.1208892472622651,-0.007853461627045609,-0.00795956603243012,-0.1308679654663564,-0.009112717955867074,-0.009235603402815673,-0.1408237626457087,-0.010464701702625433,-0.010605591407864334,-0.15075488431947598,-0.011909174264488726,-0.012069288960832428,-0.16065958035530442,-0.01344588073959204,-0.013626438460817169,-0.17053610527775281,-0.015074549971958139,-0.015276765838152911,-0.18038271857589278,-0.016794894599282486,-0.017019980602709667,-0.1901976850100339,-0.01860661110357425,-0.0188557758950853,-0.19997927491751985,-0.02050937986464439,-0.02078382854068247,-0.2097257645175418,-0.02250286521643141,-0.022803799106660763,-0.21943543621491535,-0.02458671550615478,-0.024915331961753925,-0.22910657890276717,-0.026760563156285673,-0.027118055338941717,-0.2387374882640784,-0.02902402472932411,-0.02941158140096535,-0.24832646707203151,-0.03137670099537099,-0.031795506308674885,-0.2578718254891075,-0.033818177002483206,-0.03426941029219664,-0.26737188136488105,-0.03634802214979945,-0.03683285772490799,-0.27682496053246103,-0.038965790263423686,-0.039485397200206565,-0.2862293971035239,-0.041671019675053135,-0.04222656161106038,-0.2955835337618886,-0.044463233303336666,-0.04505586823232463,-0.3048857220555801,-0.047341938737949465,-0.04797281880581101,-0.3141343226873316,-0.050306628326369084,-0.050976899628094256,-0.3233277058034729,-0.05335677926333753,-0.05406758164104063,-0.332464251281155,-0.056491853682993726,-0.05724432052504223,-0.34154234901385916,-0.05971129875365999,-0.0605065567949409,-0.35056039919514165,-0.06301454677526605,-0.06385371589862465,-0.3595168126005629,-0.06640101527939304,-0.06728520831827924,-0.36841001086775166,-0.06987010713192027,-0.0708004296742772,-0.3772384267745554
1770565178.3882682,15.282730528192397,11.343276893017862,0.8060793694142038,0.0,0.0,0.0,-3.9530714120828656e-05,-4.0255595876939364e-05,-0.010115763767060503,-0.00017334364297306627,-0.0001759813563006983,-0.020229889188659478,-0.0004014148935470669,-0.000407153742705759,-0.030340596612056764,-0.0007237039874058286,-0.0007337324220085953,-0.0404461069859335,-0.001140153867807464,-0.0011556602737045675,-0.05054464217342891,-0.0016506909097447433,-0.0016728633999186842,-0.06063442526501629,-0.0022552249328999427,-0.0022852511384084655,-0.07071368089116295,-0.0029536492175127158,-0.00299271607851661,-0.08078063553471918,-0.0037458405231582032,-0.0037951340800706744,-0.09083351784298133,-0.004631659110432068,-0.004692364295226425,-0.10087055893937406,-0.00561094876553864,-0.005684249193251022,-0.11088999273469675,-0.006683536827777862,-0.0067706145882416875,-0.12089005623787966,-0.007849234219926175,-0.007951269669774962,-0.13086898986619477,-0.009107835481506003,-0.00922600703648116,-0.14082503775486704,-0.010459118804938005,-0.010594602732538132,-0.1507564480660313,-0.011902846074569713,-0.012056816287077908,-0.16066147329698083,-0.013438762908573675,-0.013612390756499247,-0.17053837058765284,-0.015066598703707763,-0.015261052769678717,-0.18038540202729725,-0.01678606668292977,-0.01700251257607232,-0.19020083496027462,-0.018596863945857866,-0.018836464096699146,-0.19998294229092922,-0.020498671522068093,-0.020762584977998183,-0.20973000278748385,-0.022491154427219523,-0.022780536648548743,-0.21944030138490314,-0.024573961721997117,-0.02488996437864451,-0.22911212948667126,-0.026746726573862026,-0.027090497342710778,-0.23874378526543188,-0.029009066321598435,-0.029381748684553902,-0.2483335739624369,-0.0313605825426455,-0.03176331558543137,-0.25787980818575135,-0.033800861123202686,-0.03423477933493068,-0.26738080820716204,-0.03632947233109604,-0.03679570540464443,-0.27683490225773794,-0.03894597089139265,-0.03944564352462867,-0.2862404268219897,-0.04164989606475001,-0.04218412776263124,-0.2955957269305774,-0.04444077172848632,-0.04501067660607573,-0.304899156451514,-0.04731810646035774,-0.0479247930467872,-0.31414907837981415,-0.05028139362502765,-0.050925964668444255,-0.323343865125537,-0.05333011146321278,-0.054013663736742414,-0.33248189880017226,-0.05646372318349047,-0.05718734729225271,-0.3415615715013194,-0.059681677056750974,-0.0604464572459593,-0.35058128559560936,-0.06298340651327819,-0.06379042047745928,-0.35953945399981996,-0.06636833024244161,-0.06721864893580726,-0.36843450046013415,-0.06983585229498211,-0.07073053974298714,-0.3772648598294934
1770565178.433602,15.282463403575608,11.343850547537883,0.8057728395109719,0.0,0.0,0.0,-3.9488322833321564e-05,-4.015259044385353e-05,-0.010115766485968734,-0.00017320789630305723,-0.00017562527858329828,-0.02022989867936056,-0.0004011349687263752,-0.00040639454733250937,-0.030340620707585003,-0.0007232292471572599,-0.000732420147117931,-0.040446157296819635,-0.0011394339044612798,-0.0011536451029454295,-0.05054473408371849,-0.0016496755892934831,-0.0016699957244041496,-0.060634577926960635,-0.0022538644389776697,-0.002281381618605322,-0.0707139172185842,-0.002951894095284773,-0.002987695706053741,-0.08078098219505103,-0.003743641723107593,-0.003788814239449138,-0.09083400524798779,-0.004628968032028587,-0.0046845968254141425,-0.10087122123454831,-0.005607717300776936,-0.005674886449145006,-0.11089086778734321,-0.006679717404570607,-0.006759509501980789,-0.12089118562388224,-0.007844779845338583,-0.007938275811886135,-0.13087041885547485,-0.00910269978481798,-0.009210978676842304,-0.14082681529553492,-0.010453256080520217,-0.010577394901140595,-0.15075862676723545,-0.011896211324559959,-0.012037284834571792,-0.16066410941045925,-0.013431311885339955,-0.013590392414504722,-0.1705415239879916,-0.01505828795208452,-0.015236445210846583,-0.18038913619090122,-0.016776853582213813,-0.016975154473877128,-0.1902052169430561,-0.018586706751550552,-0.01880621518494828,-0.1999880427047202,-0.020487529407350425,-0.020729306110040303,-0.20973589577517834,-0.02247898752414686,-0.022744089856165165,-0.2194470645943358,-0.024560731162400287,-0.02485021293060707,-0.2291198440432395,-0.02673239452994168,-0.02704730580298989,-0.2387525357434686,-0.028993596046199582,-0.02933498297016055,-0.24834344835534136,-0.03134393840919924,-0.0317128430238769,-0.25789089787488595,-0.03378300866532222,-0.034180468721288326,-0.26739320792952365,-0.036310378281814146,-0.03673742705819662,-0.2768487100724117,-0.038925603222027906,-0.03938326934508425,-0.2862557440753948,-0.0416282240233891,-0.04211753128589685,-0.29561265822051347,-0.04441776587806993,-0.0449397330595657,-0.304917809590018,-0.047293738716357545,-0.04784937940425641,-0.3141695643548375,-0.050255637292702146,-0.05084595970432857,-0.32336629806145284,-0.0533029412744296,-0.053928948079991344,-0.3325063959171237,-0.05643511533310318,-0.05709780347963918,-0.3415882530734192,-0.059651609238518324,-0.06035196977485139,-0.3506102749080023,-0.06295185795531388,-0.06369087585803912,-0.35957087730461906,-0.06633528174218281,-0.06711393574272219,-0.3684684869312429,-0.06980128625366512,-0.07062054866641856,-0.3773015415163254
1770565178.532656,15.282249272322627,11.344254573467627,0.8055829448342101,0.0,0.0,0.0,-3.9482497316618726e-05,-4.0039859668864544e-05,-0.010115769192120459,-0.0001732058580696955,-0.0001752629524039675,-0.02022990691236646,-0.00040114659815402226,-0.0004056456032562396,-0.03034063968669452,-0.0007232647128195874,-0.0007311474514244843,-0.04044619463810496,-0.0011395036836862498,-0.0011517114573324847,-0.050544799797508866,-0.0016497904886540137,-0.0016672639126306672,-0.06063468441443585,-0.002254035614707166,-0.0022777144531205707,-0.07071407926752818,-0.0029521330736100265,-0.0029829560745998477,-0.0807812169747667,-0.0037439604204915697,-0.0037828651516250322,-0.0908343323033743,-0.004629378775315648,-0.004677301459188771,-0.10087166247934254,-0.0056082328472330505,-0.005666108197307721,-0.11089144749652698,-0.006680350961811149,-0.00674911201851681,-0.12089193042525745,-0.007845545091136327,-0.00792612305826503,-0.13087135772040862,-0.009103610886783922,-0.00919693496820743,-0.1408279795288772,-0.010454327715649926,-0.01056132495238748,-0.15076004999641182,-0.011897458698638128,-0.012019053806303479,-0.16066582757374162,-0.013432750752195913,-0.013569865958852094,-0.17054357532195005,-0.01505993463269147,-0.01521348951714175,-0.1803915612170402,-0.016778724983624607,-0.016949636314167994,-0.19020805845363845,-0.01858882038566287,-0.018778001959342403,-0.19999134574778282,-0.020489903409494224,-0.02069826589186629,-0.2097397076387434,-0.022481640671487065,-0.022710091436939785,-0.21945143478982163,-0.02456368289214768,-0.024813125864796403,-0.22912482428807568,-0.026735664957365037,-0.02700700045255282,-0.23875817994291942,-0.02899720598243212,-0.029291330548862998,-0.24834981258354297,-0.03134790937883253,-0.031665715641365236,-0.2578980403551018,-0.03378736292378071,-0.03412973942691046,-0.2674011890136236,-0.03631513883250362,-0.03668296988455932,-0.2768575922195802,-0.03893079383325103,-0.039324959351335335,-0.2862655918300735,-0.04163386924502159,-0.042055244600720895,-0.2956235381895847,-0.04442389105799059,-0.04487334692388211,-0.3049297904192344,-0.0473003700166258,-0.04777877221360856,-0.31418271670450443,-0.05026280170547645,-0.050771011050953024,-0.32338069458137,-0.05331066663762052,-0.0538495387945561,-0.33252211122079245,-0.05644343034575468,-0.05701381567263995,-0.3416053637115224,-0.059660543475911015,-0.06026328687765519,-0.3506288593411638,-0.06296144188378416,-0.0635973826635642,-0.35959101587544995,-0.06634554673365163,-0.06701551844574377,-0.36849026183568184,-0.06981226459987047,-0.0705170949034898,-0.3773250367742808
1770565178.5527368,15.281900408507866,11.344651187227317,0.8055351948892806,0.0,0.0,0.0,-3.9491422206865666e-05,-4.00353824174342e-05,-0.010115769216654547,-0.00017323776181883243,-0.00017525059800677797,-0.02022990678002827,-0.00040121557001116697,-0.00040562192904007935,-0.030340639018198647,-0.0007233848729999881,-0.0007311089706789757,-0.0404461928564201,-0.001139689179052294,-0.0011516546380603127,-0.05054479612806032,-0.0016500554883926689,-0.0016671851763068657,-0.06063467788537735,-0.0022543943060049348,-0.002277610173461411,-0.07071406871008297,-0.002952599657326497,-0.0029828225763418696,-0.0807812010236377,-0.0037445491068326415,-0.0037826987093147603,-0.09083430939722345,-0.004630103779507515,-0.004677098295983649,-0.1008716308613389,-0.005609108385198023,-0.005665864483788802,-0.11089140521496378,-0.006681391245846388,-0.006748823871513738,-0.12089187533423759,-0.007846764325596577,-0.007925786539693835,-0.1308712874805987,-0.009105023263769316,-0.009196546083921672,-0.14082789160832979,-0.010455947410699934,-0.01056087965104326,-0.15075994167145562,-0.011899299866432733,-0.01201854797823884,-0.16066569592993962,-0.013434827522265073,-0.01356929543498133,-0.17054341725512503,-0.015062261105133949,-0.015212850067865142,-0.1803913734343676,-0.016781315224837234,-0.016948923648297465,-0.1902078374748061,-0.018591688424081283,-0.018777211723043623,-0.19999108790621753,-0.02049306323134619,-0.020697393667617726,-0.2097394090829037,-0.022485106216559393,-0.02270913274250918,-0.21945109148455663,-0.0245674680495678,-0.024812076152235192,-0.22912443201604948,-0.026739783561398316,-0.027005855107208994,-0.23875773430610092,-0.029001671808295933,-0.029290084888412848,-0.2483493090047604,-0.03135273613852813,-0.03166436491486452,-0.2578974740796619,-0.03379256426194398,-0.034128278813865404,-0.26740055511099464,-0.03632072832227562,-0.03668139449401801,-0.27685688558513877,-0.038936784972169576,-0.039323264220999896,-0.28626480718691444,-0.041640275450934655,-0.042053424696080914,-0.29562267009039345,-0.04443072566499272,-0.044871397137369824,-0.30492883324822173,-0.04730764627101845,-0.04777668736377621,-0.3141816646794028,-0.05027053276175335,-0.050768785881672836,-0.323379541755491,-0.053318865554478914,-0.05384716797424331,-0.3325208514851449,-0.05645211008213363,-0.05701129379349939,-0.3416039907969902,-0.05966971688705761,-0.06026060845495169,-0.35062736682074375,-0.06297112171734864,-0.06359454213491744,-0.3595893971665478,-0.06635574562581247,-0.06701251017044789,-0.36848851020246703,-0.06982299507149027,-0.0705139131618581,-0.37732314533009864
1770565178.589403,15.282153389870547,11.344770391684834,0.8051630090690826,0.0,0.0,0.0,-3.951533517886513e-05,-4.0043177417230866e-05,-0.010115768884705733,-0.0001733214935188248,-0.00017528170452560534,-0.020229905137465594,-0.0004013950694340399,-0.000405691780832345,-0.030340634125139935,-0.0007236961171142092,-0.0007312329069806666,-0.040446181812430135,-0.0011401681575334873,-0.0011518478918558265,-0.05054477507315202,-0.001650738188360333,-0.0016674628626199115,-0.060634642001349756,-0.0022553166967665484,-0.0022779872776736185,-0.07071401222219573,-0.002953797675133257,-0.0029833139425427405,-0.08078111720262159,-0.0037460586396510743,-0.0037833190286865855,-0.09083419056162637,-0.0046319606518112014,-0.004677862095225015,-0.10087146838020683,-0.005611348342783661,-0.005666786113580289,-0.11089118951085582,-0.006684049940678427,-0.006749917495029416,-0.1208915958865745,-0.007849877300684632,-0.007927066121162141,-0.13087093282934392,-0.009108625938082576,-0.009198025377239245,-0.140827449358002,-0.010460075064122757,-0.010562572188445314,-0.15075939849547182,-0.011903987624765626,-0.012020467059029602,-0.1606650375752875,-0.013440110342275227,-0.013571454114328096,-0.1705426285473635,-0.015068173759659485,-0.015215261145659468,-0.1803904382829541,-0.01678789228794933,-0.01695159965808701,-0.19020673887874948,-0.018598964256308297,-0.018780164921038112,-0.19998980796005456,-0.020501071964963917,-0.020700636021772526,-0.20973792898299815,-0.022493881740951537,-0.02271267592168992,-0.21944939153571894,-0.024577043996660775,-0.024815931515466898,-0.22912249163847537,-0.026750193291174416,-0.02701003369301308,-0.23875553204262717,-0.029012948394388942,-0.02929459740423545,-0.24834682252843576,-0.03136491235390537,-0.03166922172659946,-0.25789468020163125,-0.03380567256467884,-0.03413348993547518,-0.26739742978869424,-0.03633480084141453,-0.0366869695772561,-0.2768534039308005,-0.03895185349369735,-0.03932921254523769,-0.2862609434763767,-0.04165637140384221,-0.04205975515824259,-0.2956183977722166,-0.04444788010745103,-0.0448781182419783,-0.3049241249531054,-0.04732588987666265,-0.04778380721311351,-0.3141764922299026,-0.050289895806080766,-0.050776312166058,-0.3233738761760325,-0.053339377901365004,-0.053855107962431,-0.3325146630123315,-0.05647380117046946,-0.05701965432320237,-0.34159724889020293,-0.059692615717512755,-0.060269395923490246,-0.35062004017302933,-0.06299525683926319,-0.06360376248999883,-0.3595814537157933,-0.06638114512422186,-0.0670221689010788,-0.36847991714285677,-0.06984968655428665,-0.07052401528939324,-0.3773138691238514
1770565178.631228,15.282320504977394,11.344864521183224,0.8049017644638458,0.0,0.0,0.0,-3.954870555701761e-05,-4.007678729064516e-05,-0.010115767867386067,-0.00017343325754210395,-0.00017539368229491168,-0.020229901280648433,-0.0004016302446965454,-0.0004059268181883228,-0.030340623924512845,-0.0007240996919480477,-0.0007316356056001,-0.04044616008272839,-0.0011407850674314392,-0.0011524627397417543,-0.05054473494993124,-0.0016516132924171948,-0.0016683342104713552,-0.0606345749433485,-0.0022564947541460377,-0.0022791593152917153,-0.0707139080142873,-0.00295532332156736,-0.0029848306752801967,-0.08078096395935438,-0.0037479763639787092,-0.003785224253947358,-0.09083397473135178,-0.004634314772563052,-0.004680199379021114,-0.10087117474979367,-0.005614182984820043,-0.005669598767152587,-0.11089080121098997,-0.006687409011887008,-0.0067532485515393184,-0.12089109439764247,-0.00785380446874484,-0.007930958312460983,-0.13087029798789865,-0.009113164607303497,-0.00920252111072223,-0.14082665936380936,-0.0104652683523613,-0.01056771352399681,-0.15075842991913582,-0.011909878340431734,-0.012026295686066583,-0.1606638653664523,-0.01344674096143087,-0.013578011328948491,-0.17054122604349,-0.01507558640321816,-0.015222587827902154,-0.18038877721866886,-0.016796128698982764,-0.016959736249310166,-0.19020478939576338,-0.01860806577746702,-0.01878915140142261,-0.19998753861764879,-0.020511079516018348,-0.020710511887957014,-0.2097353067690746,-0.022504835796460187,-0.022723480164544223,-0.21944638187841214,-0.02458898456377217,-0.024827702598010294,-0.22911905841832297,-0.026763159887569245,-0.027022809528484067,-0.23875163760529566,-0.029026980026368984,-0.029308415334319438,-0.2483424276979981,-0.03138004749463565,-0.03168411849982091,-0.257889744294393,-0.033821949132589464,-0.03414950168576064,-0.26739191062756434,-0.03635225617876857,-0.03670413180267448,-0.27684725786020326,-0.03897052434533117,-0.03934756008692419,-0.28625412537770056,-0.04167629389608455,-0.04207932217951249,-0.2956108610797961,-0.044469089727227046,-0.04489893820763702,-0.3049158216707317,-0.04734842145078923,-0.04780591286896899,-0.3141673729478587,-0.05031378348075924,-0.0507997355186417,-0.3233638900886479,-0.05336465512187738,-0.053879880258933505,-0.3325037579360525,-0.05650050066108428,-0.05704580603162976,-0.3415853712821733,-0.059720769461606565,-0.06029695671304719,-0.3506071351501764,-0.06302489605966365,-0.06363276121170434,-0.35956746507441467,-0.06641230026377833,-0.06705263356862061,-0.36846478737870236,-0.0698823872566742,-0.07055597306022647,-0.3772975394526954
1770565178.6870644,15.282506746254198,11.3448016205864,0.804778423783866,0.0,0.0,0.0,-3.95862494742138e-05,-4.01329474937579e-05,-0.01011576626189941,-0.00017355823592412164,-0.00017557841427391006,-0.020229895560277752,-0.00040189248704898225,-0.0004063124953487886,-0.030340609285034945,-0.0007245489365662106,-0.0007322945288425943,-0.040446129426713204,-0.001141470931257194,-0.00115346710314595,-0.0505446788891671,-0.0016525852409299872,-0.0016697560670119616,-0.06063448180207304,-0.0022578020712971355,-0.002281070542596014,-0.0707137638332232,-0.002957015079766356,-0.0029873029414369985,-0.08078075250054886,-0.0037501013941413142,-0.0037883289833771797,-0.09083367748381857,-0.004636921634229188,-0.004684007718417357,-0.10087077093595598,-0.0056173199363512265,-0.005674181551503482,-0.11089026779392282,-0.0066911239807520145,-0.006758676270240385,-0.12089040608911235,-0.007858145021902583,-0.00793730107552772,-0.13086942725719858,-0.009118177921692063,-0.009209848615112749,-0.14082557644738675,-0.010471001185502045,-0.010576095020054058,-0.150757102831011,-0.011916377001157307,-0.012035799944089832,-0.1606622599094245,-0.013454051280746015,-0.013588706605903673,-0.17053930582112833,-0.01508375370530211,-0.015234541834280638,-0.1803865036480846,-0.016805197772341993,-0.016973016116145507,-0.1902021217211607,-0.018618080846247106,-0.01880382364747478,-0.19998443392464998,-0.02052208421148363,-0.02072664238707356,-0.20973171999981632,-0.022516873128649903,-0.0227411341132078,-0.21944226584740847,-0.024602096893341655,-0.024846944483081914,-0.22911436382909112,-0.026777388897824793,-0.02704370309515139,-0.23874631306774,-0.02904236669550485,-0.029331023554259407,-0.24833641974654813,-0.03139663206818173,-0.03170850353958594,-0.25788299740688997,-0.033839771096077984,-0.034175724875397474,-0.2673843672448921,-0.03637135423062825,-0.03673225360458494,-0.2768388584066576,-0.03899093637001707,-0.039377640064976724,-0.28624480828209226,-0.04169805693745191,-0.042111418968413666,-0.2956005627972815,-0.04449223996215732,-0.04493310948257174,-0.30490447670536547,-0.04737299416307636,-0.04784221531551839,-0.3141549138758627,-0.05033981303526433,-0.05083822480298747,-0.32335024758238995,-0.05339217493895969,-0.05392061099835741,-0.33248886078872864,-0.0565295431913165,-0.05708883176531693,-0.3415691464331871,-0.05975136616078223,-0.060342329873201817,-0.3505895077112087,-0.06305707736410444,-0.06368053309498628,-0.3595483583561768,-0.06644609556594903,-0.06710285430791124,-0.36844412291836537,-0.06991782488111288,-0.07060869159673229,-0.3772752370419886
1770565178.7378314,15.282259975993295,11.344710909820616,0.8051159048105535,0.0,0.0,0.0,-3.962927842128135e-05,-4.022554616214609e-05,-0.01011576368049991,-0.0001736972666377655,-0.0001758742859296709,-0.020229886937198543,-0.0004021803327549123,-0.00040692233823081563,-0.030340588084284748,-0.0007250382128874117,-0.0007333290166220442,-0.04044608603878007,-0.0011422140182519973,-0.0011550368364552938,-0.0505446006342911,-0.001653634245188872,-0.0016719715250043668,-0.060634352934600455,-0.0022592087881099826,-0.0022840420345486834,-0.07071356554704096,-0.002958830955371856,-0.0029911405584120802,-0.0807804629355979,-0.0037523774880702096,-0.003793142549953846,-0.09083327173368436,-0.00463970858175302,-0.004689906744508633,-0.10087022105653425,-0.005620667911048219,-0.005681275184271383,-0.11088954281315815,-0.0066950826572016965,-0.006767073246122897,-0.12088947201780711,-0.007862763538520744,-0.00794710967239113,-0.1308682471008894,-0.009123504843717567,-0.00922117660454279,-0.14082411021928531,-0.010477084468147026,-0.010589049619799335,-0.15075530756600578,-0.011923263952932197,-0.01205048777067089,-0.16066008967913986,-0.013461788526970844,-0.013605233627401113,-0.17053671175003676,-0.015092387151815448,-0.01525301332331556,-0.18038343393066816,-0.016814772569418865,-0.016993536603065563,-0.1901985216401169,-0.018628641352737164,-0.01882649687375907,-0.1999802458701374,-0.020533673959180807,-0.02075157125896951,-0.2097268834897348,-0.022529534786904705,-0.022768420655613134,-0.2194367175487087,-0.02461587223392722,-0.02487668979368479,-0.22910803758010775,-0.026792318760067737,-0.027076007298841645,-0.23873913990154275,-0.029058490951691916,-0.029365985757823863,-0.2483283279153041,-0.03141398958925311,-0.03174622178670058,-0.25787391240723145,-0.03385839971761818,-0.034216296101929305,-0.26737421184428267,-0.036391290719165255,-0.036775773594216195,-0.27682755267074965,-0.03901221638964054,-0.03942420340516406,-0.28623226960306886,-0.041720715016760904,-0.04216111900669487,-0.2955867059231749,-0.04451630946154822,-0.04498603828323239,-0.30488921377034456,-0.04739850724238136,-0.04789846361663087,-0.3141381544314815,-0.05036680062175085,-0.05089788197383453,-0.3233318986297888,-0.053420666695701016,-0.05398376499725258,-0.3324688268117792,-0.05655956748594379,-0.0571555690978337,-0.34154732943257315,-0.059782950034628,-0.06041273555082373,-0.35056580723943315,-0.06309024650174751,-0.06375469059418966,-0.3595226715534852,-0.06648087426517073,-0.06718084552969245,-0.3684163445495777,-0.06995423602327445,-0.07069059682659111,-0.3772452595342283
1770565178.7842498,15.281424723807651,11.344855549788598,0.8058065170282148,0.0,0.0,0.0,-3.964128093866085e-05,-4.0268898640503355e-05,-0.010115762511532492,-0.0001737347753428062,-0.00017601488527252981,-0.020229883175811342,-0.0004022567500105187,-0.00040721412377009046,-0.03034057903774432,-0.0007251668255334444,-0.0007338259511501806,-0.04044606774597621,-0.001142407983415026,-0.0011557928847410028,-0.050544567867088344,-0.001653906576121937,-0.0016730406323152273,-0.06063429919963639,-0.0022595723400669456,-0.0022854781051865067,-0.07071348308797097,-0.002959298411520917,-0.0029929974342669256,-0.08078034273578563,-0.0037529613454511538,-0.0037954739890825743,-0.0908331035193373,-0.004640421137282748,-0.004692766399743872,-0.10086999330028351,-0.00562152124757911,-0.00568471658186678,-0.11088924273808162,-0.006696088629637332,-0.006771149764440512,-0.12088908560189482,-0.007863933759993507,-0.007951874520636826,-0.1308677590819499,-0.009124850671832635,-0.009226682801555452,-0.1408235041002919,-0.010478616991297221,-0.010595349972899739,-0.1507545656208811,-0.011924993976688187,-0.012057634854576041,-0.16065919295897732,-0.013463726560551134,-0.01361327976320983,-0.17053564008975705,-0.015094543394640596,-0.015262010557571088,-0.1803821659561094,-0.01681715689775434,-0.017003536686900973,-0.19019703477555613,-0.018631263306429235,-0.01883755124213117,-0.1999785163462419,-0.020536542728489825,-0.02076373100998698,-0.20972488635194064,-0.022532659199440135,-0.022781736529964583,-0.2194344266660247,-0.024619260741688718,-0.024891212154172383,-0.22910542565434236,-0.026795979426596606,-0.027091786110025957,-0.23873617847695133,-0.029062431439337164,-0.029383070565785544,-0.24832498738865436,-0.031418217146556376,-0.031764661698924446,-0.2578701620382839,-0.03386292116682172,-0.0342361397673164,-0.2673700197666837,-0.036396112443847176,-0.03679706918322926,-0.27682288590333415,-0.03901734432248141,-0.039446998590112074,-0.28622709406156976,-0.04172615462744591,-0.042185460942161926,-0.2955809864323358,-0.04452206574480883,-0.045011973586656435,-0.3048829140764331,-0.0474045847061807,-0.04792603834903766,-0.3141312372151992,-0.050373203275616646,-0.05092714162073215,-0.3233243255195749,-0.0534273980392102,-0.05401475444969181,-0.33246055839750455,-0.056566630497362616,-0.057188332633639524,-0.34153832527962025,-0.05979034715971159,-0.060447316816003176,-0.3505560259031589,-0.06309797964270271,-0.06379113258452117,-0.3595120705940627,-0.06648894476978609,-0.0672191905725019,-0.3684048805472127,-0.06996264467422104,-0.07073088656271957,-0.37723288810474653
1770565178.8392687,15.279737015122961,11.345051390677957,0.8072983848235463,0.0,0.0,0.0,-3.9631676923173027e-05,-4.02981322482131e-05,-0.010115761819128783,-0.00017370200547354645,-0.0001761028000289929,-0.02022988138906648,-0.0004021871233362488,-0.00040739028050150434,-0.03034057545191931,-0.0007250465215746279,-0.0007341200158959673,-0.04044606135375736,-0.0011422230517725315,-0.0011562346206645472,-0.05054455735892091,-0.0016536429361103564,-0.0016736598915992138,-0.06063428296416484,-0.0022592157803730914,-0.0022863048209147852,-0.07071345921258582,-0.002958834589888052,-0.002994061612294845,-0.08078030900727667,-0.0037523757883895143,-0.003796805699897715,-0.0908330574246531,-0.0046396992398069015,-0.00469439577031912,-0.10086993202739693,-0.005620648272972692,-0.005686673787507672,-0.1108891631769611,-0.0066950497092457,-0.006773465020628803,-0.12088898434558126,-0.007862713893044842,-0.0079545780748722,-0.13086763242773886,-0.00912343472528801,-0.009229804925197337,-0.14082334805102067,-0.010476989699730172,-0.010598920953011133,-0.15075437588632043,-0.011923139942194278,-0.01206168498577131,-0.1606589649573274,-0.013461630252688041,-0.013617839339508393,-0.17053536894924742,-0.015092189150399194,-0.015267109864258943,-0.18038184651670214,-0.016814528921561298,-0.01700920599240196,-0.19019666159075224,-0.018628345670181602,-0.01884382078988991,-0.19997808368499004,-0.020533319371622078,-0.02077063101036544,-0.20972438820064793,-0.02252911392902417,-0.02278929715215412,-0.219433856730669,-0.024615377232567247,-0.024899463518123253,-0.22910477736268556,-0.026791741221550414,-0.027100758278396142,-0.2387354449808528,-0.029057821949286668,-0.029392793535910823,-0.2483241615664842,-0.03141321965079793,-0.03177516539481161,-0.2578692364974354,-0.03385751881329911,-0.03424745403166146,-0.267368986846184,-0.036390288249458724,-0.03680922376946266,-0.27682173767655294,-0.03901108117342309,-0.03946002315447257,-0.28622582233902455,-0.04171943527959087,-0.0421993850358012,-0.2955795827645939,-0.04451487282412381,-0.045026826647776234,-0.3048813697571088,-0.04739690070917955,-0.047941849695061274,-0.3141295432840459,-0.050365010569851563,-0.05094394044051215,-0.323322472765671,-0.053418678863800834,-0.054032569795755804,-0.33245853736253234,-0.05655736696356356,-0.057207193414475825,-0.341536126261237,-0.059780521251518524,-0.06046725178838816,-0.35055363895845937,-0.06308757321749757,-0.06381217034589015,-0.35950948554313183,-0.0664779395590216,-0.0672413595533653,-0.3684020869767678,-0.0699510222841449,-0.07075421501912618,-0.37722987537186786
1770565178.8840637,15.277533222970723,11.345597809465488,0.8089557581882537,0.0,0.0,0.0,-3.961002508350248e-05,-4.0285766079379964e-05,-0.01011576225096864,-0.000173634083824821,-0.00017606184038342133,-0.020229883115847926,-0.000402048280334383,-0.00040730456668132474,-0.03034058010272587,-0.0007248120835976473,-0.0007339734638946553,-0.04044607132310774,-0.0011418683346182072,-0.001156011233231645,-0.05054457580595246,-0.0016531432564913747,-0.0016733437682854141,-0.060634313811547276,-0.002258546467406474,-0.002285880168094335,-0.07071350714516551,-0.0029579709965755416,-0.002993512753162228,-0.08078037947045187,-0.0037512933030856453,-0.0037961170844355804,-0.09083315662248043,-0.004638373297671481,-0.004693551985234428,-0.10087006692042978,-0.005619054367404412,-0.005685659566133042,-0.11088934147982044,-0.006693163403293621,-0.006772265252786048,-0.12088921452425945,-0.007860510830794481,-0.007953177816695042,-0.13086792369663722,-0.009120890643218783,-0.009228189408910313,-0.1408237103697217,-0.010474080438040934,-0.010597075596661716,-0.1507548199560952,-0.011919841456093731,-0.012059595402912257,-0.16065950221737946,-0.01345791862364678,-0.013615491348827372,-0.17053601157269396,-0.015088040597360164,-0.015264489499152482,-0.1803826074062935,-0.016809919812105466,-0.017006299510490794,-0.19019755437433086,-0.018623252531645623,-0.018840614682472806,-0.1999791227106902,-0.020527718902164795,-0.02076711201180856,-0.20972558853183745,-0.02252298300863877,-0.022785452249213096,-0.21943523414063418,-0.0246086929340359,-0.024895279959195035,-0.22910634832906085,-0.026784480821338264,-0.027096223582697806,-0.2387372266797967,-0.02904996293837205,-0.029387895502582476,-0.24832617186660283,-0.031404739745435686,-0.03176989211194057,-0.25787149395345543,-0.03384839596571396,-0.03424179388522494,-0.2673715106923766,-0.03638050065846548,-0.03680316545218611,-0.27682454781991045,-0.03900060729497086,-0.03945355567460098,-0.2862289393521917,-0.041708253837228024,-0.04219249772578062,-0.2955830278785555,-0.044502962819380786,-0.04501950917284272,-0.30488516485363587,-0.04738424143186649,-0.04793409206173465,-0.314133710887902,-0.05035158160826777,-0.050935733004991844,-0.32332703603658103,-0.053404460114853114,-0.054023903272216164,-0.3324635200869161,-0.056542338642790534,-0.05719805888325826,-0.34154155284370935,-0.05976466390301797,-0.06045764070408751,-0.35055953441309934,-0.0630708677237539,-0.06380207454533272,-0.3595158754845234,-0.06646036715063071,-0.06723077126347599,-0.3684089976108141,-0.06993256454943335,-0.0707431268646822,-0.3772373334863816
1770565178.9351025,15.275754975178536,11.34630252163868,0.8100292938072478,0.0,0.0,0.0,-3.957441227877511e-05,-4.024010561894302e-05,-0.010115763593028017,-0.00017352245635029995,-0.00017590983260556416,-0.020229887913049235,-0.00040182024291642764,-0.0004069856006304278,-0.030340592367558678,-0.0007244272723973589,-0.000733427033120981,-0.04044609696611904,-0.0011412864420615974,-0.0011551769643698535,-0.05054462263372818,-0.0016523240560788904,-0.0016721614495988852,-0.060634391524025444,-0.0022574498384943893,-0.0022842897779771147,-0.07071362733228173,-0.002956556949121737,-0.0029914544885904252,-0.08078055560811805,-0.003749522002352297,-0.003793531389360054,-0.09083340406789775,-0.0046362050888772025,-0.00469037957890662,-0.10087040290673725,-0.005616449800318397,-0.005681841471355821,-0.11088978511008027,-0.006690083256764357,-0.006767742824081447,-0.12088978676478099,-0.007856916137205608,-0.007947892768380815,-0.13086864736964118,-0.00911674271286471,-0.009222083843077216,-0.1408246101453465,-0.01046934088341483,-0.010590092031043474,-0.1507559223437477,-0.01191447221608053,-0.012051676798640203,-0.16066083555643232,-0.013451881987613877,-0.013606581138061753,-0.1705376060225318,-0.015081299229138489,-0.015254531612582469,-0.18038449493571096,-0.01680243677385366,-0.016995238404695273,-0.1901997687502852,-0.018614991307590065,-0.018828395367134036,-0.19998169948641098,-0.020518643422208282,-0.020753680076770843,-0.20972856503429718,-0.02251305767183062,-0.022770753891378642,-0.21943864945738262,-0.02459788263189638,-0.024879262009249205,-0.2291102432944268,-0.026772750961030205,-0.027078833531656018,-0.23874164386046076,-0.029037279465712572,-0.029369081528151063,-0.24833115554654497,-0.03139106916774102,-0.03174960310468392,-0.25787709011828136,-0.03383370537447034,-0.03421997947453135,-0.26737776701302735,-0.03636475775181922,-0.03677977603202469,-0.2768315136357588,-0.038983780400030615,-0.039428542429062255,-0.28623666565353073,-0.04169031193217249,-0.0421658126543932,-0.2955915672884833,-0.04448387555536496,-0.04499110511565878,-0.3048945716093416,-0.047363979154719765,-0.04790392272417675,-0.314144040821358,-0.050330115379977135,-0.05090375298245391,-0.32333834655464627,-0.05338176173482488,-0.05399006807441133,-0.3324758701508561,-0.056518380668883886,-0.05716232495830641,-0.3415550029481382,-0.059739419672343905,-0.0604199654623354,-0.35057414656434904,-0.06304431137323303,-0.06376241638289971,-0.35953171317844684,-0.06643247363730352,-0.06718908958551835,-0.368426125810027,-0.0699033096705166,-0.0706993821083691,-0.3772558185969499
1770565179.0192986,15.27450401986604,11.346937668140674,0.8106451026177502,0.0,0.0,0.0,-3.954771601382484e-05,-4.0176286383551926e-05,-0.010115765182668005,-0.000173434282659252,-0.0001756915183000792,-0.020229893619583626,-0.00040163590314694835,-0.00040652212448879827,-0.030340607077116277,-0.0007241121985165999,-0.0007326277756448075,-0.04044612792204612,-0.0011408062147362113,-0.0011539513915096564,-0.05054467943410183,-0.0016516444327155815,-0.001670419150907014,-0.06063448611833791,-0.002256536781232196,-0.002281940504721673,-0.07071377401729652,-0.002955376652767258,-0.002988408191819603,-0.08078077102289893,-0.0037480409222490846,-0.0037896982579062616,-0.09083370718801204,-0.004634389968700563,-0.004685670077319844,-0.10087081503763466,-0.00561426769978686,-0.005676166377755631,-0.11089032987964942,-0.006687501579259078,-0.0067610132679171075,-0.12089049011508522,-0.007853902657289035,-0.007940020268088974,-0.13086953754783603,-0.009113265603689804,-0.009212980343626675,-0.14082571769378116,-0.010465368744016214,-0.01057966994135657,-0.1507572800892531,-0.01190997409853896,-0.012039849028880351,-0.16066247859879856,-0.013446827424085407,-0.013593261136776745,-0.17053957172217823,-0.015075658258739825,-0.015239633403693161,-0.18038682290055186,-0.016796179969395156,-0.016978676624319313,-0.19020250082179457,-0.018608089802147895,-0.01881008530023435,-0.19998487972489043,-0.02051106893552733,-0.020733537693618603,-0.20973223970335036,-0.02250478253654973,-0.02274869588382055,-0.2194428670076006,-0.024588879819587572,-0.024855205826768888,-0.22911505434628857,-0.026762994108043576,-0.02705269741721944,-0.23874710118645343,-0.02902674289881861,-0.02934078455382591,-0.24833731405250845,-0.031379727929562146,-0.031719065207022945,-0.25788400682398227,-0.03382153524869347,-0.03418712148970971,-0.26738550103196734,-0.03635173528818135,-0.036744519730721445,-0.27684012615422293,-0.03896988293906927,-0.03939081055107614,-0.2862462199088809,-0.041675517629733136,-0.042125528942982965,-0.2956021285467031,-0.04446816340685742,-0.044948194351598365,-0.3049062071418378,-0.0473473290191158,-0.04785831075951573,-0.3141568198810256,-0.050312508003541374,-0.05085536677397357,-0.3233523403512029,-0.05336317877457138,-0.05393883571676696,-0.3324911518254525,-0.05649880471575069,-0.05710817571684643,-0.3415716475472514,-0.05971883427407796,-0.06036282980558794,-0.3505922310129655,-0.06302270105697802,-0.06370222601471745,-0.3595513162525421,-0.06640982393188308,-0.0671257774768724,-0.3684473281083496,-0.06987960712840567,-0.07063288252878293,-0.3772787025121171
1770565179.0381725,15.273327430035875,11.347601453896283,0.8111579066923041,0.0,0.0,0.0,-3.954771601382484e-05,-4.0176286383551926e-05,-0.010115765182668005,-0.000173434282659252,-0.0001756915183000792,-0.020229893619583626,-0.00040163590314694835,-0.00040652212448879827,-0.030340607077116277,-0.0007241121985165999,-0.0007326277756448075,-0.04044612792204612,-0.0011408062147362113,-0.0011539513915096564,-0.05054467943410183,-0.0016516444327155815,-0.001670419150907014,-0.06063448611833791,-0.002256536781232196,-0.002281940504721673,-0.07071377401729652,-0.002955376652767258,-0.002988408191819603,-0.08078077102289893,-0.0037480409222490846,-0.0037896982579062616,-0.09083370718801204,-0.004634389968700563,-0.004685670077319844,-0.10087081503763466,-0.00561426769978686,-0.005676166377755631,-0.11089032987964942,-0.006687501579259078,-0.0067610132679171075,-0.12089049011508522,-0.007853902657289035,-0.007940020268088974,-0.13086953754783603,-0.009113265603689804,-0.009212980343626675,-0.14082571769378116,-0.010465368744016214,-0.01057966994135657,-0.1507572800892531,-0.01190997409853896,-0.012039849028880351,-0.16066247859879856,-0.013446827424085407,-0.013593261136776745,-0.17053957172217823,-0.015075658258739825,-0.015239633403693161,-0.18038682290055186,-0.016796179969395156,-0.016978676624319313,-0.19020250082179457,-0.018608089802147895,-0.01881008530023435,-0.19998487972489043,-0.02051106893552733,-0.020733537693618603,-0.20973223970335036,-0.02250478253654973,-0.02274869588382055,-0.2194428670076006,-0.024588879819587572,-0.024855205826768888,-0.22911505434628857,-0.026762994108043576,-0.02705269741721944,-0.23874710118645343,-0.02902674289881861,-0.02934078455382591,-0.24833731405250845,-0.031379727929562146,-0.031719065207022945,-0.25788400682398227,-0.03382153524869347,-0.03418712148970971,-0.26738550103196734,-0.03635173528818135,-0.036744519730721445,-0.27684012615422293,-0.03896988293906927,-0.03939081055107614,-0.2862462199088809,-0.041675517629733136,-0.042125528942982965,-0.2956021285467031,-0.04446816340685742,-0.044948194351598365,-0.3049062071418378,-0.0473473290191158,-0.04785831075951573,-0.3141568198810256,-0.050312508003541374,-0.05085536677397357,-0.3233523403512029,-0.05336317877457138,-0.05393883571676696,-0.3324911518254525,-0.05649880471575069,-0.05710817571684643,-0.3415716475472514,-0.05971883427407796,-0.06036282980558794,-0.3505922310129655,-0.06302270105697802,-0.06370222601471745,-0.3595513162525421,-0.06640982393188308,-0.0671257774768724,-0.3684473281083496,-0.06987960712840567,-0.07063288252878293,-0.3772787025121171
1770565179.0867786,15.272321086209148,11.348437668231284,0.8113280361840329,0.0,0.0,0.0,-3.953853151427968e-05,-4.012066840881675e-05,-0.010115766463482981,-0.00017340131362996388,-0.00017549587533954226,-0.020229898114662477,-0.0004015646611110224,-0.0004061020173679553,-0.030340618582538583,-0.0007239883264698883,-0.000731898765415062,-0.040446152095226326,-0.0011406155070362279,-0.0011528290718301958,-0.05054472379183903,-0.0016513728549333397,-0.0016688191804104437,-0.060634560034211755,-0.0022561704899604334,-0.002279778639354639,-0.07071388871840993,-0.0029549020153785167,-0.002985600317149642,-0.08078093958596849,-0.003747444536597135,-0.0037861604213861276,-0.090833944534807,-0.004633658682758663,-0.004681318520500564,-0.100871137929766,-0.005613388631216362,-0.005670917568439566,-0.11089075691270993,-0.006686462134901924,-0.006754783932242309,-0.12089104171214263,-0.007852690552577661,-0.007932727422536123,-0.13087023595228042,-0.009111868881968056,-0.009204541326939947,-0.14082658696152897,-0.010463775795764834,-0.010570002446369757,-0.15075834608030947,-0.011908173680499266,-0.012028871134239606,-0.16066376896818035,-0.01344480867827481,-0.01358089133855135,-0.17054111591020013,-0.015073410731352843,-0.01522579064686574,-0.18038865212247812,-0.01679369362958361,-0.016963280334146923,-0.19020464805685908,-0.018605355060674022,-0.01879305541347195,-0.19998737970468802,-0.020508076663283564,-0.020714794689596423,-0.2097351288996024,-0.02250152408293892,-0.022728160815366855,-0.2194461836192983,-0.0245853470307575,-0.024832800350969797,-0.2291188382862169,-0.02675917934496958,-0.027028343826007398,-0.2387513940670998,-0.02902263905522826,-0.02931440580438846,-0.24834215917135946,-0.031375328449695865,-0.031690584952023544,-0.25788944914821255,-0.033816834144895135,-0.03415646410731232,-0.26739158718252454,-0.03634672715831281,-0.036711610354410756,-0.2768469043893131,-0.03896456298374293,-0.0393555750992652,-0.28625374010685845,-0.04166988166935666,-0.04208789414840017,-0.29561044218837007,-0.044462207898484735,-0.0449080877904458,-0.30491536729215707,-0.047341051073098606,-0.047815660880390805,-0.31416688117025277,-0.05030590539997542,-0.050810102926546086,-0.32336335895544177,-0.0533562499795318,-0.05389088818020368,-0.3325031854466397,-0.05649154889731077,-0.05705747572797539,-0.34158475539257505,-0.059711251318105785,-0.06030930958679474,-0.3506064737737236,-0.0630147915827054,-0.06364581880156583,-0.359566756082446,-0.06640158930724135,-0.06706641754544154,-0.36846402860127847,-0.06987104948512297,-0.07057050522271384,-0.3772967286793294
1770565179.1446524,15.272415592095859,11.34929468837922,0.8103765101493843,0.0,0.0,0.0,-3.954074238831303e-05,-4.0089679742419736e-05,-0.010115767102313168,-0.00017340749420785326,-0.00017539352538656922,-0.020229900180520156,-0.00040157665893744926,-0.0004058878768124044,-0.03034062359101291,-0.0007240080842645235,-0.0007315323621943274,-0.040446162288786815,-0.0011406450691342576,-0.0011522699050888897,-0.05054474213906869,-0.001651414373704065,-0.0016680267344551683,-0.06063459022878505,-0.002256226232201626,-0.0022787123976060583,-0.07071393517781584,-0.0029549743686842203,-0.0029842197760882004,-0.08078100744997899,-0.0037475360156966025,-0.003784425104487768,-0.09083403966369143,-0.0046337719358241335,-0.004679187992158802,-0.10087126690225162,-0.0056135264461373855,-0.005668351447870275,-0.11089092702368948,-0.006686627445523942,-0.006751741907367582,-0.12089126097012916,-0.007852886444902576,-0.007929169263843584,-0.13087051307661035,-0.009112098600314509,-0.009200426901313879,-0.14082693137931393,-0.010464042748885944,-0.010565291730890434,-0.15075876792313778,-0.01190848144765558,-0.012023524229947229,-0.16066427906856912,-0.013445161015260219,-0.013574868484170971,-0.17054172579779864,-0.015073811576471245,-0.015219052232489592,-0.18038937402002378,-0.0167941471095741,-0.016955786914870583,-0.19020549487588684,-0.018605865496582403,-0.018784767722980756,-0.19998836504099446,-0.02050864857627801,-0.020705673653698596,-0.20973626702846562,-0.02250216220006759,-0.022718167565469786,-0.21944748949045487,-0.02458605629064595,-0.024821896237495974,-0.22912032751859737,-0.026759964903455835,-0.02701649043174644,-0.23875308294332387,-0.029023506290933414,-0.029301564957781783,-0.24834406463199246,-0.031376282969528074,-0.03167671874037817,-0.2578915887857847,-0.03381788178948492,-0.03414153488994036,-0.26739397923531466,-0.0363478740073776,-0.03669558077569113,-0.276849567734898,-0.03896581536137876,-0.03933840810162417,-0.28625669425543043,-0.04167124614925498,-0.04206955298520729,-0.2956137072758236,-0.04446369130907231,-0.044888536038821814,-0.30491896407294683,-0.04734266050259851,-0.04779486245392427,-0.3141708310100249,-0.05030764820138712,-0.050788022087915254,-0.3233676838234402,-0.05335813377552833,-0.053867489553700396,-0.33250790790788964,-0.05649358158505115,-0.05703272431192765,-0.3415898985998456,-0.059713441073960635,-0.06028317076588471,-0.3506120614592719,-0.06301714686689394,-0.06361825835903998,-0.35957281254954443,-0.06640411886837788,-0.06703740167520975,-0.3684705787155284,-0.0698737623646709,-0.07054000054133429,-0.3773037978597621
1770565179.1936922,15.272826517062883,11.349826335544282,0.8094339380172988,0.0,0.0,0.0,-3.955307140679024e-05,-4.00791381713723e-05,-0.010115767217420331,-0.00017344856023262427,-0.0001753490976763691,-0.02022990049003525,-0.0004016629327604379,-0.00040578616067109524,-0.03034062430761067,-0.000724156097834303,-0.0007313499029699768,-0.040446163758433615,-0.0011408714138973278,-0.0011519832011421237,-0.05054474484089343,-0.001651735698934936,-0.0016676122425392011,-0.06063459477490323,-0.0022566592433217853,-0.0022781465382530532,-0.07071394231310696,-0.002955535825570058,-0.002983478939000796,-0.08078101805181721,-0.003748242730976377,-0.0037834856539346036,-0.09083405474162967,-0.004634640773164055,-0.004678026272372875,-0.10087128759765915,-0.005614574318516906,-0.005666943788448965,-0.11089095460934302,-0.006687871313500332,-0.006750064628673169,-0.12089129684975777,-0.00785434331486488,-0.007927198682403104,-0.13087055878439408,-0.00911378552272697,-0.009198139335217142,-0.14082698857933634,-0.01046597681652099,-0.010562663505185041,-0.15075883840879273,-0.011910679793816457,-0.012020531682029427,-0.16066436476192153,-0.013447640811993393,-0.013571487969171184,-0.17054182874889995,-0.01507659003276864,-0.015215260128651455,-0.18038949640618182,-0.016797241469565294,-0.016951559628922332,-0.19020563900089052,-0.0186092930377169,-0.018780081695497813,-0.1999885333342935,-0.020512426607497653,-0.02070050536445618,-0.20973646204430546,-0.022506308059969258,-0.022712493538784434,-0.21944771390696693,-0.02459058734563465,-0.02481569304755476,-0.22912058413684516,-0.02676489854588828,-0.027009734707922808,-0.2387533746863049,-0.02902885993725223,-0.029294233389936815,-0.2483443945435964,-0.03138207405838674,-0.031668788084146145,-0.257891960029708,-0.033824127779863565,-0.034132981971997496,-0.2673943950939318,-0.03635459237668977,-0.036686382499006326,-0.2768500316080902,-0.03897302360356931,-0.039328541450690674,-0.2862572096593712,-0.0416789617728892,-0.04205899503125412,-0.29561427784172223,-0.04447193183541642,-0.04487726394500387,-0.30491959354575,-0.04735144346369167,-0.04778285348048994,-0.3141715232470764,-0.050316991138105026,-0.05077525359735048,-0.32336844279309973,-0.05336805423563869,-0.053853939015848055,-0.3325087376881103,-0.05650409712126097,-0.05701836930908115,-0.3415908033767111,-0.05972456924195567,-0.06026798899785472,-0.35061304552549344,-0.06302890522337029,-0.0636022276481932,-0.35957388030291815,-0.066416524969066,-0.06702049997147867,-0.368471734657353,-0.06988683376235208,-0.07052220592719678,-0.37730504659321806
1770565179.2376747,15.274436767487046,11.349963717291892,0.8076863058455264,0.0,0.0,0.0,-3.9564627133820416e-05,-4.008937094511463e-05,-0.0101157668979892,-0.00017348752480181407,-0.0001753739405513536,-0.020229899378580024,-0.000401745151808702,-0.00040582998103232246,-0.03034062155340842,-0.0007242974032105585,-0.0007314170539338488,-0.04044615813290835,-0.0011410876173566311,-0.0011520780172343615,-0.05054473473802569,-0.0016520425858382675,-0.0016677390353781634,-0.060634578211772344,-0.0022570725663432043,-0.0022783095922398375,-0.07071391693056572,-0.0029560712984129526,-0.0029836825070175036,-0.08078098111529897,-0.003748916022100529,-0.003783733953052145,-0.09083400314208738,-0.00463546749952524,-0.004678323479569695,-0.10087121785263636,-0.005615570039320738,-0.005667294036342054,-0.1108908628641764,-0.0066890515239720755,-0.006750472001262745,-0.1208911788789109,-0.007855723440036926,-0.007927667210832311,-0.13087040999292213,-0.009115380911245682,-0.009198672993548148,-0.14082680400448128,-0.010467802734474634,-0.010563266206192884,-0.1507586127217086,-0.011912751418585882,-0.012021207273014962,-0.1606640922695295,-0.013449973226127175,-0.013572240227794486,-0.17054150339587232,-0.01507919821788436,-0.015216092758787022,-0.18038911177705486,-0.016800140300278637,-0.016952476256537424,-0.19020518832230526,-0.018612497275600225,-0.018781085864555264,-0.1999880094773641,-0.020515950895069714,-0.020701600532843003,-0.20973585752711435,-0.022510166914717744,-0.022713683074267542,-0.21944702089718637,-0.024594795154073146,-0.024816980223765127,-0.2291197944544841,-0.02676946955764934,-0.02701112270036936,-0.23875247980658074,-0.02903380825921816,-0.029295725272051362,-0.24834338559993077,-0.03138741364885971,-0.03167038682336063,-0.2578908278168459,-0.03382987244277671,-0.03413469042585487,-0.26739313007118315,-0.03636075575586081,-0.03668820341130628,-0.27684862390269266,-0.03897961917699834,-0.03933047744767157,-0.28625564906997414,-0.041686002847102194,-0.04206104861781227,-0.29561255384199037,-0.04447943153985606,-0.0448794375009515,-0.30491769528808554,-0.04735941474515699,-0.04778514925685303,-0.3141694395664595,-0.05032544675524152,-0.05077767371270774,-0.3233661622110453,-0.053377006753480324,-0.0538564854527122,-0.332506248416741,-0.05651355890582569,-0.05702104391032372,-0.3415880933229448,-0.05973455245489584,-0.06027079346317566,-0.3506101022953445,-0.06303942181667967,-0.06360516353063633,-0.35957069120591084,-0.0664275866798446,-0.06702356867399423,-0.3684682867110464,-0.06989845210763052,-0.07052540869925222,-0.37730132652784115
1770565179.2879775,15.27571632033803,11.34977485127266,0.8065956190137739,0.0,0.0,0.0,-3.958170529796166e-05,-4.011551472794341e-05,-0.010115766148806462,-0.00017354616060317367,-0.00017544796554637987,-0.020229896859675307,-0.00040186976735832,-0.0004059736429260758,-0.030340615378291254,-0.0007245123508875183,-0.0007316521146968463,-0.040446145549760504,-0.0011414171674538252,-0.0011524262331502938,-0.05054471213062877,-0.0016525109142274351,-0.0016682221450789745,-0.060634541100739126,-0.0022577037421628275,-0.0022789493047502283,-0.07071385997487506,-0.002956889271782589,-0.0029845004898123896,-0.08078089811413376,-0.0037499446118651513,-0.0037847518201305948,-0.09083388703697519,-0.004636730381033153,-0.004679562779548864,-0.10087106072989205,-0.005617090732238631,-0.0056687762405746404,-0.11089065595764623,-0.006690853380140752,-0.006752218491981461,-0.12089091257301732,-0.007857829631371265,-0.007929699269324889,-0.13087007382600843,-0.009117814417682347,-0.009201011788366362,-0.14082638667245534,-0.010470586331971054,-0.010565932781399077,-0.15075810208198465,-0.011915907667174019,-0.012024222536469557,-0.16066347534526684,-0.013453524458025556,-0.01357562493948794,-0.17054076638051016,-0.015083166525671866,-0.015219867519219683,-0.18038824003914167,-0.016804547525133506,-0.016956661495150727,-0.1902041664106217,-0.018617364995607726,-0.01878570182821769,-0.199986821126338,-0.020521300413601916,-0.02070666727439424,-0.2097344856625264,-0.022516019248888814,-0.022719220441124205,-0.21944544764216492,-0.024601171023273548,-0.02482300784659146,-0.22911800113578765,-0.026776389372162333,-0.027017659981816274,-0.23875044696116632,-0.029041292108921944,-0.02930279137556713,-0.24834109298180654,-0.03139548129201859,-0.03167800066207665,-0.25788825440420615,-0.03383854329492452,-0.03414287065154969,-0.2673902540738237,-0.03637004887878,-0.03669696840345131,-0.2768454227697052,-0.03898955326779789,-0.03933984530256163,-0.2862520994977167,-0.04169659622739769,-0.042071037137784324,-0.2956086317823323,-0.0444907021450551,-0.04489006418369475,-0.304913375956925,-0.04737138011385313,-0.04779643128481359,-0.3141646974525107,-0.05033812401871999,-0.05078962794259106,-0.32336097108489337,-0.05339041262533853,-0.05386912840508642,-0.3325005813401624,-0.05652770967171176,-0.0570343917593271,-0.3415819226584906,-0.05974946396236822,-0.060284862026331106,-0.35060339971618326,-0.06305510946519087,-0.06361996825877621,-0.3595634277059302,-0.06644406541085206,-0.06703912464129844,-0.36846043261520894,-0.06991573639483768,-0.0705417305934026,-0.3772928515027927
1770565179.3363547,15.276191274803617,11.34944839805548,0.8064471177653665,0.0,0.0,0.0,-3.959457432386552e-05,-4.013701874842149e-05,-0.01011576547665,-0.00017358829766254283,-0.00017551208279510368,-0.020229894692974336,-0.000401957517216373,-0.00040610150513002897,-0.030340610191140843,-0.0007246619946287705,-0.0007318648657645681,-0.04044613511324444,-0.0011416449130577148,-0.001152745018834892,-0.050544693513572284,-0.0016528328871607458,-0.0016686681026447895,-0.060634510670708575,-0.002258135975991712,-0.00227954355264613,-0.07071381339942431,-0.002957447698806995,-0.0029852641173546803,-0.0807808303622969,-0.003750645053778449,-0.0037857058771984912,-0.09083379238100521,-0.004637588539609748,-0.0046807282662955346,-0.10087093274724507,-0.005618122180052353,-0.005670174097156754,-0.11089048753321068,-0.006692073551316792,-0.006753869588310217,-0.12089069590158752,-0.007859253812374433,-0.007931624394841479,-0.13086980041500196,-0.009119457738144415,-0.00920323164184481,-0.14082604734487345,-0.010472463755559916,-0.010568467960779405,-0.15075768697961486,-0.011918033982507441,-0.012027093528724211,-0.16066297393212714,-0.013455914269632219,-0.013578852110524389,-0.1705401674465335,-0.015085834245002434,-0.01522347110382212,-0.18038753170410013,-0.01680750736162443,-0.016960661586963775,-0.19020333612828919,-0.018620630947800476,-0.018790118369775004,-0.19998585568889027,-0.020524886260320317,-0.02071152004719489,-0.20973337120517743,-0.022519938540477152,-0.022724529055759723,-0.21944416964803828,-0.024605437072898133,-0.024828791732926382,-0.2291165444410216,-0.026781015247179105,-0.027023938379225048,-0.23874879576025138,-0.029046290622312787,-0.02930958332323023,-0.24833923083315396,-0.03140086499389893,-0.031685324989338653,-0.257886164235946,-0.03384432446412483,-0.034150745968342215,-0.26738791818983104,-0.036376239514503736,-0.0367054130907835,-0.2768428228558524,-0.03899616508135847,-0.039348877503081,-0.2862492166283507,-0.04170364063403698,-0.04208067474641073,-0.29560544642697495,-0.04449819025584598,-0.04490032483833019,-0.3049098679871946,-0.04737932272768862,-0.04780733235713055,-0.31416084614926293,-0.05034653161439135,-0.0508011865289021,-0.3233567551455801,-0.0533992953537049,-0.05388136131729769,-0.3324959788864057,-0.05653707734796364,-0.0570473155159784,-0.34157691124387035,-0.05975932605838732,-0.06029849284372516,-0.3505979563342369,-0.06306547510200854,-0.06363432204219974,-0.3595575287983613,-0.0664549433512089,-0.0670542169763376,-0.3684540540803032,-0.06992713503584644,-0.0705575767373554,-0.3772859687040391
1770565179.3752854,15.275601986400588,11.34923518811688,0.8072496161069952,0.0,0.0,0.0,-3.959742280601994e-05,-4.014438446716524e-05,-0.010115765237810418,-0.00017359743548217983,-0.00017553423069323226,-0.02022989397445673,-0.0004019763645591464,-0.00040614586304886676,-0.03034060854821262,-0.0007246939485061564,-0.0007319388697003147,-0.04044613189742588,-0.0011416933448073932,-0.0011528561097121958,-0.05054468787285518,-0.00165290113995264,-0.0016688237230906083,-0.060634501549846516,-0.002258227362340459,-0.0022797511437647813,-0.07071379954029443,-0.002957565498091619,-0.0029855311155049854,-0.08078081030433303,-0.0037507925097700024,-0.0037860397107739186,-0.0908337644617024,-0.0046377688580076975,-0.004681136352508239,-0.10087089510273525,-0.0056183385260304645,-0.005670663838826421,-0.11089043809890936,-0.006692329047079291,-0.006754448370658599,-0.12089063241291131,-0.007859551534723189,-0.007932299582293538,-0.13086972040815678,-0.009119800716057912,-0.009204010574837348,-0.14082594815771315,-0.01047285496778478,-0.01056935795257809,-0.1507575657525702,-0.01191847635516325,-0.012028101862249872,-0.1606628276092046,-0.013456410673830368,-0.01357998603518949,-0.1705399927763839,-0.015086387494479795,-0.015224737832378297,-0.1803873252411567,-0.016808120210392546,-0.0169620682923613,-0.1902030942339747,-0.018621306087811033,-0.018791672182035073,-0.19998557453289312,-0.020525626319147627,-0.02071322805029563,-0.20973304676679613,-0.022520746079018383,-0.022726398284536743,-0.2194437977175941,-0.024606314583091995,-0.024830829169988806,-0.22911612062133893,-0.026781965149743757,-0.027026150951887828,-0.23874831546820557,-0.029047315264503628,-0.029311977900463648,-0.24833868930128608,-0.03140196664728703,-0.031687908378735856,-0.2578855565141441,-0.03384550532239669,-0.03415352491310562,-0.2673872391470774,-0.03637750169128309,-0.03670839426673098,-0.2768420671820367,-0.03899751060805081,-0.0393520675156726,-0.2862483788361482,-0.041705071457697515,-0.04208408012779682,-0.2956045208537892,-0.04449970823707171,-0.044903952044421866,-0.30490884879716446,-0.04738092963853519,-0.04781118776469313,-0.31415972733533315,-0.05034822913631542,-0.050805276432672526,-0.323355530531635,-0.05340108507553257,-0.0538856919271266,-0.3324946421294653,-0.05653896076388576,-0.05705189295399778,-0.3415754558363484,-0.05976130456598219,-0.06030332314154233,-0.3505963756062604,-0.06306755000029278,-0.06363941113811843,-0.3595558159201504,-0.06645711583871698,-0.06705957071260697,-0.36845220206461166,-0.06992940620873968,-0.07056320085744779,-0.3772839704086537
1770565179.4866755,15.2744675928628,11.349360898699224,0.8082582990624385,0.0,0.0,0.0,-3.958521001831563e-05,-4.013345780243252e-05,-0.010115765570907093,-0.000173567076162454,-0.00017549864931838124,-0.020229895119929443,-0.0004019218908599653,-0.00040607195002315436,-0.030340611354598077,-0.0007246093629725628,-0.0007318130050686873,-0.04044613758224434,-0.0011415726248762315,-0.0011526647363748466,-0.05054469802220693,-0.001652738242454218,-0.001668553352659402,-0.060634518117878664,-0.002258016228001149,-0.0022793883624049075,-0.07071382484853823,-0.002957300056036002,-0.0029850625897602043,-0.08078084704091193,-0.0037504666820211644,-0.0037854521933737627,-0.09083381568041086,-0.0046373765639842746,-0.004680416688155547,-0.1008709642219888,-0.005617873687039055,-0.0056697989699635715,-0.11089052890056592,-0.006691785590800834,-0.006753425343210834,-0.12089074904096435,-0.007858923399691924,-0.007931105551387747,-0.13086986736730047,-0.009119081856131537,-0.009202632810494719,-0.14082613031177996,-0.010472039356604413,-0.010567783845379004,-0.15075778832284123,-0.01191755799060183,-0.01202631892896946,-0.1606630961725933,-0.013455383582428095,-0.013577981924402259,-0.17054031326349356,-0.01508524573586526,-0.015222500330030225,-0.18038770393421208,-0.016806857881688165,-0.016959585327307843,-0.19020353776462862,-0.018619917328021422,-0.018788931831543506,-0.19998608987990832,-0.020524105313529568,-0.02071021854551015,-0.2097336412536032,-0.022519087063431014,-0.02272310801590481,-0.2194444790097259,-0.024604511848325884,-0.024827246692647145,-0.2291168967237427,-0.026780013045827503,-0.02702226499100658,-0.23874919472243247,-0.029045208204986666,-0.029307777356547136,-0.24833968038256007,-0.03139969911349731,-0.03168338233287845,-0.25788666842831004,-0.03384307186767189,-0.03414866263220122,-0.2673884812274296,-0.036374896945174054,-0.03670318520863455,-0.2768434490860285,-0.03899472928049592,-0.039346501334312396,-0.28624991054198373,-0.04170210834316666,-0.042078146678235714,-0.29560621265689824,-0.04449655821867861,-0.04489764138786639,-0.30491071130656083,-0.0473775876921167,-0.04780449017344872,-0.31416177146985813,-0.05034469033447665,-0.05079818239504361,-0.3233577675160866,-0.053397344591656494,-0.053878192152260106,-0.3324970834906142,-0.05653501387610604,-0.057043978376668546,-0.34157811339884214,-0.059757146661118,-0.06029498492687913,-0.3505992614884162,-0.06306317657774439,-0.06363064068626921,-0.3595589425296383,-0.0664525225143209,-0.06705035966334194,-0.36845558209402895,-0.06992458871858206,-0.07055354109469894,-0.37728761683099143
1770565179.5007877,15.273440566970008,11.349662036969779,0.8089841866846781,0.0,0.0,0.0,-3.958393809252218e-05,-4.013007276323985e-05,-0.010115765654144978,-0.0001735636695168911,-0.00017548854266232416,-0.020229895386242973,-0.0004019154914285327,-0.0004060517841366848,-0.030340611982754104,-0.0007245991183045941,-0.0007317794426321552,-0.04044613882988075,-0.0011415576890227508,-0.0011526144416919074,-0.05054470022574682,-0.001652717776852611,-0.0016684829929856937,-0.060634521692416905,-0.0022579894023579622,-0.0022792946092756324,-0.07071383028770026,-0.002957266049207586,-0.002984942120316252,-0.0807808549166849,-0.003750424682891877,-0.003785301691686014,-0.09083382664294729,-0.004637325772341966,-0.004680232846546988,-0.10087097899938254,-0.005617813314447539,-0.005669578490328867,-0.11089054829860079,-0.0066917148614690815,-0.006753164938332987,-0.1208907739428352,-0.00785884155133968,-0.007930801946251493,-0.130869898733307,-0.009118988140851098,-0.009202282743596288,-0.14082616917899324,-0.010471933041718267,-0.010567384070031896,-0.150757835804743,-0.01191743835951589,-0.012025866214605874,-0.16066315345868826,-0.013455249935480262,-0.013577473057869818,-0.1705403816188946,-0.01508509739116901,-0.015221932116883632,-0.1803877846991987,-0.016806694175970915,-0.016958954593095137,-0.19020363235417856,-0.01861973761745738,-0.01878823542308655,-0.1999861997832025,-0.020523908974566806,-0.02070945333217898,-0.2097337680335043,-0.022518873493612483,-0.022722270890885538,-0.21944462430223047,-0.02460428046710412,-0.024826334574203017,-0.22911706223740694,-0.026779763295372735,-0.02702127482373189,-0.23874938223777226,-0.029044939550988084,-0.029306706112613618,-0.24833989175142474,-0.0313994110459572,-0.03168222701327382,-0.2578869055732305,-0.03384276390169238,-0.0341474202679595,-0.2673887461409411,-0.036374568621736256,-0.03670185286205789,-0.27684374382996774,-0.03899438016723111,-0.03934507610018398,-0.28625023724676085,-0.04170173803511939,-0.042076625685023496,-0.29560657352074365,-0.04449616633906128,-0.04489602179891724,-0.30491110859474746,-0.047377173893055624,-0.04780276918817276,-0.31416220751389895,-0.05034425429774905,-0.05079635725008827,-0.3233582447129077,-0.053396886029418444,-0.05387626012267371,-0.3324976043017038,-0.05653453253161094,-0.057041936777053,-0.34157868034937544,-0.05975664230942542,-0.06029283111253149,-0.3505998771663567,-0.06306264902641902,-0.0636283720543117,-0.3595596095848156,-0.06645197160412135,-0.06704797365384019,-0.368456303237193,-0.06992401432413928,-0.07055103519176809,-0.3772883948328443
1770565179.5413127,15.271684644296304,11.350023672424781,0.8103784739033802,0.0,0.0,0.0,-3.958146353159465e-05,-4.0120102993568896e-05,-0.010115765893406393,-0.00017355696633114136,-0.00017545896791823696,-0.020229896133930378,-0.00040190282624487665,-0.0004059929585760312,-0.030340613722184422,-0.0007245787807443819,-0.0007316817134868214,-0.04044614225836603,-0.0011415279940004972,-0.0011524681529796194,-0.050544706254361804,-0.0016526770668690766,-0.0016682784892211766,-0.060634531445691385,-0.002257936049786834,-0.0022790222391801188,-0.07071384510323638,-0.002957198458575001,-0.0029845922405243343,-0.08078087634469945,-0.0037503412931480453,-0.0037848646704488373,-0.09083385644573914,-0.004637225059124132,-0.004679699067430779,-0.10087101915072534,-0.005617693792333549,-0.005668938355907793,-0.11089060098306106,-0.006691575086220798,-0.006752408873875354,-0.12089084155501605,-0.007858680122135515,-0.00792992040339827,-0.13086998387701768,-0.009118803702506909,-0.009201266204030974,-0.14082627466634465,-0.01047172428689589,-0.010566223049140726,-0.15075796465516955,-0.011917204030918584,-0.012024551265127373,-0.16066330889789615,-0.0134549888280343,-0.013575994773532715,-0.17054056707773693,-0.01508480835419073,-0.015220281136032153,-0.18038800381247772,-0.01680637611531848,-0.01695712160230068,-0.19020388895937518,-0.018619389497666523,-0.018786211160744765,-0.19998649791913373,-0.02052352982096988,-0.020707228592091297,-0.20973411193890856,-0.02251846239444006,-0.022719836525824138,-0.2194450184142816,-0.024603836575568444,-0.024823681499458308,-0.22911751119015686,-0.026779285831732346,-0.027018394020641507,-0.23874989086052303,-0.029044427804592873,-0.02930358863207198,-0.24834046506703022,-0.031398864377273246,-0.03167886397922131,-0.25788754879632825,-0.03384218174430585,-0.03414380288085032,-0.26738946467611474,-0.03637395048433569,-0.03669797240230559,-0.27684454326984054,-0.03899372563556742,-0.03934092393158382,-0.2862511233700209,-0.04170104677394286,-0.04207219325815062,-0.2956075522901011,-0.044495438094034986,-0.04489130065449978,-0.3049121861548244,-0.0473764084926445,-0.04779775096043894,-0.3141633901890525,-0.05034345165508407,-0.05079103367008657,-0.32335953900498693,-0.05339604614413511,-0.053870623021565214,-0.3324990168877411,-0.056533655491661616,-0.057035978089375064,-0.34158021807921274,-0.059755728292864733,-0.06028654287943168,-0.35060154706020735,-0.06306169830316175,-0.06362174642675134,-0.35956141883076254,-0.06645098453767218,-0.06704100289576641,-0.3684582591886239,-0.06992299137329383,-0.07054371168325371,-0.3772905050058243
1770565179.5884194,15.269444496271637,11.35066840292011,0.8119738914327169,0.0,0.0,0.0,-3.95821016401625e-05,-4.011218858741375e-05,-0.010115766055621717,-0.00017355858677963278,-0.0001754346684831586,-0.020229896635711068,-0.00040190580470731064,-0.0004059437790949819,-0.030340614893925,-0.000724583525700061,-0.0007315991374819792,-0.04044614458339578,-0.0011415349480902546,-0.0011523436454490528,-0.05054471036878133,-0.001652686708244663,-0.0016681034995778992,-0.06063453813815541,-0.002257948893452952,-0.002278788204192765,-0.07071385531468291,-0.0029572150577235074,-0.002984290587258688,-0.08078089116802535,-0.0037503622404838274,-0.003784486819209439,-0.09083387712542218,-0.004637250988182186,-0.004679236434701851,-0.10087104708239286,-0.00561772537878677,-0.005668382357292707,-0.11089063771300534,-0.006691613049178006,-0.006751750927033876,-0.12089088877965652,-0.007858725225429243,-0.007929151930980814,-0.1308700434423101,-0.009118856755970472,-0.0092003786366091,-0.14082634856713738,-0.010471786147629272,-0.010565207828133116,-0.1507580550345072,-0.011917275604542657,-0.012023399845720525,-0.16066341804627068,-0.01345507106993293,-0.013574698627595588,-0.1705406974322864,-0.015084902270740289,-0.015218831755024002,-0.1803881579561329,-0.016806482765104297,-0.016955510500171328,-0.19020406961995442,-0.018619509992685856,-0.018784429876826558,-0.1999867079683861,-0.020523665327820885,-0.020705268693981968,-0.2097343543915056,-0.02251861413549637,-0.022717689612259853,-0.2194452964267578,-0.024604005830138873,-0.02482133920317614,-0.2291178280597996,-0.02677947393720528,-0.02701584801123057,-0.23875025002421169,-0.029044636157564925,-0.029300830618812508,-0.24834087010002515,-0.0313990944346617,-0.031675885713910924,-0.25788800341100987,-0.033842435024444485,-0.034140596160616744,-0.2673899727206729,-0.03637422856805356,-0.036694529072405106,-0.27684510872691465,-0.03899403016725015,-0.039337235888184684,-0.2862517503552914,-0.041701379462576044,-0.04206825245110076,-0.295608245050832,-0.04449580071422926,-0.04488709909007806,-0.3049129490683581,-0.04737680288564188,-0.0477932807040892,-0.31416422776125663,-0.05034387972974515,-0.050786286849133805,-0.3233604558686539,-0.053396509877906735,-0.05386559182791316,-0.33250001780094074,-0.05653415693152458,-0.05703065478218444,-0.34158130792359853,-0.05975626955626117,-0.0602809197877785,-0.3506027308392766,-0.06306228157890177,-0.06361581595226441,-0.359562701668071,-0.06645161208681945,-0.06703475751524358,-0.3684596463259553,-0.06992366553002959,-0.07053714395125595,-0.3772920018013152
1770565179.638601,15.268006454187086,11.351359049910263,0.8127212865271182,0.0,0.0,0.0,-3.9585415618460324e-05,-4.011587674316338e-05,-0.010115765935478156,-0.0001735665486936165,-0.0001754412634374689,-0.02022989632254127,-0.00040191975239096804,-0.0004059524940577641,-0.030340614304638323,-0.0007246048005333958,-0.0007316091802720905,-0.04044614362471168,-0.0011415648946681211,-0.0011523542185371293,-0.050544708937251,-0.001652726674045092,-0.0016681138001301875,-0.06063453612018699,-0.0022580002285050465,-0.0022787974241159593,-0.07071385258657029,-0.0029572791142749794,-0.0029842979132457827,-0.08078088759598057,-0.0037504403726682537,-0.003784491432786608,-0.09083387256561135,-0.004637344551686056,-0.004679237512276356,-0.10087104138097565,-0.005617835730516404,-0.005668379070201852,-0.11089063070617804,-0.006691741546926416,-0.006751742441595005,-0.12089088029369861,-0.00785887322754301,-0.007929137408542378,-0.13087003329363434,-0.00911902562101672,-0.009200357233602775,-0.14082633656234342,-0.010471977234062813,-0.010565178696127006,-0.1507580409704387,-0.011917490270373372,-0.012023362131473439,-0.16066340171007593,-0.01345531067239348,-0.013574651473112403,-0.1705406786014823,-0.015085168165954208,-0.01521877429761213,-0.18038813639867263,-0.01680677630775457,-0.016955441872498273,-0.1902040450942983,-0.018619832535684014,-0.018784349206978586,-0.19998668022357596,-0.020524018221976744,-0.020705175105523894,-0.20973432316724255,-0.022518998729188448,-0.022717582224295943,-0.21944526145348353,-0.02460442346898558,-0.02482121713041213,-0.2291177890587807,-0.026779925963736937,-0.02701571036403683,-0.2387502067076276,-0.029045123910896704,-0.029300676503288343,-0.24834082217105938,-0.03139961925016756,-0.031675714231949995,-0.25788795056394437,-0.03384299823343215,-0.03414040640997366,-0.2673899146409859,-0.036374831497440634,-0.03669432014676314,-0.27684504509138164,-0.03899467413924146,-0.03933700687722467,-0.2862516808320892,-0.04170206579434222,-0.042068002440571135,-0.29560816929964634,-0.04449653071758672,-0.044886827161866046,-0.30491286674049406,-0.047377577866734175,-0.04779298593629317,-0.31416413849975233,-0.05034470098872586,-0.050785968316136854,-0.3233603593083974,-0.0533973787086239,-0.05386524860045776,-0.33249991356878983,-0.056535074621206764,-0.057030285927448326,-0.34158119563850375,-0.05975723738520524,-0.06028052436945172,-0.3506026101124071,-0.06306330082016247,-0.06361539303062758,-0.3595625721029435,-0.06645268400590075,-0.06703430614724722,-0.36845950751856593,-0.06992479138457805,-0.07053666319060108,-0.37729185334027443
1770565179.6877017,15.267051565030766,11.352203000952947,0.8128322246407527,0.0,0.0,0.0,-3.958836806164606e-05,-4.012411874279917e-05,-0.01011576568162446,-0.00017357064000750216,-0.00017545524998310063,-0.020229895767094903,-0.00040192314661600275,-0.0004059697508266933,-0.03034061348066428,-0.0007246056403989023,-0.0007316272572671383,-0.040446142646045895,-0.001141561302671657,-0.0011523706912766193,-0.050544707998438895,-0.001652716753534912,-0.0016681262708329893,-0.06063453549639372,-0.0022579820647653424,-0.002278803522881254,-0.07071385263346266,-0.002957250775613576,-0.0029842952992272065,-0.08078088874958061,-0.0037503999115064382,-0.003784477795360436,-0.0908338753421217,-0.004637290005650214,-0.00467921057220339,-0.10087104637657669,-0.005617765123531145,-0.0056683365807826715,-0.11089063859679689,-0.006691652890308857,-0.006751682189818249,-0.12089089183475006,-0.007858764521097902,-0.00792905721622572,-0.1308700493197337,-0.009118894854132085,-0.009200254958526265,-0.14082635798699156,-0.010471822386805779,-0.01056505223315844,-0.15075806878567913,-0.011917309314585872,-0.012023209413685437,-0.16066343698612406,-0.0134551015727875,-0.013574470472890853,-0.17054072248632726,-0.015084928881206262,-0.015218563027755691,-0.18038819011765125,-0.016806504791599064,-0.0169551983873086,-0.1902041099496419,-0.018619526738005217,-0.018784071603340953,-0.19998675759392964,-0.020523676089898992,-0.020704861523977915,-0.20973441450715744,-0.022518618208164306,-0.02271723085009604,-0.2194453682928818,-0.024604002503881624,-0.02482082619457748,-0.2291179130023939,-0.026779462499916837,-0.027015278144390427,-0.23875034943440804,-0.029044615895301298,-0.02930020132548489,-0.24834098543356492,-0.031399064632391574,-0.031675194470492336,-0.2578881361876969,-0.033842394966797334,-0.0341398404892174,-0.2673901245238034,-0.03637417754006488,-0.036693706541909205,-0.2768452812026843,-0.03899396745510367,-0.03933634411529945,-0.2862519452121795,-0.0417013043543426,-0.04206728910139397,-0.2956084640589635,-0.04449571250060216,-0.04488606187900371,-0.30491319405884293,-0.047376700860668475,-0.047792167398001094,-0.314164500625507,-0.050343763191554404,-0.05078509526628679,-0.32336075855767965,-0.05339637812943254,-0.053864319839451585,-0.3325003523246228,-0.05653400928122459,-0.05702930031311776,-0.341581676349941,-0.05975610531883092,-0.06027948081794357,-0.350603135293637,-0.06306210007598388,-0.06361429051727435,-0.3595631443323697,-0.06645141264770764,-0.06703314370742278,-0.3684601294378638,-0.06992344749236731,-0.07053543992056105,-0.37729252765342386
1770565179.7356057,15.26695875854793,11.352824628659016,0.8123034034175187,0.0,0.0,0.0,-3.958790572739437e-05,-4.0128145367336596e-05,-0.01011576553253953,-0.0001735637344305111,-0.0001754517605610053,-0.020229895668978558,-0.0004019037877828328,-0.00040594724271458696,-0.030340613962382627,-0.0007245677933147416,-0.0007315742729641752,-0.04044614456507381,-0.0011414989114869802,-0.0011522758235299857,-0.05054471254054073,-0.0016526237456739546,-0.0016679781677327223,-0.060634544175188654,-0.002257852355055128,-0.0022785908929429406,-0.07071386728987476,-0.002957078270412232,-0.0029840069164611283,-0.08078091155117383,-0.0037501785128295365,-0.0037841025043257276,-0.09083390878231985,-0.004637013615293881,-0.004678737293045781,-0.10087109327376882,-0.005617427647190669,-0.005667754314254386,-0.11089070209332806,-0.006691248241691549,-0.006750980022278644,-0.12089097539579793,-0.00785828662602894,-0.00792822432462124,-0.13087015673207122,-0.009118337654652095,-0.009199280615348306,-0.140826493357636,-0.010471179845258898,-0.010563925811377708,-0.15075823654042791,-0.01191657541769704,-0.012021920391661403,-0.16066364186797777,-0.013454270335727747,-0.01357300843925492,-0.17054096955380016,-0.015083994351644727,-0.015216917686266646,-0.1803884847429698,-0.016805461053740534,-0.01695335956167901,-0.1902044578168319,-0.018618367916611922,-0.018782029242033097,-0.19998716469679217,-0.020522396354295452,-0.020702605704967895,-0.20973488714713442,-0.022517211776223987,-0.022714751785604705,-0.21944591307681174,-0.024602463645994176,-0.02481811423576679,-0.22911853684015818,-0.026777785542934744,-0.027012323786023952,-0.2387510595364686,-0.02904279522646465,-0.02929699521055106,-0.24834178930839396,-0.03139709470322985,-0.03167172739478912,-0.25788904163909904,-0.033840270297006925,-0.03413610340589713,-0.2673911396481314,-0.03637189272136118,-0.03668969056598217,-0.27684641438594865,-0.03899151715504659,-0.039332040528095004,-0.2862532051270532,-0.04169868332013428,-0.042062689354977846,-0.29560985966168213,-0.04449291556285572,-0.04488115760055026,-0.30491473458600143,-0.047373722937146666,-0.04778695039411919,-0.3141661955907537,-0.050340599290876954,-0.05077955752729807,-0.3233626177483085,-0.05339302335475114,-0.05385845354361991,-0.3325023857980646,-0.05653045883386428,-0.057023097830828505,-0.3415838944301549,-0.05975235450189681,-0.06027293471583164,-0.3506055485674027,-0.06305814429793208,-0.06360739356229961,-0.359565763645482,-0.06644724742587925,-0.0670258888708918,-0.3684629658912296,-0.06991906845648443,-0.07052782038209385,-0.3772955925990637
1770565179.7880042,15.267008777984849,11.353214825913664,0.8118631867259505,0.0,0.0,0.0,-3.9578079951403584e-05,-4.011194489089463e-05,-0.010115765908204934,-0.00017352938221051035,-0.0001753835462930268,-0.020229897338278822,-0.0004018301964021702,-0.0004057912518762052,-0.030340618791482383,-0.0007244402494395152,-0.0007312948085151281,-0.0404461553676853,-0.001141302712593752,-0.0011518372693556725,-0.05054473307694346,-0.0016523442114702378,-0.001667345003811706,-0.06063457915091636,-0.0022574748388890877,-0.0022777277104906674,-0.07071392235407016,-0.0029565881706680483,-0.002982878433045644,-0.08078099329461155,-0.0037495612843048776,-0.0037826735789511703,-0.09083402473509808,-0.0046362547805559404,-0.004676972941199442,-0.10087125190267016,-0.005616512807907229,-0.00566561972291314,-0.11089091279885045,-0.006690163089933535,-0.006748440564870556,-0.12089124850885638,-0.007857016955540945,-0.007925245575938166,-0.1308705035103711,-0.009116869372087352,-0.00919582836640532,-0.14082692598171903,-0.01046949898137519,-0.010559966084215205,-0.15075876810939168,-0.011914668138510071,-0.012017419454085715,-0.16066428639487013,-0.013452122953618452,-0.013567932819513339,-0.17054174196068952,-0.015081593336417084,-0.015211234187652727,-0.18038940085569288,-0.016802793043626387,-0.01694703527706406,-0.1902055343594198,-0.018615419729219387,-0.018775031568319764,-0.19998841928557698,-0.020519154997497468,-0.02069490235746181,-0.20973633828453722,-0.02251366445898358,-0.02270631081230013,-0.21944758014481414,-0.02459859778912307,-0.024808904031542237,-0.22912044009345872,-0.026773588789781883,-0.02700231310674378,-0.23875322009532618,-0.029038255453531326,-0.0292861531870691,-0.2483442291511599,-0.031392200030708035,-0.03166002354685032,-0.2578917835944399,-0.033835009099237506,-0.034123507655933326,-0.26739420738694464,-0.036366253637208815,-0.0366761732527981,-0.2768498324129731,-0.03898548909818784,-0.03931757242044062,-0.28625699877217664,-0.04169225548925579,-0.042047241665003114,-0.29561405507094834,-0.044486077451759254,-0.04486470199713863,-0.30491935871231907,-0.04736646434475765,-0.04776945901609592,-0.31417127618430934,-0.0503329103311535,-0.05076100299650968,-0.32336818334668654,-0.05338489446649025,-0.053838808977880945,-0.3325084657160766,-0.05652188079040218,-0.05700233685673201,-0.3415905187493809,-0.05974331842070025,-0.06025103148141961,-0.35061274812544757,-0.06304864165007754,-0.06358432274958978,-0.35957357002494916,-0.06643727004541698,-0.0670016257082572,-0.368471411408416,-0.06990860854968435,-0.07050234065649157,-0.3773047102923776
1770565180.1787508,15.267294093381716,11.353442654996014,0.8113500422467339,0.0,0.0,0.0,-3.956863884623258e-05,-4.008618382047011e-05,-0.010115766535947078,-0.00017349950589621167,-0.00017529989480415776,-0.02022989949947819,-0.00040176892726401117,-0.00040561757965120035,-0.030340624201377172,-0.0007243366758288921,-0.0007309989975216051,-0.04044616655046285,-0.0011411459782938054,-0.001151387227096159,-0.05054475336488218,-0.001652123525147191,-0.001666708676564201,-0.06063461268324389,-0.0022571794835263255,-0.002276873096536504,-0.07071397407553796,-0.0029562075129799577,-0.0029817735958809957,-0.08078106895378634,-0.0037490847841274754,-0.003781286660478552,-0.09083413088237052,-0.004635672000211317,-0.0046752721748955575,-0.10087139588798144,-0.005615813421538852,-0.005663573446969436,-0.11089110276913723,-0.006689336892809453,-0.006746017235302847,-0.12089149340521478,-0.007856053873321937,-0.007922413779661703,-0.13087081306494058,-0.009115759470057105,-0.009192556834271694,-0.1408273107142868,-0.01046823247362955,-0.01055622370400746,-0.15075923932371885,-0.01191323539710246,-0.01201317528346809,-0.1606648561747401,-0.013450514517658548,-0.01356315609893204,-0.17054242316568013,-0.015079799921119855,-0.015205894353184153,-0.18039020711667297,-0.0168008055493086,-0.016941101973206935,-0.19020648007377192,-0.018613229250240722,-0.018768474660727612,-0.19998951961214687,-0.020516752831143372,-0.02068769194561224,-0.20973760913831196,-0.022511042114287026,-0.02269841724209741,-0.2194490381913299,-0.024595746995622385,-0.024800297907849683,-0.22912210274294006,-0.02677050150621184,-0.02699296530584243,-0.23875510549655796,-0.029034923876444685,-0.02927603486903921,-0.2483463561850937,-0.0313886166030248,-0.03164910616787231,-0.2578941718675367,-0.033831166518719064,-0.03411176298050461,-0.2673968772242552,-0.036362144864854305,-0.03666357336586252,-0.27685280485095826,-0.03898110736654994,-0.03930408973942701,-0.286260295551269,-0.04168759431067329,-0.04203284895176971,-0.2956176986278577,-0.04448113062650367,-0.04484937236981987,-0.3049233721720835,-0.047361225969091335,-0.04775316596084842,-0.3141756833520938,-0.050327374805296435,-0.05074372037915404,-0.32337300869933144,-0.053379056502493076,-0.05382051105543612,-0.33251373439339854,-0.056515735419922754,-0.05698299828883903,-0.3415962565452275,-0.05973686100268124,-0.06023062734165134,-0.3506189814785097,-0.06304186787832247,-0.06356282853664372,-0.35958032600933165,-0.06643017595606224,-0.06697901735702792,-0.36847871772397056,-0.06990119052856462,-0.07047859454901986,-0.3773125952547998
1770565180.185037,15.26665644763011,11.353864713701933,0.8115656292924234,0.0,0.0,0.0,-3.956863884623258e-05,-4.008618382047011e-05,-0.010115766535947078,-0.00017349950589621167,-0.00017529989480415776,-0.02022989949947819,-0.00040176892726401117,-0.00040561757965120035,-0.030340624201377172,-0.0007243366758288921,-0.0007309989975216051,-0.04044616655046285,-0.0011411459782938054,-0.001151387227096159,-0.05054475336488218,-0.001652123525147191,-0.001666708676564201,-0.06063461268324389,-0.0022571794835263255,-0.002276873096536504,-0.07071397407553796,-0.0029562075129799577,-0.0029817735958809957,-0.08078106895378634,-0.0037490847841274754,-0.003781286660478552,-0.09083413088237052,-0.004635672000211317,-0.0046752721748955575,-0.10087139588798144,-0.005615813421538852,-0.005663573446969436,-0.11089110276913723,-0.006689336892809453,-0.006746017235302847,-0.12089149340521478,-0.007856053873321937,-0.007922413779661703,-0.13087081306494058,-0.009115759470057105,-0.009192556834271694,-0.1408273107142868,-0.01046823247362955,-0.01055622370400746,-0.15075923932371885,-0.01191323539710246,-0.01201317528346809,-0.1606648561747401,-0.013450514517658548,-0.01356315609893204,-0.17054242316568013,-0.015079799921119855,-0.015205894353184153,-0.18039020711667297,-0.0168008055493086,-0.016941101973206935,-0.19020648007377192,-0.018613229250240722,-0.018768474660727612,-0.19998951961214687,-0.020516752831143372,-0.02068769194561224,-0.20973760913831196,-0.022511042114287026,-0.02269841724209741,-0.2194490381913299,-0.024595746995622385,-0.024800297907849683,-0.22912210274294006,-0.02677050150621184,-0.02699296530584243,-0.23875510549655796,-0.029034923876444685,-0.02927603486903921,-0.2483463561850937,-0.0313886166030248,-0.03164910616787231,-0.2578941718675367,-0.033831166518719064,-0.03411176298050461,-0.2673968772242552,-0.036362144864854305,-0.03666357336586252,-0.27685280485095826,-0.03898110736654994,-0.03930408973942701,-0.286260295551269,-0.04168759431067329,-0.04203284895176971,-0.2956176986278577,-0.04448113062650367,-0.04484937236981987,-0.3049233721720835,-0.047361225969091335,-0.04775316596084842,-0.3141756833520938,-0.050327374805296435,-0.05074372037915404,-0.32337300869933144,-0.053379056502493076,-0.05382051105543612,-0.33251373439339854,-0.056515735419922754,-0.05698299828883903,-0.3415962565452275,-0.05973686100268124,-0.06023062734165134,-0.3506189814785097,-0.06304186787832247,-0.06356282853664372,-0.35958032600933165,-0.06643017595606224,-0.06697901735702792,-0.36847871772397056,-0.06990119052856462,-0.07047859454901986,-0.3773125952547998
1770565180.2395928,15.266935947133117,11.353977029064737,0.81117381442661,0.0,0.0,0.0,-3.956099408039164e-05,-4.0068422373096645e-05,-0.010115766991100972,-0.000173476386133523,-0.00017523456299789014,-0.020229901150306415,-0.000401722530431445,-0.00040547487044873155,-0.03034062849502661,-0.0007242592359728464,-0.0007307491176343764,-0.040446175640214826,-0.00114102977353241,-0.0011510004088536709,-0.05054477010941259,-0.001651960885610914,-0.0016661551897748522,-0.060634640645635715,-0.0022569627992843344,-0.0022761232603367145,-0.07071401752204637,-0.002955929241949687,-0.0029807977905693707,-0.08078113285235673,-0.0037487374599648655,-0.0037800553393318465,-0.09083422090090994,-0.004635248240179182,-0.004673755875963212,-0.10087151839238369,-0.005615305934350849,-0.0056617428048434445,-0.11089126482106235,-0.006688738486447129,-0.006743842992859751,-0.12089170275962335,-0.00785535746282233,-0.007919866799773478,-0.13087107816738364,-0.00911495808526839,-0.009189608111482329,-0.1408276406979519,-0.010467319266932238,-0.01055284437617203,-0.15075964400623318,-0.011912203651093634,-0.012009336643351128,-0.16066534605473146,-0.013449357652796668,-0.013558829605762027,-0.1705430094190967,-0.015078511503327651,-0.015201051644160963,-0.1803909015928628,-0.01679937929753159,-0.016935714874959054,-0.19020729529132308,-0.018611659043958888,-0.01876251520071602,-0.19999046875448961,-0.020515032717833576,-0.020681132363477787,-0.20973870604908382,-0.022509166316833716,-0.022691230000948588,-0.21945029736950503,-0.02459370991967418,-0.024792455705487666,-0.22912353933772403,-0.026768297747481587,-0.026984441085920324,-0.23875673530204955,-0.029032548227950625,-0.02926680183215241,-0.24834819563471489,-0.03138606406227041,-0.031639137782576904,-0.25789623802823236,-0.033828432294809294,-0.034101032994260816,-0.26739918779046407,-0.036359224385545785,-0.0366520558159001,-0.27685537813835687,-0.0389779962852329,-0.039291758963529703,-0.28626315049029,-0.04168428851328286,-0.042019679598975616,-0.2956208547569845,-0.04447762623835824,-0.04483533941103493,-0.30492684963092276,-0.047357519361655734,-0.04773824469936996,-0.3141795028742278,-0.05032346260286769,-0.05072788646110147,-0.3233771916049522,-0.05337493558880647,-0.05380374048008597,-0.3325183025817256,-0.05651140294467599,-0.0569652674188613,-0.34160123248671137,-0.05973231438797457,-0.06021191291324449,-0.3506243882068228,-0.06303710482501251,-0.06354310766956528,-0.3595861871131495,-0.06642519445002741,-0.06695826756451809,-0.36848505733854453,-0.06989598884688006,-0.07045679374761517,-0.3773194380533245
1770565180.288949,15.266774035723525,11.354195562935988,0.8111171919649498,0.0,0.0,0.0,-3.956099408039164e-05,-4.0068422373096645e-05,-0.010115766991100972,-0.000173476386133523,-0.00017523456299789014,-0.020229901150306415,-0.000401722530431445,-0.00040547487044873155,-0.03034062849502661,-0.0007242592359728464,-0.0007307491176343764,-0.040446175640214826,-0.00114102977353241,-0.0011510004088536709,-0.05054477010941259,-0.001651960885610914,-0.0016661551897748522,-0.060634640645635715,-0.0022569627992843344,-0.0022761232603367145,-0.07071401752204637,-0.002955929241949687,-0.0029807977905693707,-0.08078113285235673,-0.0037487374599648655,-0.0037800553393318465,-0.09083422090090994,-0.004635248240179182,-0.004673755875963212,-0.10087151839238369,-0.005615305934350849,-0.0056617428048434445,-0.11089126482106235,-0.006688738486447129,-0.006743842992859751,-0.12089170275962335,-0.00785535746282233,-0.007919866799773478,-0.13087107816738364,-0.00911495808526839,-0.009189608111482329,-0.1408276406979519,-0.010467319266932238,-0.01055284437617203,-0.15075964400623318,-0.011912203651093634,-0.012009336643351128,-0.16066534605473146,-0.013449357652796668,-0.013558829605762027,-0.1705430094190967,-0.015078511503327651,-0.015201051644160963,-0.1803909015928628,-0.01679937929753159,-0.016935714874959054,-0.19020729529132308,-0.018611659043958888,-0.01876251520071602,-0.19999046875448961,-0.020515032717833576,-0.020681132363477787,-0.20973870604908382,-0.022509166316833716,-0.022691230000948588,-0.21945029736950503,-0.02459370991967418,-0.024792455705487666,-0.22912353933772403,-0.026768297747481587,-0.026984441085920324,-0.23875673530204955,-0.029032548227950625,-0.02926680183215241,-0.24834819563471489,-0.03138606406227041,-0.031639137782576904,-0.25789623802823236,-0.033828432294809294,-0.034101032994260816,-0.26739918779046407,-0.036359224385545785,-0.0366520558159001,-0.27685537813835687,-0.0389779962852329,-0.039291758963529703,-0.28626315049029,-0.04168428851328286,-0.042019679598975616,-0.2956208547569845,-0.04447762623835824,-0.04483533941103493,-0.30492684963092276,-0.047357519361655734,-0.04773824469936996,-0.3141795028742278,-0.05032346260286769,-0.05072788646110147,-0.3233771916049522,-0.05337493558880647,-0.05380374048008597,-0.3325183025817256,-0.05651140294467599,-0.0569652674188613,-0.34160123248671137,-0.05973231438797457,-0.06021191291324449,-0.3506243882068228,-0.06303710482501251,-0.06354310766956528,-0.3595861871131495,-0.06642519445002741,-0.06695826756451809,-0.36848505733854453,-0.06989598884688006,-0.07045679374761517,-0.3773194380533245
1770565180.326954,15.266543429367312,11.354418117696504,0.8111252435606487,0.0,0.0,0.0,-3.9558766977556806e-05,-4.006022257446342e-05,-0.010115767201653263,-0.00017346977312720645,-0.00017520413518644855,-0.020229901885345507,-0.0004017093778768835,-0.000405408194034304,-0.0303406303724963,-0.0007242373985950768,-0.000730632184968114,-0.04044617958185739,-0.00114099711763751,-0.001150819230541906,-0.05054477734045139,-0.0016519152922935048,-0.001665895799988039,-0.06063465269435129,-0.0022569021676302897,-0.002275771722112025,-0.07071403621924613,-0.0029558514922329864,-0.0029803402011055165,-0.08078116033073839,-0.0037486405368375355,-0.0037794778352746995,-0.0908342595943188,-0.004635130115853274,-0.004673044638680792,-0.10087157103496414,-0.005615164611771398,-0.00566088406568886,-0.11089133444630354,-0.0066885720024550364,-0.006742823038420659,-0.1208917926992996,-0.007855163891306142,-0.007918671977106658,-0.1308711920503895,-0.009114735540303901,-0.009188224833331943,-0.14082778244903257,-0.010467065905908896,-0.010551259126170175,-0.1507598178446103,-0.011911917677826702,-0.012007535981199262,-0.16066555649262476,-0.013449037320624106,-0.013556800172391865,-0.17054326126014197,-0.01507815511819069,-0.015198780166873463,-0.18039119993042635,-0.016798985221037965,-0.01693318817254008,-0.19020764550671349,-0.018611225696427723,-0.018759720188527316,-0.19999087651506695,-0.020514558581320886,-0.02067805605852185,-0.20973917730626693,-0.022508649938137518,-0.022687859526906117,-0.21945083835667745,-0.024593149913318214,-0.02478877829772617,-0.22912415656803903,-0.02676769279867664,-0.02698044409647255,-0.23875743556613485,-0.029031897095532454,-0.02926247273466325,-0.24834898599827782,-0.031385365581613284,-0.031634464177217395,-0.25789712582956587,-0.033827685380714165,-0.034096002612607944,-0.2674001806378544,-0.03635842803510213,-0.03664665652578104,-0.2768564839073936,-0.038977149580653216,-0.039285978773829194,-0.2862643773210788,-0.04168339062470892,-0.04201350666440514,-0.29562221105126407,-0.04447667642663808,-0.04482876203686241,-0.30492834404908586,-0.047356516981090474,-0.04773125134610868,-0.314181144332248,-0.05032240710392723,-0.05072046574915692,-0.32337898927121633,-0.05337382652081311,-0.053795881194359345,-0.33252026587377337,-0.05651023995845511,-0.056956958513308384,-0.34160337106788263,-0.059731097238471365,-0.06020314351538869,-0.35062671198281375,-0.06303583337387395,-0.06353386708496356,-0.3595887062284782,-0.06642386866814846,-0.06694854528117852,-0.36848778217292716,-0.06989460881691341,-0.07044657944036502,-0.37732237921796297
